customer_id,category,affinity_score
CUST0001,Bakery,0.061791172241962206
CUST0001,Beverages,0.04668910104480477
CUST0001,Dairy,0.16151185248155822
CUST0001,Fuel,0.5332382679824338
CUST0001,Grocery,0.06163838864230225
CUST0001,Household,0.07317159165253091
CUST0001,Produce,0.02232207566313958
CUST0001,Snacks,0.039637550291268225
CUST0002,Bakery,0.2495421871156421
CUST0002,Beverages,0.12186477892876338
CUST0002,Dairy,0.0921821047548765
CUST0002,Fuel,0.05519264583959693
CUST0002,Grocery,0.28113810916445725
CUST0002,Household,0.02158325817002396
CUST0002,Produce,0.1784969160266397
CUST0003,Bakery,0.07016104273074883
CUST0003,Dairy,0.14376064082168075
CUST0003,Fuel,0.4557146445616679
CUST0003,Grocery,0.004337268692958218
CUST0003,Household,0.1574255491361746
CUST0003,Produce,0.08853721845432472
CUST0003,Snacks,0.08006363560244495
CUST0004,Bakery,0.11081276463905813
CUST0004,Fuel,0.41959197468853565
CUST0004,Household,0.1236938214114709
CUST0004,Snacks,0.34590143926093525
CUST0005,Beverages,0.2007613398358074
CUST0005,Dairy,0.0917353350353916
CUST0005,Fuel,0.47188546268976167
CUST0005,Grocery,0.10060234517130147
CUST0005,Produce,0.11857332864502912
CUST0005,Snacks,0.016442188622708718
CUST0006,Bakery,0.24468047442025137
CUST0006,Beverages,0.09759249424676934
CUST0006,Fuel,0.17870419543281998
CUST0006,Grocery,0.028075765622234024
CUST0006,Snacks,0.45094707027792535
CUST0007,Bakery,0.15703449988617313
CUST0007,Dairy,0.15311782114696082
CUST0007,Fuel,0.13074049545727354
CUST0007,Grocery,0.235766468676918
CUST0007,Produce,0.32334071483267457
CUST0008,Bakery,0.09650730121009349
CUST0008,Beverages,0.01358931865795316
CUST0008,Fuel,0.4600606610174791
CUST0008,Grocery,0.07880929301772928
CUST0008,Household,0.1818016947562615
CUST0008,Produce,0.08618242081235734
CUST0008,Snacks,0.08304931052812609
CUST0009,Bakery,0.10284479371316307
CUST0009,Dairy,0.0966836935166994
CUST0009,Fuel,0.5280078585461689
CUST0009,Grocery,0.08502161100196463
CUST0009,Household,0.10779567779960707
CUST0009,Produce,0.07964636542239685
CUST0010,Bakery,0.014457352563053692
CUST0010,Beverages,0.17092868329398564
CUST0010,Dairy,0.15880881699820013
CUST0010,Fuel,0.4986325705336481
CUST0010,Produce,0.1387064350996938
CUST0010,Snacks,0.01846614151141862
CUST0011,Bakery,0.08185077638269737
CUST0011,Beverages,0.15049145910869358
CUST0011,Dairy,0.2033727318582744
CUST0011,Grocery,0.27735061960656004
CUST0011,Produce,0.28693441304377465
CUST0012,Bakery,0.012866238283322527
CUST0012,Beverages,0.14800595413547132
CUST0012,Dairy,0.12681276896775334
CUST0012,Fuel,0.08553174556387431
CUST0012,Grocery,0.2203767022342746
CUST0012,Produce,0.30355774332370455
CUST0012,Snacks,0.10284884749159937
CUST0013,Bakery,0.11416571055586863
CUST0013,Beverages,0.07122383533542259
CUST0013,Dairy,0.197195318232864
CUST0013,Fuel,0.3653870322996525
CUST0013,Grocery,0.029344155291313106
CUST0013,Household,0.11331838692283679
CUST0013,Produce,0.0749131391921641
CUST0013,Snacks,0.034452422169878254
CUST0014,Bakery,0.2780307402894461
CUST0014,Beverages,0.025331879689604306
CUST0014,Dairy,0.18563885504179223
CUST0014,Fuel,0.0762735415464204
CUST0014,Grocery,0.07378667065706122
CUST0014,Household,0.11936267698468685
CUST0014,Produce,0.2415756357909888
CUST0015,Bakery,0.2246786953938522
CUST0015,Beverages,0.14052346852622033
CUST0015,Dairy,0.052034147409237314
CUST0015,Fuel,0.21852465680602898
CUST0015,Produce,0.14027330435598362
CUST0015,Snacks,0.22396572750867758
CUST0016,Bakery,0.12878830369996447
CUST0016,Dairy,0.3476639183352964
CUST0016,Fuel,0.2050965655205938
CUST0016,Grocery,0.12803111036326584
CUST0016,Produce,0.19042010208087945
CUST0017,Bakery,0.4083764140325442
CUST0017,Beverages,0.03544381068655691
CUST0017,Dairy,0.17805841170523262
CUST0017,Fuel,0.30830201636748633
CUST0017,Household,0.009986455809694587
CUST0017,Snacks,0.059832891398485334
CUST0018,Bakery,0.28175902037044165
CUST0018,Beverages,0.06769609919519427
CUST0018,Dairy,0.23060828937065986
CUST0018,Fuel,0.02547267896337941
CUST0018,Grocery,0.1415213010384176
CUST0018,Household,0.09017161487414481
CUST0018,Produce,0.09886146302642895
CUST0018,Snacks,0.06390953316133338
CUST0019,Bakery,0.024209453756707234
CUST0019,Beverages,0.019250364060156296
CUST0019,Dairy,0.21755272859260685
CUST0019,Fuel,0.4834106642293951
CUST0019,Grocery,0.1227352834421505
CUST0019,Produce,0.08619370186862348
CUST0019,Snacks,0.046647804050360564
CUST0020,Bakery,0.1660693164319668
CUST0020,Beverages,0.08088553638777926
CUST0020,Dairy,0.2070209109777054
CUST0020,Fuel,0.046325514963511796
CUST0020,Grocery,0.1734963958133411
CUST0020,Household,0.02164743689883729
CUST0020,Produce,0.26860675310763465
CUST0020,Snacks,0.03594813541922382
CUST0021,Bakery,0.049218061529153354
CUST0021,Fuel,0.32346209998816244
CUST0021,Grocery,0.06656012837206855
CUST0021,Household,0.07144642176011785
CUST0021,Produce,0.15084375698746533
CUST0021,Snacks,0.33846953136303254
CUST0022,Bakery,0.05020562726495379
CUST0022,Dairy,0.12985056394804348
CUST0022,Fuel,0.4366491578104429
CUST0022,Grocery,0.13441101022028584
CUST0022,Household,0.24030565848229435
CUST0022,Produce,0.008577982273979668
CUST0023,Bakery,0.0805669251570408
CUST0023,Beverages,0.07472721724765623
CUST0023,Fuel,0.3720472648070792
CUST0023,Grocery,0.07713675438504193
CUST0023,Produce,0.0760003787918644
CUST0023,Snacks,0.3195214596113175
CUST0024,Bakery,0.038193734357805764
CUST0024,Dairy,0.12182652137076748
CUST0024,Grocery,0.4214165376337804
CUST0024,Household,0.13019174773827263
CUST0024,Produce,0.19116343840992533
CUST0024,Snacks,0.09720802048944852
CUST0025,Bakery,0.03587125374152237
CUST0025,Beverages,0.05864244307202667
CUST0025,Dairy,0.041256204296593796
CUST0025,Fuel,0.35361648922062666
CUST0025,Grocery,0.17084075323002312
CUST0025,Household,0.2057268972833706
CUST0025,Produce,0.09107528511347707
CUST0025,Snacks,0.04297067404235972
CUST0026,Bakery,0.1769524988332691
CUST0026,Beverages,0.060959154272264275
CUST0026,Dairy,0.18069111052492745
CUST0026,Fuel,0.17115942617129637
CUST0026,Grocery,0.05836190978633607
CUST0026,Household,0.19886167644015176
CUST0026,Produce,0.15301422397175496
CUST0027,Bakery,0.20626763752917815
CUST0027,Beverages,0.05914596615917035
CUST0027,Dairy,0.2258474723896457
CUST0027,Grocery,0.09815466443693457
CUST0027,Household,0.08679116004134295
CUST0027,Produce,0.2541313916083104
CUST0027,Snacks,0.06966170783541789
CUST0028,Bakery,0.19642893644855994
CUST0028,Dairy,0.08414586782772225
CUST0028,Fuel,0.1294433883199444
CUST0028,Grocery,0.14369084851086447
CUST0028,Household,0.18274871731976045
CUST0028,Produce,0.2635422415731486
CUST0029,Bakery,0.16419860008802692
CUST0029,Beverages,0.12535317251856373
CUST0029,Dairy,0.4071670949696875
CUST0029,Grocery,0.1455922649894226
CUST0029,Household,0.07967855976601876
CUST0029,Produce,0.07801030766828049
CUST0030,Beverages,0.11344681993823386
CUST0030,Dairy,0.2726811583391768
CUST0030,Fuel,0.40601548629656703
CUST0030,Snacks,0.20785653542602234
CUST0031,Bakery,0.11668794895578137
CUST0031,Dairy,0.3323697378327004
CUST0031,Grocery,0.24559622991527294
CUST0031,Household,0.013222748618037676
CUST0031,Produce,0.2921233346782076
CUST0032,Bakery,0.04297810412118806
CUST0032,Beverages,0.06157967850764041
CUST0032,Dairy,0.01205265595025468
CUST0032,Fuel,0.6168551961367996
CUST0032,Grocery,0.08290666137461136
CUST0032,Household,0.056095786200965794
CUST0032,Produce,0.06201627307005358
CUST0032,Snacks,0.06551564463848647
CUST0033,Bakery,0.20837161952232056
CUST0033,Dairy,0.2658570928057221
CUST0033,Fuel,0.029965691167624094
CUST0033,Grocery,0.24946950215834945
CUST0033,Produce,0.075459599531972
CUST0033,Snacks,0.17087649481401176
CUST0034,Bakery,0.3140210687335192
CUST0034,Beverages,0.04183064082211639
CUST0034,Dairy,0.22852327654824953
CUST0034,Fuel,0.0576344143399012
CUST0034,Grocery,0.20063766491909127
CUST0034,Produce,0.09071828461911305
CUST0034,Snacks,0.06663465001800936
CUST0035,Bakery,0.23038125891760958
CUST0035,Dairy,0.06667330302728651
CUST0035,Grocery,0.4666522878853237
CUST0035,Household,0.10990919246551858
CUST0035,Produce,0.12638395770426164
CUST0036,Bakery,0.3068059678575085
CUST0036,Beverages,0.016493499846453066
CUST0036,Dairy,0.014113522366670078
CUST0036,Fuel,0.4416201760671512
CUST0036,Grocery,0.07311393182516122
CUST0036,Household,0.06597399938581226
CUST0036,Snacks,0.08187890265124373
CUST0037,Bakery,0.04594737002097498
CUST0037,Beverages,0.08770987648066148
CUST0037,Dairy,0.019556384196820317
CUST0037,Fuel,0.36237067960968294
CUST0037,Grocery,0.06579254020204887
CUST0037,Household,0.16939577865820912
CUST0037,Produce,0.06037146997132406
CUST0037,Snacks,0.18885590086027826
CUST0038,Bakery,0.29697953639889435
CUST0038,Beverages,0.04067784020670519
CUST0038,Dairy,0.2591773176076103
CUST0038,Grocery,0.15514030591942954
CUST0038,Produce,0.1760495752887559
CUST0038,Snacks,0.07197542457860474
CUST0039,Bakery,0.2127759848368424
CUST0039,Dairy,0.24070488192203268
CUST0039,Fuel,0.01701757082116695
CUST0039,Grocery,0.2868705496644639
CUST0039,Produce,0.182757030889811
CUST0039,Snacks,0.05987398186568311
CUST0040,Bakery,0.04599169118231693
CUST0040,Beverages,0.10973900771249105
CUST0040,Dairy,0.08181601335771646
CUST0040,Fuel,0.43502524449391744
CUST0040,Grocery,0.019629084837401608
CUST0040,Household,0.014540430945376482
CUST0040,Produce,0.17689532479923673
CUST0040,Snacks,0.11636320267154329
CUST0041,Bakery,0.0513191577334444
CUST0041,Beverages,0.05686454539374076
CUST0041,Dairy,0.30248508764995957
CUST0041,Fuel,0.026194660132189393
CUST0041,Grocery,0.14326800882884086
CUST0041,Household,0.05929673296404618
CUST0041,Produce,0.2957479280802135
CUST0041,Snacks,0.06482387921756526
CUST0042,Bakery,0.2851181314758104
CUST0042,Dairy,0.3111959126033353
CUST0042,Fuel,0.05464671627818415
CUST0042,Grocery,0.09336274058676991
CUST0042,Produce,0.24955175094806653
CUST0042,Snacks,0.0061247481078336476
CUST0043,Bakery,0.17288647198332655
CUST0043,Beverages,0.016505761445032702
CUST0043,Dairy,0.2238698703974319
CUST0043,Fuel,0.0608341518338404
CUST0043,Grocery,0.28222696020889726
CUST0043,Household,0.08189636585774861
CUST0043,Produce,0.10465467263972403
CUST0043,Snacks,0.05712574563399851
CUST0044,Bakery,0.15787871209073215
CUST0044,Dairy,0.4416558833443885
CUST0044,Fuel,0.008438176223046224
CUST0044,Grocery,0.25827778563117776
CUST0044,Produce,0.13374944271065536
CUST0045,Bakery,0.08402118168300306
CUST0045,Beverages,0.1379464692137286
CUST0045,Dairy,0.10055988832579735
CUST0045,Fuel,0.15545625587958606
CUST0045,Grocery,0.43870816010681873
CUST0045,Produce,0.06555548811944284
CUST0045,Snacks,0.017752556671623218
CUST0046,Bakery,0.0524200114850908
CUST0046,Beverages,0.12658455683834305
CUST0046,Fuel,0.5982875215345452
CUST0046,Produce,0.2054459900748245
CUST0046,Snacks,0.017261920067196353
CUST0047,Bakery,0.4772310479683599
CUST0047,Dairy,0.21488911965944157
CUST0047,Grocery,0.007269272409907422
CUST0047,Produce,0.3006105599622911
CUST0048,Bakery,0.23289467848521522
CUST0048,Dairy,0.07302114286800439
CUST0048,Fuel,0.3853045345971324
CUST0048,Grocery,0.06266829710259708
CUST0048,Household,0.06729983336606878
CUST0048,Produce,0.09779447637029481
CUST0048,Snacks,0.08101703721068738
CUST0049,Bakery,0.22102557661771433
CUST0049,Beverages,0.039244094770743435
CUST0049,Dairy,0.15501170729081626
CUST0049,Fuel,0.09965102405153003
CUST0049,Grocery,0.22438076954130745
CUST0049,Produce,0.18722694201975437
CUST0049,Snacks,0.0734598857081341
CUST0050,Bakery,0.027854104553499185
CUST0050,Beverages,0.10705461343072391
CUST0050,Dairy,0.12332916480958213
CUST0050,Fuel,0.37840820088534255
CUST0050,Grocery,0.20656261223642022
CUST0050,Household,0.06791520443796328
CUST0050,Produce,0.01313734059723839
CUST0050,Snacks,0.07573875904923041
CUST0051,Beverages,0.37250206929171104
CUST0051,Dairy,0.2521875369516377
CUST0051,Fuel,0.02628000472980963
CUST0051,Produce,0.25452288045406174
CUST0051,Snacks,0.09450750857277995
CUST0052,Dairy,0.06826787496633344
CUST0052,Fuel,0.2363472171612351
CUST0052,Grocery,0.3236109570810691
CUST0052,Household,0.04912942220250637
CUST0052,Produce,0.14344333718848523
CUST0052,Snacks,0.17920119140037072
CUST0053,Bakery,0.1626315789473684
CUST0053,Beverages,0.031447368421052634
CUST0053,Dairy,0.14375
CUST0053,Fuel,0.1856140350877193
CUST0053,Household,0.03629385964912281
CUST0053,Produce,0.4402631578947368
CUST0054,Bakery,0.06990319147138827
CUST0054,Beverages,0.10441129263883492
CUST0054,Dairy,0.15732653026744836
CUST0054,Fuel,0.34985385798036794
CUST0054,Grocery,0.05848637415736032
CUST0054,Household,0.060450421531027726
CUST0054,Produce,0.07838027336160436
CUST0054,Snacks,0.12118805859196809
CUST0055,Bakery,0.34915009804869895
CUST0055,Fuel,0.12413932588221843
CUST0055,Grocery,0.19228976688152374
CUST0055,Household,0.110834601078096
CUST0055,Produce,0.12199368619140159
CUST0055,Snacks,0.10159252191806119
CUST0056,Bakery,0.04494304532236003
CUST0056,Beverages,0.05208680559546661
CUST0056,Dairy,0.12197841354498327
CUST0056,Fuel,0.35071667490430924
CUST0056,Grocery,0.1511109323095668
CUST0056,Household,0.14918562282325082
CUST0056,Produce,0.0584317061115645
CUST0056,Snacks,0.07154679938849873
CUST0057,Bakery,0.08080183359406265
CUST0057,Beverages,0.09194164514133955
CUST0057,Dairy,0.08636810128424346
CUST0057,Grocery,0.1930003274275112
CUST0057,Household,0.10770909884672755
CUST0057,Produce,0.4401789937061157
CUST0058,Bakery,0.1749416325743783
CUST0058,Beverages,0.12462784072654058
CUST0058,Dairy,0.23176687300533338
CUST0058,Grocery,0.18281855762846186
CUST0058,Produce,0.2628943817336732
CUST0058,Snacks,0.022950714331612655
CUST0059,Bakery,0.09814087498340764
CUST0059,Beverages,0.1587166493585589
CUST0059,Dairy,0.039446869314677016
CUST0059,Fuel,0.0791045591898244
CUST0059,Grocery,0.11369474744477673
CUST0059,Produce,0.4010744040415082
CUST0059,Snacks,0.10982189566724708
CUST0060,Bakery,0.22467754578493554
CUST0060,Dairy,0.4812014537162403
CUST0060,Fuel,0.04735266870947054
CUST0060,Grocery,0.04370412598874083
CUST0060,Household,0.07454571367490914
CUST0060,Produce,0.1285184921257037
CUST0061,Bakery,0.038845386897524446
CUST0061,Beverages,0.16452993531443022
CUST0061,Dairy,0.03616555614999271
CUST0061,Fuel,0.377199552550946
CUST0061,Grocery,0.15567822576722926
CUST0061,Household,0.0984825640776227
CUST0061,Produce,0.01644375273576188
CUST0061,Snacks,0.11265502650649288
CUST0062,Bakery,0.28579948854955595
CUST0062,Beverages,0.20625505527096252
CUST0062,Dairy,0.11876925088033204
CUST0062,Grocery,0.21994003120991526
CUST0062,Household,0.015376193860960645
CUST0062,Produce,0.15385998022827355
CUST0063,Bakery,0.2381321296157221
CUST0063,Beverages,0.03983493679692009
CUST0063,Dairy,0.12384483426484422
CUST0063,Fuel,0.0742151987794177
CUST0063,Grocery,0.19400460089962607
CUST0063,Household,0.044024759480461986
CUST0063,Produce,0.28594354016300777
CUST0064,Dairy,0.25354576694782877
CUST0064,Fuel,0.18149015932521084
CUST0064,Grocery,0.27649172133708216
CUST0064,Produce,0.2884723523898782
CUST0065,Bakery,0.0977175232699312
CUST0065,Beverages,0.07779036827195468
CUST0065,Fuel,0.5706758397409956
CUST0065,Grocery,0.2029623634156212
CUST0065,Snacks,0.05085390530149737
CUST0066,Bakery,0.12038569843843332
CUST0066,Beverages,0.04214238985123873
CUST0066,Dairy,0.3193901641209432
CUST0066,Fuel,0.07000028443837643
CUST0066,Grocery,0.3252723497454277
CUST0066,Household,0.027624655118468587
CUST0066,Produce,0.0834599084108428
CUST0066,Snacks,0.011724549876269306
CUST0067,Bakery,0.057839524983608975
CUST0067,Beverages,0.04621344340711601
CUST0067,Dairy,0.2659408445761882
CUST0067,Fuel,0.034518103997562125
CUST0067,Grocery,0.2767496837225623
CUST0067,Produce,0.22425686345125634
CUST0067,Snacks,0.09448153586170595
CUST0068,Bakery,0.07690840422691031
CUST0068,Beverages,0.14675924159768053
CUST0068,Dairy,0.10114574193466346
CUST0068,Fuel,0.007826905225142742
CUST0068,Grocery,0.37255051564745234
CUST0068,Household,0.1289945192588919
CUST0068,Produce,0.12956039624105087
CUST0068,Snacks,0.03625427586820789
CUST0069,Bakery,0.38938945319063867
CUST0069,Dairy,0.1376555048875034
CUST0069,Fuel,0.023507529710342267
CUST0069,Grocery,0.08040768789509975
CUST0069,Household,0.03978955053510484
CUST0069,Produce,0.1911601953842499
CUST0069,Snacks,0.1380900783970611
CUST0070,Dairy,0.1392524754579066
CUST0070,Grocery,0.43861289362968003
CUST0070,Household,0.08810717776550084
CUST0070,Produce,0.12110620033147763
CUST0070,Snacks,0.21292125281543495
CUST0071,Bakery,0.35292214395326055
CUST0071,Beverages,0.05524432858172943
CUST0071,Dairy,0.22346404866234032
CUST0071,Grocery,0.1062454933717899
CUST0071,Household,0.08043522473052675
CUST0071,Produce,0.18168876070035314
CUST0072,Bakery,0.14472141369273428
CUST0072,Fuel,0.494916610337835
CUST0072,Grocery,0.302685850657323
CUST0072,Household,0.025354871639237973
CUST0072,Snacks,0.03232125367286973
CUST0073,Bakery,0.08921617794560151
CUST0073,Beverages,0.10314767832910497
CUST0073,Dairy,0.19917104253938284
CUST0073,Fuel,0.36752905776151984
CUST0073,Grocery,0.1038704348339135
CUST0073,Household,0.028585757271815445
CUST0073,Produce,0.09170895038055342
CUST0073,Snacks,0.01677090093810844
CUST0074,Fuel,0.7523974581166956
CUST0074,Grocery,0.019872905834777584
CUST0074,Household,0.22772963604852686
CUST0075,Bakery,0.049912810738472764
CUST0075,Beverages,0.04013950281844357
CUST0075,Dairy,0.2370574638063182
CUST0075,Fuel,0.21573462021979806
CUST0075,Grocery,0.18632547954093842
CUST0075,Household,0.21133865931302973
CUST0075,Produce,0.006885924003406464
CUST0075,Snacks,0.052605539559592844
CUST0076,Bakery,0.036532040069963426
CUST0076,Beverages,0.475314040387979
CUST0076,Grocery,0.17510733025918268
CUST0076,Household,0.3130465892828749
CUST0077,Beverages,0.20142890066835678
CUST0077,Fuel,0.2664899746485365
CUST0077,Household,0.13627563954828303
CUST0077,Produce,0.3958054851348237
CUST0078,Bakery,0.07139805074572202
CUST0078,Beverages,0.12119254481453598
CUST0078,Dairy,0.2767818992003581
CUST0078,Fuel,0.24881986692982275
CUST0078,Grocery,0.035861802348057865
CUST0078,Household,0.1717042749303111
CUST0078,Produce,0.07424156103119213
CUST0079,Bakery,0.23716033575188505
CUST0079,Beverages,0.006960175974260482
CUST0079,Dairy,0.15390087221073137
CUST0079,Grocery,0.036584698556529544
CUST0079,Produce,0.5403329065300897
CUST0079,Snacks,0.025061010976503935
CUST0080,Bakery,0.5336224646252246
CUST0080,Beverages,0.2801726026197047
CUST0080,Fuel,0.18620493275507077
CUST0081,Bakery,0.5378037050976456
CUST0081,Grocery,0.4621962949023544
CUST0082,Bakery,0.12335875376557116
CUST0082,Beverages,0.06447743371237821
CUST0082,Dairy,0.13678725540749587
CUST0082,Fuel,0.4098298368930985
CUST0082,Grocery,0.10677124324911118
CUST0082,Household,0.054148234591689964
CUST0082,Produce,0.06966103074877196
CUST0082,Snacks,0.034966211631883196
CUST0083,Bakery,0.3576337018225276
CUST0083,Beverages,0.03015760382432029
CUST0083,Dairy,0.1783188925405836
CUST0083,Grocery,0.25665396872821433
CUST0083,Produce,0.11985235534309333
CUST0083,Snacks,0.05738347774126083
CUST0084,Bakery,0.10041878385169467
CUST0084,Dairy,0.14145960131777316
CUST0084,Fuel,0.4656541403763471
CUST0084,Grocery,0.010441677368920654
CUST0084,Household,0.18631972751130715
CUST0084,Produce,0.008978725780333909
CUST0084,Snacks,0.0867273437936233
CUST0085,Bakery,0.15122099344689438
CUST0085,Beverages,0.0540998540489181
CUST0085,Dairy,0.290805081840355
CUST0085,Fuel,0.013615570727502474
CUST0085,Grocery,0.26171771689408263
CUST0085,Produce,0.1606735299591533
CUST0085,Snacks,0.06786725308309416
CUST0086,Bakery,0.09734682975605077
CUST0086,Beverages,0.14519155697398878
CUST0086,Fuel,0.5542756174065501
CUST0086,Grocery,0.05190598161820099
CUST0086,Household,0.114023312833016
CUST0086,Produce,0.037256701412193345
CUST0087,Bakery,0.2070198655802058
CUST0087,Beverages,0.014966097662523048
CUST0087,Dairy,0.04957473383691192
CUST0087,Fuel,0.4791530363409267
CUST0087,Household,0.092815083566288
CUST0087,Produce,0.07161868792006186
CUST0087,Snacks,0.08485249509308274
CUST0088,Bakery,0.17546597438963918
CUST0088,Beverages,0.33815593734503985
CUST0088,Fuel,0.34619199019922414
CUST0088,Grocery,0.01944112242219176
CUST0088,Household,0.12074497564390516
CUST0089,Bakery,0.19726036585950152
CUST0089,Beverages,0.06347921078605173
CUST0089,Dairy,0.18152591584656516
CUST0089,Fuel,0.029954866467989692
CUST0089,Grocery,0.1767298791647901
CUST0089,Household,0.029121189762066756
CUST0089,Produce,0.29565817338558986
CUST0089,Snacks,0.026270398727445212
CUST0090,Bakery,0.030801949670814975
CUST0090,Beverages,0.0074130229055793554
CUST0090,Dairy,0.0818688754795315
CUST0090,Fuel,0.3923458121762844
CUST0090,Grocery,0.014332522666449585
CUST0090,Household,0.23273940960385864
CUST0090,Produce,0.11380033172895912
CUST0090,Snacks,0.12669807576852238
CUST0091,Bakery,0.25733901362105416
CUST0091,Dairy,0.28725749416563773
CUST0091,Fuel,0.006787900728568012
CUST0091,Grocery,0.15289584774415435
CUST0091,Household,0.1564126267882886
CUST0091,Produce,0.13930711695229722
CUST0092,Beverages,0.26380138481691723
CUST0092,Dairy,0.48137982658598966
CUST0092,Grocery,0.2548187885970931
CUST0093,Bakery,0.057370753046752786
CUST0093,Beverages,0.056021844819349347
CUST0093,Dairy,0.1012336889829794
CUST0093,Fuel,0.425252686107182
CUST0093,Grocery,0.07747323260236247
CUST0093,Household,0.15474974942156192
CUST0093,Produce,0.028509737431266568
CUST0093,Snacks,0.09938830758854551
CUST0094,Bakery,0.29187163808560523
CUST0094,Dairy,0.1775167425252479
CUST0094,Fuel,0.1312813203990621
CUST0094,Grocery,0.252340888541523
CUST0094,Produce,0.13018558533707264
CUST0094,Snacks,0.01680382511148913
CUST0095,Bakery,0.15600069372181755
CUST0095,Dairy,0.332301422129726
CUST0095,Grocery,0.14677419354838708
CUST0095,Household,0.05300901838362816
CUST0095,Produce,0.2343479014915019
CUST0095,Snacks,0.0775667707249393
CUST0096,Bakery,0.22453871858201366
CUST0096,Beverages,0.00791805898590731
CUST0096,Dairy,0.16213860235362487
CUST0096,Fuel,0.13438907453145432
CUST0096,Household,0.08496476826964985
CUST0096,Produce,0.38605077727735
CUST0097,Beverages,0.1419058722206468
CUST0097,Dairy,0.24655764565018748
CUST0097,Fuel,0.14673724674669944
CUST0097,Grocery,0.2228524015082291
CUST0097,Produce,0.13578263015828004
CUST0097,Snacks,0.10616420371595718
CUST0098,Bakery,0.11652092855006226
CUST0098,Beverages,0.1701414251031297
CUST0098,Fuel,0.09746714805462224
CUST0098,Grocery,0.3776182426557033
CUST0098,Household,0.0381006045175338
CUST0098,Produce,0.06125870428727453
CUST0098,Snacks,0.13889294683167422
CUST0099,Dairy,0.2572313699438031
CUST0099,Fuel,0.42469681460441844
CUST0099,Household,0.08685100700258275
CUST0099,Snacks,0.23122080844919565
CUST0100,Bakery,0.3554208432033793
CUST0100,Beverages,0.0036874102944093727
CUST0100,Dairy,0.09826481673804217
CUST0100,Fuel,0.06027048788172281
CUST0100,Grocery,0.10237231174953616
CUST0100,Household,0.049990081333068835
CUST0100,Produce,0.2511698192468815
CUST0100,Snacks,0.07882422955295984
CUST0101,Dairy,0.04016206365775552
CUST0101,Fuel,0.7612038003573892
CUST0101,Produce,0.011818616089595016
CUST0101,Snacks,0.18681551989526016
CUST0102,Beverages,0.17397459121609463
CUST0102,Fuel,0.13016303369842963
CUST0102,Grocery,0.10272682558153483
CUST0102,Household,0.027784109312955118
CUST0102,Produce,0.2620055904123229
CUST0102,Snacks,0.30334584977866286
CUST0103,Bakery,0.16707123883410935
CUST0103,Beverages,0.16378245863425273
CUST0103,Dairy,0.1496997331630717
CUST0103,Fuel,0.33485323968943315
CUST0103,Household,0.03948945602611749
CUST0103,Produce,0.027033050433986468
CUST0103,Snacks,0.11807082321902915
CUST0104,Bakery,0.1360212701511123
CUST0104,Dairy,0.2240837343923535
CUST0104,Fuel,0.04542792716992562
CUST0104,Grocery,0.16174065223976036
CUST0104,Household,0.0793053545586107
CUST0104,Produce,0.23257833271631942
CUST0104,Snacks,0.12084272877191801
CUST0105,Beverages,0.13892644491202938
CUST0105,Dairy,0.15758606795899183
CUST0105,Fuel,0.46852307830057754
CUST0105,Grocery,0.062255450597663076
CUST0105,Household,0.040802256345973044
CUST0105,Produce,0.06671889689752429
CUST0105,Snacks,0.06518780498724092
CUST0106,Bakery,0.4569257477872329
CUST0106,Dairy,0.16054301733215698
CUST0106,Fuel,0.3825312348806102
CUST0107,Bakery,0.18595384089911032
CUST0107,Beverages,0.041393555942292985
CUST0107,Dairy,0.17778898232031617
CUST0107,Grocery,0.3104001648152064
CUST0107,Household,0.056031748613437855
CUST0107,Produce,0.1936958183562936
CUST0107,Snacks,0.03473588905334266
CUST0108,Bakery,0.11525451957126032
CUST0108,Beverages,0.07939932032944592
CUST0108,Dairy,0.00891026683215627
CUST0108,Fuel,0.4187230600243476
CUST0108,Grocery,0.19952335822286374
CUST0108,Household,0.0043341885391841575
CUST0108,Produce,0.07641733516799441
CUST0108,Snacks,0.0974379513127476
CUST0109,Bakery,0.15547703180212014
CUST0109,Beverages,0.2087936664132039
CUST0109,Dairy,0.2182612455457649
CUST0109,Grocery,0.2583829076650117
CUST0109,Household,0.13698916074011122
CUST0109,Produce,0.022095987833788074
CUST0110,Bakery,0.05543214617287791
CUST0110,Beverages,0.03738413155170151
CUST0110,Dairy,0.04875831798142216
CUST0110,Fuel,0.4963763008618134
CUST0110,Grocery,0.10157051266471914
CUST0110,Household,0.10724788435271644
CUST0110,Produce,0.07956583661029801
CUST0110,Snacks,0.0736648698044515
CUST0111,Bakery,0.2060576509761402
CUST0111,Beverages,0.029447805529001916
CUST0111,Dairy,0.22304627603949467
CUST0111,Grocery,0.32957804310029576
CUST0111,Household,0.08777883992326889
CUST0111,Produce,0.12409138443179848
CUST0112,Bakery,0.09940357852882703
CUST0112,Beverages,0.05628696335838871
CUST0112,Dairy,0.2654000430665378
CUST0112,Grocery,0.32780145324526394
CUST0112,Produce,0.2209313389186293
CUST0112,Snacks,0.030176622882353236
CUST0113,Fuel,0.045613193722857215
CUST0113,Grocery,0.2365651559960568
CUST0113,Produce,0.7178216502810859
CUST0114,Bakery,0.18825868564252826
CUST0114,Dairy,0.07390819031672945
CUST0114,Fuel,0.29695130459048413
CUST0114,Grocery,0.16839681875261614
CUST0114,Household,0.052748709362355234
CUST0114,Produce,0.050062787777312684
CUST0114,Snacks,0.16967350355797403
CUST0115,Bakery,0.08761128618066638
CUST0115,Beverages,0.11346127362426382
CUST0115,Dairy,0.03367546154905503
CUST0115,Fuel,0.38748248179321626
CUST0115,Grocery,0.06885769140412984
CUST0115,Household,0.010474469998298808
CUST0115,Produce,0.22530236627431283
CUST0115,Snacks,0.07313496917605697
CUST0116,Bakery,0.17339213153089433
CUST0116,Beverages,0.08811790433985552
CUST0116,Dairy,0.2007823720886592
CUST0116,Fuel,0.10757616219064185
CUST0116,Grocery,0.2679840927298579
CUST0116,Household,0.1285284331627608
CUST0116,Produce,0.03361890395733041
CUST0117,Dairy,0.27572873289708505
CUST0117,Grocery,0.26852750555746896
CUST0117,Produce,0.0552302827264473
CUST0117,Snacks,0.40051347881899874
CUST0118,Bakery,0.027476631010889468
CUST0118,Beverages,0.14502625999807267
CUST0118,Dairy,0.03171677748867688
CUST0118,Fuel,0.3487640936686904
CUST0118,Grocery,0.17966416112556616
CUST0118,Produce,0.011232774404933988
CUST0118,Snacks,0.2561193023031705
CUST0119,Bakery,0.02943913556737008
CUST0119,Beverages,0.12371933513136238
CUST0119,Dairy,0.13224130354234703
CUST0119,Fuel,0.3526233703566474
CUST0119,Grocery,0.011882501960311237
CUST0119,Household,0.09378042790793863
CUST0119,Produce,0.1650065056482814
CUST0119,Snacks,0.09130741988574187
CUST0120,Bakery,0.19950564703198084
CUST0120,Beverages,0.10882610183671142
CUST0120,Fuel,0.40064646157356354
CUST0120,Grocery,0.14294406206031107
CUST0120,Household,0.05186903449062631
CUST0120,Produce,0.09620869300680687
CUST0121,Bakery,0.057296714622741864
CUST0121,Beverages,0.1960919659784505
CUST0121,Dairy,0.06520639393323341
CUST0121,Fuel,0.40576229357060795
CUST0121,Grocery,0.05103705209608866
CUST0121,Household,0.058199732404154825
CUST0121,Produce,0.0647761603305707
CUST0121,Snacks,0.10162968706415208
CUST0122,Beverages,0.07457375166107344
CUST0122,Dairy,0.26286628077208946
CUST0122,Fuel,0.3161782923038807
CUST0122,Produce,0.3463816752629563
CUST0123,Bakery,0.12141650855868065
CUST0123,Dairy,0.15273231449242122
CUST0123,Fuel,0.4418927089631591
CUST0123,Household,0.016335508621228866
CUST0123,Produce,0.143464754081271
CUST0123,Snacks,0.12415820528323918
CUST0124,Bakery,0.30592958308398166
CUST0124,Beverages,0.006931976860163575
CUST0124,Dairy,0.3793470310525966
CUST0124,Grocery,0.112366181262052
CUST0124,Produce,0.16719861692931712
CUST0124,Snacks,0.028226610811889093
CUST0125,Bakery,0.05072268859978199
CUST0125,Beverages,0.03217769220968587
CUST0125,Dairy,0.2811902773255567
CUST0125,Fuel,0.5652543212672887
CUST0125,Grocery,0.013222157731564717
CUST0125,Household,0.05743286286612211
CUST0126,Bakery,0.2877373422832667
CUST0126,Dairy,0.19916401248166835
CUST0126,Fuel,0.18221168444378402
CUST0126,Grocery,0.2922726068726702
CUST0126,Household,0.014400434144986337
CUST0126,Produce,0.0242139197736244
CUST0127,Bakery,0.27372876604810226
CUST0127,Dairy,0.25559931602848013
CUST0127,Grocery,0.0957139653529181
CUST0127,Household,0.08201351124067949
CUST0127,Produce,0.23963530862813257
CUST0127,Snacks,0.053309132701687495
CUST0128,Beverages,0.03786626596543952
CUST0128,Dairy,0.21681066867017282
CUST0128,Fuel,0.20234785875281744
CUST0128,Household,0.259053343350864
CUST0128,Snacks,0.28392186326070623
CUST0129,Bakery,0.38473865159373
CUST0129,Dairy,0.21120564069692904
CUST0129,Fuel,0.09396305576598099
CUST0129,Grocery,0.3100926519433599
CUST0130,Beverages,0.25738595334526393
CUST0130,Fuel,0.49828890772660195
CUST0130,Grocery,0.24432513892813412
CUST0131,Bakery,0.12784658022753262
CUST0131,Beverages,0.208481113243018
CUST0131,Dairy,0.2124929743977363
CUST0131,Fuel,0.11524894858228192
CUST0131,Grocery,0.20250208345446438
CUST0131,Produce,0.13342830009496676
CUST0132,Bakery,0.23845079827596674
CUST0132,Beverages,0.02788979368837318
CUST0132,Fuel,0.5548820147253949
CUST0132,Grocery,0.08847377960472115
CUST0132,Produce,0.09030361370554414
CUST0133,Bakery,0.010321450709907216
CUST0133,Beverages,0.18033512737004714
CUST0133,Dairy,0.10874420709808824
CUST0133,Fuel,0.36616551710566453
CUST0133,Grocery,0.17278344632156878
CUST0133,Produce,0.10619582222309684
CUST0133,Snacks,0.05545442917162733
CUST0134,Beverages,0.027806884119204553
CUST0134,Dairy,0.14311306405272942
CUST0134,Fuel,0.7439918877809701
CUST0134,Grocery,0.05680806715114642
CUST0134,Household,0.028280096895949527
CUST0135,Bakery,0.10919549425581619
CUST0135,Beverages,0.045089442862171585
CUST0135,Fuel,0.4948638356427405
CUST0135,Grocery,0.12794809433901885
CUST0135,Household,0.06341802937694006
CUST0135,Produce,0.08989087650804825
CUST0135,Snacks,0.06959422701526448
CUST0136,Bakery,0.16623280724958053
CUST0136,Dairy,0.061966341233157765
CUST0136,Fuel,0.4512527398572704
CUST0136,Grocery,0.03058825728720247
CUST0136,Household,0.16969121983820237
CUST0136,Produce,0.05650298404924031
CUST0136,Snacks,0.06376565048534615
CUST0137,Bakery,0.0400971925098381
CUST0137,Beverages,0.02197924094762697
CUST0137,Dairy,0.0881388162586166
CUST0137,Fuel,0.4051924041940681
CUST0137,Grocery,0.1465124263793149
CUST0137,Household,0.08332673058130628
CUST0137,Produce,0.16506351847450018
CUST0137,Snacks,0.04968967065472889
CUST0138,Bakery,0.010837061591599247
CUST0138,Dairy,0.07140870210250584
CUST0138,Fuel,0.49767032151881124
CUST0138,Grocery,0.1459931848211595
CUST0138,Household,0.120888291337305
CUST0138,Produce,0.04344096988803634
CUST0138,Snacks,0.10976146874058276
CUST0139,Bakery,0.23913537741977395
CUST0139,Dairy,0.11048135637261271
CUST0139,Household,0.12435039625828244
CUST0139,Produce,0.5260328699493309
CUST0140,Bakery,0.11467639015496807
CUST0140,Beverages,0.01775296262534184
CUST0140,Dairy,0.23193558189000302
CUST0140,Fuel,0.06637040413248253
CUST0140,Grocery,0.21266332421756304
CUST0140,Household,0.05850045578851413
CUST0140,Produce,0.2981008811911273
CUST0141,Bakery,0.12750216023028824
CUST0141,Beverages,0.12811571676185315
CUST0141,Dairy,0.07645936977518267
CUST0141,Fuel,0.08445605656991222
CUST0141,Grocery,0.13844391837652942
CUST0141,Household,0.048915794479013806
CUST0141,Produce,0.27570674042979637
CUST0141,Snacks,0.12040024337742421
CUST0142,Bakery,0.36668620813555475
CUST0142,Dairy,0.08510467293254413
CUST0142,Grocery,0.3332513852379962
CUST0142,Household,0.04151458991281984
CUST0142,Produce,0.1685404413850489
CUST0142,Snacks,0.004902702396036233
CUST0143,Bakery,0.1759401858015798
CUST0143,Dairy,0.1813304187987481
CUST0143,Fuel,0.36484673853643995
CUST0143,Grocery,0.011823736897014258
CUST0143,Household,0.0982413433354861
CUST0143,Produce,0.1678175766307318
CUST0144,Bakery,0.09455839780769983
CUST0144,Beverages,0.1261911875302626
CUST0144,Dairy,0.06888540904735903
CUST0144,Fuel,0.5510678191352364
CUST0144,Grocery,0.008530190486983216
CUST0144,Produce,0.012017472467470921
CUST0144,Snacks,0.1387495235249879
CUST0145,Bakery,0.23393203725337788
CUST0145,Beverages,0.07729005413003309
CUST0145,Dairy,0.12836683686055114
CUST0145,Fuel,0.021754408828361715
CUST0145,Grocery,0.06410429456419041
CUST0145,Household,0.08184665794752691
CUST0145,Produce,0.26259349415646976
CUST0145,Snacks,0.13011221625948904
CUST0146,Bakery,0.10889101938050481
CUST0146,Dairy,0.12374671839579957
CUST0146,Fuel,0.4767980503015044
CUST0146,Grocery,0.11036942127285924
CUST0146,Household,0.09953676740706228
CUST0146,Snacks,0.08065802324226976
CUST0147,Bakery,0.11511958521491888
CUST0147,Beverages,0.1192005352065563
CUST0147,Dairy,0.2099682221107209
CUST0147,Grocery,0.2852232814851982
CUST0147,Produce,0.19571834754975748
CUST0147,Snacks,0.0747700284328483
CUST0148,Bakery,0.32667973124300115
CUST0148,Dairy,0.2110862262038074
CUST0148,Grocery,0.46223404255319156
CUST0149,Bakery,0.28555538415322285
CUST0149,Beverages,0.03113658691045491
CUST0149,Dairy,0.23628082197341818
CUST0149,Fuel,0.2960614450299187
CUST0149,Grocery,0.04329893559151396
CUST0149,Household,0.05090649281057426
CUST0149,Produce,0.056760333530897066
CUST0150,Bakery,0.1938014392020405
CUST0150,Fuel,0.4941318771857552
CUST0150,Household,0.006258162344093749
CUST0150,Snacks,0.3058085212681105
CUST0151,Dairy,0.10396513913827243
CUST0151,Fuel,0.5950618510606588
CUST0151,Grocery,0.05466171763553651
CUST0151,Household,0.020964777187142927
CUST0151,Produce,0.10722979638474696
CUST0151,Snacks,0.11811671859364244
CUST0152,Bakery,0.23488160005031603
CUST0152,Beverages,0.03688795245133495
CUST0152,Fuel,0.05286329758797446
CUST0152,Grocery,0.12640334601717035
CUST0152,Household,0.3703418346488883
CUST0152,Snacks,0.17862196924431584
CUST0153,Bakery,0.2278105591025569
CUST0153,Beverages,0.0534097748326291
CUST0153,Dairy,0.12670550788302962
CUST0153,Grocery,0.36330808033803025
CUST0153,Household,0.03210915250451389
CUST0153,Produce,0.16836364313236418
CUST0153,Snacks,0.028293282206876012
CUST0154,Bakery,0.1554844665822187
CUST0154,Beverages,0.09255641196298603
CUST0154,Dairy,0.35234128432488143
CUST0154,Fuel,0.1094209588423471
CUST0154,Grocery,0.2551795950791163
CUST0154,Household,0.017476436867982052
CUST0154,Produce,0.01754084634046847
CUST0155,Bakery,0.05518484347844744
CUST0155,Fuel,0.37157508528761773
CUST0155,Grocery,0.4249790803956487
CUST0155,Produce,0.1482609908382861
CUST0156,Grocery,0.25886000984815216
CUST0156,Household,0.37418985640329516
CUST0156,Produce,0.3669501337485528
CUST0157,Bakery,0.10448369062164463
CUST0157,Beverages,0.04188418675256395
CUST0157,Dairy,0.11036598911473952
CUST0157,Fuel,0.39074937983635083
CUST0157,Grocery,0.13113684327446407
CUST0157,Household,0.13270576474508497
CUST0157,Produce,0.007951053352586173
CUST0157,Snacks,0.08072309230256582
CUST0158,Beverages,0.07612383782229465
CUST0158,Dairy,0.23903958592926292
CUST0158,Fuel,0.3042748969615643
CUST0158,Grocery,0.2160739959743123
CUST0158,Household,0.11213457298955239
CUST0158,Produce,0.05235311032301351
CUST0159,Bakery,0.008664081977003213
CUST0159,Fuel,0.49390954850084834
CUST0159,Household,0.2894220469604618
CUST0159,Snacks,0.20800432256168655
CUST0160,Bakery,0.16076963963006272
CUST0160,Dairy,0.002177102157967471
CUST0160,Fuel,0.4121058786010418
CUST0160,Grocery,0.08499202721377697
CUST0160,Household,0.11865206760922718
CUST0160,Produce,0.05871372382268523
CUST0160,Snacks,0.16258956096523866
CUST0161,Bakery,0.10404377308561663
CUST0161,Dairy,0.24662329786647558
CUST0161,Grocery,0.48828491096532334
CUST0161,Produce,0.16104801808258448
CUST0162,Bakery,0.13982069293665403
CUST0162,Beverages,0.014161752000300514
CUST0162,Dairy,0.041777794473035076
CUST0162,Fuel,0.4410490464921178
CUST0162,Grocery,0.07018894857443372
CUST0162,Household,0.08321124926436523
CUST0162,Produce,0.08540250178430563
CUST0162,Snacks,0.12438801447478808
CUST0163,Beverages,0.17462064131768004
CUST0163,Dairy,0.07941124934291222
CUST0163,Fuel,0.5125214648677063
CUST0163,Grocery,0.032458384440161206
CUST0163,Household,0.0847029963203084
CUST0163,Produce,0.09028911862624846
CUST0163,Snacks,0.025996145084983355
CUST0164,Bakery,0.07046467729627696
CUST0164,Dairy,0.3260371902486044
CUST0164,Fuel,0.3167195469697578
CUST0164,Household,0.1092212538656171
CUST0164,Snacks,0.17755733161974377
CUST0165,Beverages,0.07935256625293526
CUST0165,Dairy,0.09391143911439113
CUST0165,Fuel,0.41580006709157996
CUST0165,Household,0.25057027843005697
CUST0165,Snacks,0.16036564911103654
CUST0166,Bakery,0.1682058830512096
CUST0166,Beverages,0.08050022554070416
CUST0166,Dairy,0.23274613613162082
CUST0166,Grocery,0.03812231428503597
CUST0166,Produce,0.30757816765983714
CUST0166,Snacks,0.1728472733315923
CUST0167,Bakery,0.04603291445396709
CUST0167,Beverages,0.12841106262158894
CUST0167,Fuel,0.41599190283400816
CUST0167,Grocery,0.15843367159156632
CUST0167,Household,0.1573032230926968
CUST0167,Produce,0.09382722540617278
CUST0168,Bakery,0.14124212127115396
CUST0168,Beverages,0.24795294442943236
CUST0168,Fuel,0.26209223847019125
CUST0168,Grocery,0.08033004254356474
CUST0168,Household,0.12282961836474353
CUST0168,Produce,0.04695502447668902
CUST0168,Snacks,0.09859801044422521
CUST0169,Bakery,0.2653406917654773
CUST0169,Dairy,0.19396481066608384
CUST0169,Grocery,0.2717201245833561
CUST0169,Produce,0.2689743729850828
CUST0170,Bakery,0.05211588369260102
CUST0170,Beverages,0.19965397312995425
CUST0170,Dairy,0.1046554737566866
CUST0170,Fuel,0.33177974330455656
CUST0170,Produce,0.011916741698003282
CUST0170,Snacks,0.2998781844181982
CUST0171,Bakery,0.058977657732903144
CUST0171,Beverages,0.07933963344402309
CUST0171,Dairy,0.059792675616146776
CUST0171,Fuel,0.5839636811865583
CUST0171,Grocery,0.09186800751702442
CUST0171,Household,0.050079817867077984
CUST0171,Produce,0.06868377979698645
CUST0171,Snacks,0.00729474683927982
CUST0172,Bakery,0.08181191870478814
CUST0172,Beverages,0.22257762905368828
CUST0172,Dairy,0.21541754834899857
CUST0172,Grocery,0.3780817873136164
CUST0172,Produce,0.10211111657890852
CUST0173,Bakery,0.31232174971389126
CUST0173,Dairy,0.052044542135188644
CUST0173,Grocery,0.4113607876619012
CUST0173,Household,0.2242729204890189
CUST0174,Beverages,0.1264856251244937
CUST0174,Dairy,0.20428479737954539
CUST0174,Fuel,0.5491888542150809
CUST0174,Grocery,0.06222694376203439
CUST0174,Household,0.05781377951884557
CUST0175,Bakery,0.16639320475042413
CUST0175,Beverages,0.0773004286096973
CUST0175,Dairy,0.20675395124564697
CUST0175,Fuel,0.07008996338958837
CUST0175,Grocery,0.16784422716313957
CUST0175,Household,0.048698544512902946
CUST0175,Produce,0.13525203143137782
CUST0175,Snacks,0.12766764889722296
CUST0176,Beverages,0.2150323464737563
CUST0176,Dairy,0.16485547659262564
CUST0176,Fuel,0.44269256509130306
CUST0176,Grocery,0.17244813410242518
CUST0176,Produce,0.004971477739889735
CUST0177,Beverages,0.19110261428983266
CUST0177,Fuel,0.7953024716646183
CUST0177,Produce,0.013594914045549035
CUST0178,Bakery,0.06643970638695831
CUST0178,Beverages,0.14757352100167528
CUST0178,Dairy,0.16742806009513495
CUST0178,Fuel,0.24924140993467048
CUST0178,Grocery,0.07561679595777462
CUST0178,Household,0.10856416225417308
CUST0178,Produce,0.03852493759713653
CUST0178,Snacks,0.14661140677247683
CUST0179,Bakery,0.2601163648283209
CUST0179,Beverages,0.182856674588216
CUST0179,Dairy,0.23243464721789722
CUST0179,Produce,0.3245923133655659
CUST0180,Bakery,0.02440598280749464
CUST0180,Beverages,0.1117512848286511
CUST0180,Dairy,0.0718889477848709
CUST0180,Fuel,0.30295068869888536
CUST0180,Grocery,0.3814385471641584
CUST0180,Household,0.03980856245150684
CUST0180,Snacks,0.0677559862644327
CUST0181,Bakery,0.08884929371150534
CUST0181,Beverages,0.2631042428707265
CUST0181,Grocery,0.41266265194411367
CUST0181,Produce,0.23538381147365442
CUST0182,Bakery,0.39232466107237474
CUST0182,Dairy,0.2215583465431045
CUST0182,Grocery,0.024875015242043653
CUST0182,Household,0.15778563589806122
CUST0182,Produce,0.2034563412444159
CUST0183,Bakery,0.1376983187307601
CUST0183,Beverages,0.2152253260061894
CUST0183,Dairy,0.05794622224762589
CUST0183,Fuel,0.38180897711220163
CUST0183,Grocery,0.054884172879224605
CUST0183,Household,0.018523357312582162
CUST0183,Produce,0.13391362571141613
CUST0184,Bakery,0.1905661171687526
CUST0184,Dairy,0.1847984940429294
CUST0184,Fuel,0.07882217798439915
CUST0184,Grocery,0.4215176246293746
CUST0184,Household,0.06564505361664251
CUST0184,Produce,0.05865053255790176
CUST0185,Bakery,0.19463503844510893
CUST0185,Beverages,0.1284173430158052
CUST0185,Dairy,0.08659493806065785
CUST0185,Fuel,0.4514497009824861
CUST0185,Grocery,0.0912203652285348
CUST0185,Produce,0.04768261426740709
CUST0186,Bakery,0.2684682253844981
CUST0186,Beverages,0.023850025222604144
CUST0186,Dairy,0.330158022547835
CUST0186,Fuel,0.03266033950798324
CUST0186,Grocery,0.06237022090308655
CUST0186,Produce,0.20513016036883658
CUST0186,Snacks,0.07736300606515643
CUST0187,Bakery,0.13978877756082264
CUST0187,Dairy,0.13742285820161623
CUST0187,Grocery,0.2948705157989253
CUST0187,Household,0.062433191283154936
CUST0187,Produce,0.36548465715548084
CUST0188,Bakery,0.3510024395806409
CUST0188,Beverages,0.03463789850515214
CUST0188,Dairy,0.20077817784750202
CUST0188,Fuel,0.012550363863798144
CUST0188,Grocery,0.13858614898719393
CUST0188,Household,0.10074846057623862
CUST0188,Produce,0.02675936612369296
CUST0188,Snacks,0.13493714451578126
CUST0189,Beverages,0.0819821904473134
CUST0189,Dairy,0.2929918771843033
CUST0189,Fuel,0.052862135550484336
CUST0189,Grocery,0.15848267717792
CUST0189,Produce,0.31556899605828004
CUST0189,Snacks,0.09811212358169893
CUST0190,Beverages,0.23217995910020447
CUST0190,Fuel,0.7275092024539878
CUST0190,Grocery,0.040310838445807774
CUST0191,Bakery,0.09382899628252787
CUST0191,Beverages,0.24477695167286245
CUST0191,Fuel,0.18607806691449813
CUST0191,Grocery,0.2644609665427509
CUST0191,Produce,0.21085501858736058
CUST0192,Bakery,0.22447757945145844
CUST0192,Beverages,0.2564065777496339
CUST0192,Dairy,0.12527209403569875
CUST0192,Grocery,0.1382781889420984
CUST0192,Produce,0.25556555982111057
CUST0193,Bakery,0.24201685660018993
CUST0193,Beverages,0.05060689696106362
CUST0193,Dairy,0.08229463437796772
CUST0193,Fuel,0.10793566001899335
CUST0193,Grocery,0.07871854226020894
CUST0193,Household,0.04137731481481482
CUST0193,Produce,0.39705009496676164
CUST0194,Bakery,0.10351305522525629
CUST0194,Beverages,0.05637211789455909
CUST0194,Dairy,0.05825071942699136
CUST0194,Fuel,0.5769065694765949
CUST0194,Household,0.04730980038979223
CUST0194,Produce,0.0074370105609771545
CUST0194,Snacks,0.15021072702582902
CUST0195,Dairy,0.15438119477070458
CUST0195,Fuel,0.2734946805988081
CUST0195,Produce,0.22379424271645143
CUST0195,Snacks,0.34832988191403597
CUST0196,Bakery,0.12817018462583332
CUST0196,Beverages,0.08500741720433952
CUST0196,Dairy,0.24111275937874213
CUST0196,Grocery,0.13636038676699255
CUST0196,Household,0.11894336115529662
CUST0196,Produce,0.18844167217744098
CUST0196,Snacks,0.10196421869135493
CUST0197,Bakery,0.23636234027765401
CUST0197,Beverages,0.4434622992889349
CUST0197,Dairy,0.18803129399604368
CUST0197,Grocery,0.13214406643736745
CUST0198,Beverages,0.15676294811516828
CUST0198,Dairy,0.26765442134141276
CUST0198,Fuel,0.3095354658735071
CUST0198,Grocery,0.12335233098402905
CUST0198,Produce,0.057334725057501
CUST0198,Snacks,0.08536010862838193
CUST0199,Bakery,0.33156975293236834
CUST0199,Dairy,0.23038016803926464
CUST0199,Fuel,0.03813326678312953
CUST0199,Grocery,0.2002495632642875
CUST0199,Household,0.08248897762249398
CUST0199,Produce,0.11717827135845606
CUST0200,Bakery,0.02693474962063733
CUST0200,Beverages,0.06334383876113771
CUST0200,Dairy,0.12731994864013071
CUST0200,Fuel,0.025028209019104318
CUST0200,Grocery,0.3121862962530641
CUST0200,Household,0.0738687210614373
CUST0200,Produce,0.30414672580833435
CUST0200,Snacks,0.06717151083615425
CUST0201,Fuel,0.7330739247670662
CUST0201,Grocery,0.09498224630910111
CUST0201,Household,0.09366073097151399
CUST0201,Snacks,0.07828309795231866
CUST0202,Beverages,0.05888141272838489
CUST0202,Fuel,0.7058189941756868
CUST0202,Produce,0.19202946730140155
CUST0202,Snacks,0.04327012579452674
CUST0203,Bakery,0.21463815789473684
CUST0203,Dairy,0.5460970839260313
CUST0203,Grocery,0.18887802275960172
CUST0203,Produce,0.050386735419630166
CUST0204,Bakery,0.1497853086476753
CUST0204,Beverages,0.03240223463687151
CUST0204,Dairy,0.36751465903319636
CUST0204,Grocery,0.16250981116395033
CUST0204,Household,0.0427951428967173
CUST0204,Produce,0.2072533357957431
CUST0204,Snacks,0.037739507825846064
CUST0205,Bakery,0.08887668950895393
CUST0205,Beverages,0.11708249725513951
CUST0205,Fuel,0.45300609548328474
CUST0205,Grocery,0.07584333472153863
CUST0205,Household,0.008225116419944724
CUST0205,Produce,0.12101048726006135
CUST0205,Snacks,0.1359557793510771
CUST0206,Bakery,0.25188349418948197
CUST0206,Dairy,0.15773340555446128
CUST0206,Fuel,0.5605303328737443
CUST0206,Grocery,0.016126649596218238
CUST0206,Snacks,0.01372611778609415
CUST0207,Bakery,0.21063704945515507
CUST0207,Beverages,0.1056580050293378
CUST0207,Fuel,0.41406538139145016
CUST0207,Household,0.1286756077116513
CUST0207,Produce,0.03774518021793797
CUST0207,Snacks,0.10321877619446773
CUST0208,Dairy,0.09192880454159011
CUST0208,Fuel,0.5620492005594713
CUST0208,Grocery,0.08312535995392589
CUST0208,Household,0.08866522228011957
CUST0208,Produce,0.07045498176233443
CUST0208,Snacks,0.10377643090255877
CUST0209,Bakery,0.20603573085194607
CUST0209,Dairy,0.3076479766104887
CUST0209,Grocery,0.15336716191332947
CUST0209,Household,0.15475872538408555
CUST0209,Produce,0.17819040524015012
CUST0210,Bakery,0.1787680824235358
CUST0210,Dairy,0.07684752786419886
CUST0210,Fuel,0.4635246706670299
CUST0210,Grocery,0.1186549148074693
CUST0210,Produce,0.09183304925262484
CUST0210,Snacks,0.0703717549851412
CUST0211,Bakery,0.26834755295216267
CUST0211,Dairy,0.07535690535817875
CUST0211,Fuel,0.1612830199357641
CUST0211,Grocery,0.1307073022341073
CUST0211,Produce,0.24597818243558725
CUST0211,Snacks,0.11832703708419995
CUST0212,Bakery,0.07080450010613458
CUST0212,Beverages,0.10505625132668224
CUST0212,Dairy,0.025990235618764592
CUST0212,Fuel,0.4085629378051369
CUST0212,Household,0.13460411802165145
CUST0212,Produce,0.07761834005518997
CUST0212,Snacks,0.17736361706644024
CUST0213,Bakery,0.3757066241484273
CUST0213,Dairy,0.09772752894944517
CUST0213,Fuel,0.05947721892061652
CUST0213,Grocery,0.21300993702791066
CUST0213,Household,0.050272986423153115
CUST0213,Produce,0.12274725805672321
CUST0213,Snacks,0.08105844647372405
CUST0214,Bakery,0.1486321371935632
CUST0214,Dairy,0.0837355609667328
CUST0214,Fuel,0.3047600065858456
CUST0214,Grocery,0.1858941585282368
CUST0214,Household,0.050407715838092185
CUST0214,Produce,0.08724512344127766
CUST0214,Snacks,0.1393252974462517
CUST0215,Bakery,0.3596492200578721
CUST0215,Beverages,0.10736260934156698
CUST0215,Grocery,0.11435825230878392
CUST0215,Produce,0.4186299182917771
CUST0216,Bakery,0.22541876212727197
CUST0216,Beverages,0.11174909911693659
CUST0216,Dairy,0.2913845219709869
CUST0216,Grocery,0.05902929024934331
CUST0216,Produce,0.23050726646339048
CUST0216,Snacks,0.08191106007207065
CUST0217,Bakery,0.4229883559263122
CUST0217,Fuel,0.2913842544316997
CUST0217,Produce,0.28562738964198825
CUST0218,Dairy,0.25355547764583936
CUST0218,Grocery,0.6845266222581284
CUST0218,Household,0.061917900096032194
CUST0219,Bakery,0.18134707669591388
CUST0219,Beverages,0.05627253883067836
CUST0219,Dairy,0.14468154584433654
CUST0219,Fuel,0.010399806911434818
CUST0219,Grocery,0.2798435414714484
CUST0219,Household,0.0676661839452537
CUST0219,Produce,0.17254450975381208
CUST0219,Snacks,0.08724479654712212
CUST0220,Bakery,0.03208176345762418
CUST0220,Fuel,0.5240829760512753
CUST0220,Grocery,0.19988740201810232
CUST0220,Produce,0.09267680048503746
CUST0220,Snacks,0.1512710579879607
CUST0221,Bakery,0.06691843901146227
CUST0221,Beverages,0.05533691115086465
CUST0221,Dairy,0.07011197243755384
CUST0221,Fuel,0.5039090969323528
CUST0221,Grocery,0.17743987278871
CUST0221,Household,0.05930563837540581
CUST0221,Snacks,0.0669780693036507
CUST0222,Bakery,0.1587938280439011
CUST0222,Beverages,0.10916823720306783
CUST0222,Dairy,0.28009634862884614
CUST0222,Grocery,0.17531217560444654
CUST0222,Produce,0.2766294105197384
CUST0223,Bakery,0.08363813160148444
CUST0223,Beverages,0.11437517841849844
CUST0223,Dairy,0.1458080573793891
CUST0223,Fuel,0.3438169069369112
CUST0223,Grocery,0.05428382814730231
CUST0223,Household,0.10190818584070796
CUST0223,Produce,0.060483870967741944
CUST0223,Snacks,0.0956858407079646
CUST0224,Bakery,0.07124048848251124
CUST0224,Beverages,0.06559577864858701
CUST0224,Fuel,0.4609017022247102
CUST0224,Grocery,0.0605989923493189
CUST0224,Household,0.12888494951379817
CUST0224,Produce,0.09473678754328128
CUST0224,Snacks,0.11804130123779312
CUST0225,Bakery,0.161124728298571
CUST0225,Beverages,0.15025667113721503
CUST0225,Dairy,0.11491971932243868
CUST0225,Fuel,0.02580165059931975
CUST0225,Grocery,0.23365692255300544
CUST0225,Household,0.051784085128209444
CUST0225,Produce,0.26245622296124077
CUST0226,Bakery,0.08590404614174604
CUST0226,Dairy,0.1227650091759154
CUST0226,Fuel,0.3302805208424364
CUST0226,Grocery,0.1104081097614262
CUST0226,Household,0.15575460980512104
CUST0226,Produce,0.1948877042733549
CUST0227,Bakery,0.4374669966142409
CUST0227,Dairy,0.13165115291827584
CUST0227,Fuel,0.22848179248506434
CUST0227,Household,0.02133960095670991
CUST0227,Produce,0.13996541762872614
CUST0227,Snacks,0.041095039396982835
CUST0228,Bakery,0.25314050597526033
CUST0228,Dairy,0.15082727653924102
CUST0228,Grocery,0.2570672304144245
CUST0228,Produce,0.33896498707107414
CUST0229,Bakery,0.2864487254329636
CUST0229,Beverages,0.1844639034831679
CUST0229,Dairy,0.04289939676979957
CUST0229,Fuel,0.030258805215022378
CUST0229,Grocery,0.27998832457676587
CUST0229,Household,0.011103327495621717
CUST0229,Produce,0.15600311344619577
CUST0229,Snacks,0.008834403580463125
CUST0230,Bakery,0.2254636433792266
CUST0230,Beverages,0.06139803286424207
CUST0230,Dairy,0.2340065767807199
CUST0230,Fuel,0.049841970478217486
CUST0230,Grocery,0.012136077427092601
CUST0230,Household,0.09980191011733017
CUST0230,Produce,0.3173517889531711
CUST0231,Bakery,0.05298858830101349
CUST0231,Beverages,0.165705414209125
CUST0231,Dairy,0.0908655624959192
CUST0231,Fuel,0.2336097387569736
CUST0231,Household,0.13907328008357453
CUST0231,Produce,0.21615484507512275
CUST0231,Snacks,0.10160257107827135
CUST0232,Bakery,0.015482017450521388
CUST0232,Beverages,0.11424859899269348
CUST0232,Dairy,0.12063736965311767
CUST0232,Fuel,0.5557077747038377
CUST0232,Grocery,0.14475154288146413
CUST0232,Household,0.014506632616868837
CUST0232,Produce,0.01097307937859119
CUST0232,Snacks,0.02369298432290558
CUST0233,Bakery,0.22519381478048373
CUST0233,Beverages,0.183297168618859
CUST0233,Dairy,0.11260217409623324
CUST0233,Fuel,0.060498651723266204
CUST0233,Grocery,0.14431827757647256
CUST0233,Household,0.053272731103058905
CUST0233,Produce,0.14460267970000842
CUST0233,Snacks,0.07621450240161794
CUST0234,Bakery,0.10390569855536211
CUST0234,Beverages,0.054077455178579835
CUST0234,Dairy,0.15814785186579458
CUST0234,Fuel,0.5431509105453861
CUST0234,Household,0.06710272457766694
CUST0234,Produce,0.0629052750458802
CUST0234,Snacks,0.01071008423133029
CUST0235,Bakery,0.3603601814806358
CUST0235,Dairy,0.03867880508701738
CUST0235,Fuel,0.4362385457722358
CUST0235,Grocery,0.058881928380672514
CUST0235,Household,0.08866540252365304
CUST0235,Produce,0.017175136755785442
CUST0236,Bakery,0.03959838047073131
CUST0236,Beverages,0.16372274212605237
CUST0236,Dairy,0.07240917337762816
CUST0236,Fuel,0.4208600906659548
CUST0236,Grocery,0.09438355554896408
CUST0236,Household,0.016121138416361397
CUST0236,Produce,0.09816047972869425
CUST0236,Snacks,0.09474443966561366
CUST0237,Dairy,0.5549150843259818
CUST0237,Grocery,0.44508491567401814
CUST0238,Bakery,0.13745808466594842
CUST0238,Beverages,0.06949774232207924
CUST0238,Dairy,0.3670391129081071
CUST0238,Fuel,0.05192053942159866
CUST0238,Produce,0.24265498081276404
CUST0238,Snacks,0.1314295398695026
CUST0239,Bakery,0.17892577874631457
CUST0239,Beverages,0.01839507755415972
CUST0239,Dairy,0.11831816433790539
CUST0239,Fuel,0.4354185360851173
CUST0239,Grocery,0.07241379310344828
CUST0239,Produce,0.17652865017305475
CUST0240,Bakery,0.2925435246398188
CUST0240,Beverages,0.09307205380110799
CUST0240,Dairy,0.16588967612224653
CUST0240,Grocery,0.1579968569196056
CUST0240,Household,0.114669757069736
CUST0240,Produce,0.08898078155591259
CUST0240,Snacks,0.08684734989157251
CUST0241,Bakery,0.3120795306388527
CUST0241,Beverages,0.13332464146023468
CUST0241,Dairy,0.19853976531942633
CUST0241,Grocery,0.1603585397653194
CUST0241,Household,0.07233376792698826
CUST0241,Produce,0.12336375488917863
CUST0242,Bakery,0.26613615487882425
CUST0242,Beverages,0.037408146682682115
CUST0242,Dairy,0.12434201229421324
CUST0242,Fuel,0.4284029887656327
CUST0242,Grocery,0.058711050660637316
CUST0242,Household,0.016087578605242705
CUST0242,Produce,0.025767505122588852
CUST0242,Snacks,0.04314456299017876
CUST0243,Bakery,0.5399459922281499
CUST0243,Dairy,0.17640343366484443
CUST0243,Grocery,0.210696173351775
CUST0243,Produce,0.07295440075523062
CUST0244,Bakery,0.09716481025202442
CUST0244,Dairy,0.2047078946832556
CUST0244,Grocery,0.2651720322819307
CUST0244,Household,0.08680011131700231
CUST0244,Produce,0.346155151465787
CUST0245,Bakery,0.18360814742967993
CUST0245,Beverages,0.005967634897136147
CUST0245,Dairy,0.18584920108224
CUST0245,Fuel,0.12146102404410639
CUST0245,Grocery,0.22299249578845268
CUST0245,Household,0.09925468375108479
CUST0245,Produce,0.16270866302516718
CUST0245,Snacks,0.01815814998213283
CUST0246,Bakery,0.2581563280677115
CUST0246,Dairy,0.24024658521731565
CUST0246,Fuel,0.15744664984650567
CUST0246,Produce,0.34415043686846714
CUST0247,Bakery,0.17678393801371656
CUST0247,Dairy,0.5272498822051203
CUST0247,Household,0.16368252971048639
CUST0247,Produce,0.13228365007067694
CUST0248,Bakery,0.1978836568182451
CUST0248,Dairy,0.0891203252485311
CUST0248,Fuel,0.5748545014062544
CUST0248,Grocery,0.08998913981788309
CUST0248,Snacks,0.04815237670908635
CUST0249,Bakery,0.24366252272823374
CUST0249,Dairy,0.07339105247579178
CUST0249,Fuel,0.4951953570975517
CUST0249,Household,0.05292507082751913
CUST0249,Produce,0.13482599687090363
CUST0250,Bakery,0.0847604542021125
CUST0250,Beverages,0.14642074371261932
CUST0250,Dairy,0.09814629072402391
CUST0250,Fuel,0.46124794135492897
CUST0250,Grocery,0.08434562948103569
CUST0250,Household,0.12507894052527954
CUST0251,Bakery,0.030723337093182278
CUST0251,Beverages,0.0983675644855411
CUST0251,Fuel,0.45511525383112084
CUST0251,Grocery,0.10354045556147767
CUST0251,Household,0.10369746024269619
CUST0251,Produce,0.04863426585850573
CUST0251,Snacks,0.15992166292747623
CUST0252,Bakery,0.1031247505283547
CUST0252,Beverages,0.07502846602773915
CUST0252,Fuel,0.40369659205976405
CUST0252,Grocery,0.055230396255509386
CUST0252,Household,0.11587248900223947
CUST0252,Produce,0.14014109065852112
CUST0252,Snacks,0.10690621546787227
CUST0253,Bakery,0.07356409517953189
CUST0253,Beverages,0.022814132152281022
CUST0253,Dairy,0.5708281117433235
CUST0253,Fuel,0.06553906268243133
CUST0253,Grocery,0.08850886956792477
CUST0253,Produce,0.08114545468697702
CUST0253,Snacks,0.09760027398753045
CUST0254,Bakery,0.24387902405723105
CUST0254,Dairy,0.2976540110792687
CUST0254,Fuel,0.13305789237891383
CUST0254,Grocery,0.15789024555015893
CUST0254,Produce,0.050887834849206746
CUST0254,Snacks,0.11663099208522076
CUST0255,Bakery,0.3355942162272635
CUST0255,Dairy,0.10962088698140199
CUST0255,Fuel,0.3159232577151032
CUST0255,Grocery,0.10018138156550174
CUST0255,Produce,0.12148732883711424
CUST0255,Snacks,0.01719292867361537
CUST0256,Bakery,0.13327825512227362
CUST0256,Beverages,0.0761401189689359
CUST0256,Dairy,0.1348534919585812
CUST0256,Fuel,0.6157854152897114
CUST0256,Grocery,0.012359550561797755
CUST0256,Produce,0.027583168098700154
CUST0257,Bakery,0.090498230329431
CUST0257,Beverages,0.07356384426898992
CUST0257,Dairy,0.1165960094901015
CUST0257,Fuel,0.10639803974952355
CUST0257,Grocery,0.3529228734782778
CUST0257,Produce,0.26002100268367623
CUST0258,Bakery,0.14927281816385135
CUST0258,Beverages,0.035987072322912914
CUST0258,Dairy,0.07873443621609681
CUST0258,Fuel,0.04134066521734076
CUST0258,Grocery,0.22847809154004442
CUST0258,Household,0.10223560458979039
CUST0258,Produce,0.3005684922747829
CUST0258,Snacks,0.06338281967518049
CUST0259,Bakery,0.18902504431152406
CUST0259,Beverages,0.06458500406082554
CUST0259,Dairy,0.21388546939567765
CUST0259,Grocery,0.1702481956143084
CUST0259,Household,0.03350308775980345
CUST0259,Produce,0.23155899945344863
CUST0259,Snacks,0.09719419940441225
CUST0260,Bakery,0.2673260179035518
CUST0260,Grocery,0.2724395995764751
CUST0260,Household,0.14535807103667342
CUST0260,Produce,0.31487631148329964
CUST0261,Bakery,0.21874539973502471
CUST0261,Beverages,0.060425880530718575
CUST0261,Dairy,0.0892147387689531
CUST0261,Grocery,0.2616662719772659
CUST0261,Produce,0.3699477089880377
CUST0262,Bakery,0.199250703083683
CUST0262,Beverages,0.012460273918437351
CUST0262,Dairy,0.19103611551825544
CUST0262,Grocery,0.16098021480503946
CUST0262,Household,0.003430158706622579
CUST0262,Produce,0.23624600267888474
CUST0262,Snacks,0.19659653128907736
CUST0263,Beverages,0.20025000698343529
CUST0263,Dairy,0.015908265594011005
CUST0263,Fuel,0.4930724321908433
CUST0263,Household,0.07891281879382106
CUST0263,Produce,0.14977373669655578
CUST0263,Snacks,0.06208273974133356
CUST0264,Bakery,0.08537272168748719
CUST0264,Fuel,0.7336934261724349
CUST0264,Household,0.18093385214007782
CUST0265,Bakery,0.48075732853204306
CUST0265,Fuel,0.374191188882012
CUST0265,Grocery,0.060653800708940525
CUST0265,Household,0.06321386372587633
CUST0265,Produce,0.021183818151128117
CUST0266,Bakery,0.26381940609726956
CUST0266,Beverages,0.05215398943403691
CUST0266,Dairy,0.2664650177610378
CUST0266,Fuel,0.026612710474479325
CUST0266,Grocery,0.13621603356053177
CUST0266,Household,0.04893557399882967
CUST0266,Produce,0.16961585059299616
CUST0266,Snacks,0.03618141808081891
CUST0267,Bakery,0.1738344079192611
CUST0267,Dairy,0.13342353412213004
CUST0267,Fuel,0.09328188206707073
CUST0267,Grocery,0.28839861385318444
CUST0267,Household,0.09979842884952576
CUST0267,Produce,0.07467106625616104
CUST0267,Snacks,0.13659206693266696
CUST0268,Bakery,0.1713096173381306
CUST0268,Beverages,0.005899808343800197
CUST0268,Dairy,0.21194273332766206
CUST0268,Fuel,0.09323098325134986
CUST0268,Grocery,0.15977521680169338
CUST0268,Household,0.10122750041283646
CUST0268,Produce,0.25661414052452747
CUST0269,Bakery,0.041904792655494925
CUST0269,Beverages,0.040731652190759096
CUST0269,Fuel,0.5997438463939384
CUST0269,Grocery,0.05722019523640395
CUST0269,Household,0.011892845995716423
CUST0269,Produce,0.09784960123986955
CUST0269,Snacks,0.15065706628781766
CUST0270,Fuel,0.6981636704532921
CUST0270,Household,0.13906198301533032
CUST0270,Snacks,0.1627743465313775
CUST0271,Bakery,0.156823129221293
CUST0271,Dairy,0.1213720906323614
CUST0271,Fuel,0.04284877769682232
CUST0271,Grocery,0.27590661415985374
CUST0271,Household,0.037301590849153174
CUST0271,Produce,0.36574779744051633
CUST0272,Bakery,0.169301363553408
CUST0272,Beverages,0.14738369819322655
CUST0272,Dairy,0.06552704076755282
CUST0272,Fuel,0.5485847375876662
CUST0272,Snacks,0.0692031598981463
CUST0273,Bakery,0.1591095771072042
CUST0273,Dairy,0.05566387614393456
CUST0273,Fuel,0.09654268338214674
CUST0273,Grocery,0.22224895666531153
CUST0273,Household,0.21446646809428593
CUST0273,Produce,0.2519684386071171
CUST0274,Bakery,0.23122879168676433
CUST0274,Dairy,0.2864952231051086
CUST0274,Grocery,0.22893554365210325
CUST0274,Produce,0.2533404415560238
CUST0275,Beverages,0.13669949957822497
CUST0275,Dairy,0.02628958501144818
CUST0275,Fuel,0.669049325477113
CUST0275,Grocery,0.006063412128092752
CUST0275,Produce,0.016040135221701432
CUST0275,Snacks,0.14585804258341947
CUST0276,Bakery,0.1855198028298584
CUST0276,Dairy,0.085891213159322
CUST0276,Fuel,0.0750235135005252
CUST0276,Grocery,0.507809228276615
CUST0276,Household,0.09352537741742814
CUST0276,Produce,0.052230864816251436
CUST0277,Bakery,0.31874043573603417
CUST0277,Dairy,0.19337561329610173
CUST0277,Fuel,0.0328379636203007
CUST0277,Grocery,0.15491346806127437
CUST0277,Household,0.015910202407433703
CUST0277,Produce,0.23150646031520658
CUST0277,Snacks,0.052715856563648696
CUST0278,Bakery,0.03421993854213894
CUST0278,Beverages,0.16790086141756083
CUST0278,Dairy,0.025515087401138482
CUST0278,Fuel,0.35230970731953054
CUST0278,Grocery,0.05824391718301346
CUST0278,Household,0.0985945292428593
CUST0278,Produce,0.1402297113495542
CUST0278,Snacks,0.12298624754420434
CUST0279,Bakery,0.09428103775483014
CUST0279,Beverages,0.1551085662082579
CUST0279,Dairy,0.026302767309961554
CUST0279,Fuel,0.3905882097043453
CUST0279,Grocery,0.22099871123509357
CUST0279,Household,0.10427576306301897
CUST0279,Produce,0.008444944724492514
CUST0280,Bakery,0.06186873239146446
CUST0280,Beverages,0.044902731351047886
CUST0280,Dairy,0.10845055188433864
CUST0280,Fuel,0.4163881062873095
CUST0280,Grocery,0.023120940701405593
CUST0280,Household,0.10724016626062949
CUST0280,Produce,0.11891137401945888
CUST0280,Snacks,0.11911739710434555
CUST0281,Bakery,0.07184548856871377
CUST0281,Beverages,0.19425914793771448
CUST0281,Dairy,0.0453324671798949
CUST0281,Fuel,0.38027206267331143
CUST0281,Grocery,0.09592002947507222
CUST0281,Household,0.10218833019837499
CUST0281,Produce,0.1101824739669181
CUST0282,Bakery,0.14578212751531155
CUST0282,Beverages,0.1073571329797437
CUST0282,Dairy,0.40124544444791393
CUST0282,Grocery,0.14699991524554257
CUST0282,Household,0.0305517515177739
CUST0282,Produce,0.10947153365421075
CUST0282,Snacks,0.05859209463950361
CUST0283,Bakery,0.1956066829792181
CUST0283,Beverages,0.06509150898482047
CUST0283,Fuel,0.36766350380318646
CUST0283,Grocery,0.1565229907328469
CUST0283,Household,0.21511531349992805
CUST0284,Bakery,0.3157474583832265
CUST0284,Dairy,0.06550679721067831
CUST0284,Fuel,0.13338498743866076
CUST0284,Produce,0.16076166326219155
CUST0284,Snacks,0.3245990937052429
CUST0285,Bakery,0.05929087412950837
CUST0285,Dairy,0.30443820808647754
CUST0285,Fuel,0.010030142396840245
CUST0285,Grocery,0.41610799293212763
CUST0285,Household,0.06790484357135433
CUST0285,Produce,0.14222793888369192
CUST0286,Bakery,0.22523404348396692
CUST0286,Dairy,0.3368476311299707
CUST0286,Fuel,0.03547289907695
CUST0286,Grocery,0.13951835163392973
CUST0286,Household,0.0947602694781049
CUST0286,Produce,0.1452327310905989
CUST0286,Snacks,0.022934074106478845
CUST0287,Bakery,0.2158751599601877
CUST0287,Beverages,0.04820577989478174
CUST0287,Dairy,0.12065441490118013
CUST0287,Fuel,0.3934309682923361
CUST0287,Grocery,0.026962178302289207
CUST0287,Household,0.05164936726859093
CUST0287,Produce,0.09677591355040523
CUST0287,Snacks,0.046446217830228925
CUST0288,Dairy,0.2876009169739859
CUST0288,Fuel,0.4025216784610785
CUST0288,Produce,0.30987740456493573
CUST0289,Beverages,0.23918695343890337
CUST0289,Fuel,0.4489820035790256
CUST0289,Snacks,0.3118310429820711
CUST0290,Bakery,0.1149627116953084
CUST0290,Dairy,0.017953258673583918
CUST0290,Fuel,0.525054248871374
CUST0290,Grocery,0.169620632030529
CUST0290,Household,0.01778864140872471
CUST0290,Produce,0.08554610530516549
CUST0290,Snacks,0.0690744020153144
CUST0291,Bakery,0.2211681223825273
CUST0291,Beverages,0.00921555175556261
CUST0291,Dairy,0.05125894676482936
CUST0291,Grocery,0.11346392111487698
CUST0291,Household,0.049149609363000585
CUST0291,Produce,0.4105016332005611
CUST0291,Snacks,0.14524221541864205
CUST0292,Bakery,0.09378828340516292
CUST0292,Beverages,0.041185232190229425
CUST0292,Dairy,0.11073213294201634
CUST0292,Fuel,0.4652265496241066
CUST0292,Grocery,0.19698051347135193
CUST0292,Household,0.016031657897288106
CUST0292,Produce,0.030816213214880622
CUST0292,Snacks,0.04523941725496418
CUST0293,Bakery,0.3122288553524417
CUST0293,Beverages,0.15564166264970894
CUST0293,Dairy,0.22071637806370276
CUST0293,Fuel,0.1087174162927806
CUST0293,Household,0.03279691497645445
CUST0293,Produce,0.11177648411138714
CUST0293,Snacks,0.05812228855352442
CUST0294,Bakery,0.18766791923258022
CUST0294,Beverages,0.061623473146771794
CUST0294,Dairy,0.2203146494815854
CUST0294,Grocery,0.2594565648918392
CUST0294,Household,0.07714821209295454
CUST0294,Produce,0.19378918115426869
CUST0295,Beverages,0.07345709707718658
CUST0295,Fuel,0.47500966904248854
CUST0295,Grocery,0.18714846124095255
CUST0295,Household,0.14170396154483672
CUST0295,Produce,0.06389303276424112
CUST0295,Snacks,0.05878777833029449
CUST0296,Bakery,0.028682571644089248
CUST0296,Dairy,0.13780850440431142
CUST0296,Fuel,0.26230121375716126
CUST0296,Grocery,0.2349589491992444
CUST0296,Household,0.11761662230146312
CUST0296,Produce,0.1237259290198303
CUST0296,Snacks,0.09490620967390016
CUST0297,Bakery,0.15888205978646472
CUST0297,Fuel,0.5271193250301326
CUST0297,Grocery,0.05128095535248712
CUST0297,Household,0.20866707128386175
CUST0297,Produce,0.047408597830454
CUST0297,Snacks,0.0066419907165998476
CUST0298,Bakery,0.19046714258570616
CUST0298,Beverages,0.221600933742298
CUST0298,Fuel,0.33169566515566895
CUST0298,Grocery,0.16516924079150946
CUST0298,Household,0.09106701772481746
CUST0299,Bakery,0.19623625899572672
CUST0299,Beverages,0.05371552695419158
CUST0299,Dairy,0.37842446634659305
CUST0299,Grocery,0.08339000598869255
CUST0299,Household,0.12121519706858576
CUST0299,Produce,0.1670185446462104
CUST0300,Bakery,0.36589556926942823
CUST0300,Dairy,0.24782897897343037
CUST0300,Fuel,0.01808876242563098
CUST0300,Grocery,0.25154281068696643
CUST0300,Produce,0.11664387864454381
CUST0301,Bakery,0.2874161791981738
CUST0301,Dairy,0.13361392495363106
CUST0301,Grocery,0.20671041993627245
CUST0301,Household,0.16407476102154375
CUST0301,Produce,0.20818471489037904
CUST0302,Bakery,0.06751776783364043
CUST0302,Beverages,0.0502918724741805
CUST0302,Fuel,0.45459331403000786
CUST0302,Grocery,0.048038957620426426
CUST0302,Household,0.17374541287955034
CUST0302,Produce,0.2058126751621944
CUST0303,Bakery,0.31007990969002985
CUST0303,Beverages,0.10518916489408962
CUST0303,Dairy,0.14281831912658552
CUST0303,Fuel,0.06781609796123152
CUST0303,Grocery,0.16749677277739744
CUST0303,Household,0.07442210503760302
CUST0303,Snacks,0.13217763051306305
CUST0304,Bakery,0.16803096918508234
CUST0304,Beverages,0.02066219291141193
CUST0304,Dairy,0.15576188823325235
CUST0304,Fuel,0.060347487369354774
CUST0304,Grocery,0.39977438389448106
CUST0304,Household,0.0929509429596205
CUST0304,Produce,0.08088915885687839
CUST0304,Snacks,0.02158297658991862
CUST0305,Bakery,0.29207010851592363
CUST0305,Beverages,0.04306028747875441
CUST0305,Dairy,0.0857052765963992
CUST0305,Fuel,0.022872172702592536
CUST0305,Grocery,0.10454751705415029
CUST0305,Produce,0.36597014466226246
CUST0305,Snacks,0.08577449298991748
CUST0306,Bakery,0.234336755777361
CUST0306,Beverages,0.10118839487223732
CUST0306,Dairy,0.07592194829551388
CUST0306,Fuel,0.3379727808984937
CUST0306,Grocery,0.11274538742036119
CUST0306,Household,0.0565815823770622
CUST0306,Produce,0.06303442576051368
CUST0306,Snacks,0.018218724598456946
CUST0307,Beverages,0.1435136175536522
CUST0307,Fuel,0.5014676162063324
CUST0307,Grocery,0.2731209700702531
CUST0307,Household,0.019512077759599653
CUST0307,Produce,0.06238571841016264
CUST0308,Bakery,0.1499512142237641
CUST0308,Beverages,0.04729509973980919
CUST0308,Dairy,0.06864700780572419
CUST0308,Fuel,0.34296400693842155
CUST0308,Grocery,0.13359713790112748
CUST0308,Produce,0.04981027753686037
CUST0308,Snacks,0.20773525585429317
CUST0309,Bakery,0.02828436246817531
CUST0309,Beverages,0.10101948271905764
CUST0309,Dairy,0.24170372717637156
CUST0309,Fuel,0.43678770064578165
CUST0309,Grocery,0.00606444704262596
CUST0309,Household,0.00936438038834315
CUST0309,Produce,0.14167313176786825
CUST0309,Snacks,0.03510276779177639
CUST0310,Beverages,0.1551605432809664
CUST0310,Dairy,0.11472046622575506
CUST0310,Fuel,0.3661582969963767
CUST0310,Household,0.2634272878373773
CUST0310,Produce,0.07900245491783327
CUST0310,Snacks,0.02153095074169118
CUST0311,Bakery,0.04546067264271753
CUST0311,Beverages,0.12859321291366177
CUST0311,Dairy,0.10641891891891891
CUST0311,Fuel,0.35122919053717055
CUST0311,Grocery,0.20078182921075688
CUST0311,Household,0.06797196198692458
CUST0311,Produce,0.05252072521399205
CUST0311,Snacks,0.04702348857585765
CUST0312,Bakery,0.05369205323605336
CUST0312,Beverages,0.05730913700091201
CUST0312,Dairy,0.0039571514692470595
CUST0312,Fuel,0.25855965869568576
CUST0312,Grocery,0.2722937566660999
CUST0312,Produce,0.24355803564527848
CUST0312,Snacks,0.11063020728672344
CUST0313,Bakery,0.1869620214111622
CUST0313,Dairy,0.146422731620029
CUST0313,Fuel,0.11416329867645697
CUST0313,Grocery,0.2752059358899207
CUST0313,Produce,0.2589354579952488
CUST0313,Snacks,0.0183105544071823
CUST0314,Bakery,0.07674901991738364
CUST0314,Beverages,0.4697818822848423
CUST0314,Dairy,0.12379298550267055
CUST0314,Fuel,0.3296761122951036
CUST0315,Beverages,0.07673281136672183
CUST0315,Dairy,0.18943296572501905
CUST0315,Grocery,0.33435308995555224
CUST0315,Household,0.07965260084432128
CUST0315,Produce,0.3198285321083855
CUST0316,Bakery,0.06410734048498264
CUST0316,Beverages,0.13660271090608253
CUST0316,Dairy,0.10009204369884178
CUST0316,Fuel,0.39098848358006155
CUST0316,Grocery,0.050519937322624116
CUST0316,Household,0.0632088186629557
CUST0316,Produce,0.180476874020666
CUST0316,Snacks,0.014003791323785625
CUST0317,Fuel,0.43343859065979723
CUST0317,Grocery,0.07063320591656971
CUST0317,Household,0.29775160853771454
CUST0317,Snacks,0.19817659488591846
CUST0318,Bakery,0.06144803796849007
CUST0318,Beverages,0.03571778060475585
CUST0318,Dairy,0.03378510617477248
CUST0318,Fuel,0.5115838144632547
CUST0318,Grocery,0.06627360798512574
CUST0318,Household,0.10254183383892748
CUST0318,Produce,0.18864981896467364
CUST0319,Bakery,0.11668595547688745
CUST0319,Dairy,0.07265640955817278
CUST0319,Grocery,0.5965178024371979
CUST0319,Produce,0.21413983252774182
CUST0320,Bakery,0.0244422222586515
CUST0320,Beverages,0.21334076490549334
CUST0320,Dairy,0.21866854641727182
CUST0320,Fuel,0.4008458877723316
CUST0320,Grocery,0.058753135194505014
CUST0320,Household,0.0279667546433665
CUST0320,Snacks,0.05598268880838019
CUST0321,Bakery,0.10819989525970833
CUST0321,Beverages,0.262779109072731
CUST0321,Dairy,0.06286004475267008
CUST0321,Grocery,0.13803500864900892
CUST0321,Household,0.13900306286004477
CUST0321,Produce,0.2891228794058369
CUST0322,Bakery,0.36045709026765854
CUST0322,Dairy,0.028836567221412684
CUST0322,Grocery,0.08075772681954137
CUST0322,Produce,0.5108673978065802
CUST0322,Snacks,0.019081217884807114
CUST0323,Beverages,0.14820103653848074
CUST0323,Dairy,0.08119551432480203
CUST0323,Fuel,0.5888097782127201
CUST0323,Produce,0.09308874486973368
CUST0323,Snacks,0.08870492605426349
CUST0324,Bakery,0.21176608095998753
CUST0324,Beverages,0.03716834846300697
CUST0324,Dairy,0.07180426228230802
CUST0324,Fuel,0.07001207776522383
CUST0324,Grocery,0.182046986402774
CUST0324,Household,0.15503175283437878
CUST0324,Produce,0.2721704912923209
CUST0325,Bakery,0.26795438949965694
CUST0325,Dairy,0.15803561434501823
CUST0325,Grocery,0.2706894621834835
CUST0325,Household,0.09044719898383777
CUST0325,Produce,0.13503083040116023
CUST0325,Snacks,0.07784250458684341
CUST0326,Bakery,0.17719622498153895
CUST0326,Dairy,0.19920009219855128
CUST0326,Fuel,0.03541107321674769
CUST0326,Grocery,0.25944074749121765
CUST0326,Household,0.05115312215881201
CUST0326,Produce,0.21605620696867384
CUST0326,Snacks,0.061542532984458574
CUST0327,Dairy,0.17662638635987415
CUST0327,Fuel,0.7846383049164044
CUST0327,Snacks,0.03873530872372123
CUST0328,Bakery,0.2384943665960991
CUST0328,Beverages,0.028375841890250632
CUST0328,Dairy,0.3362808493070457
CUST0328,Fuel,0.048009946666282624
CUST0328,Grocery,0.15833537355204477
CUST0328,Household,0.03244667828391203
CUST0328,Produce,0.1271032254657699
CUST0328,Snacks,0.030953718238595176
CUST0329,Bakery,0.13444294062529705
CUST0329,Dairy,0.300852348598355
CUST0329,Grocery,0.26416922039299473
CUST0329,Household,0.045211140734839464
CUST0329,Produce,0.2036719340572789
CUST0329,Snacks,0.0516524155912348
CUST0330,Bakery,0.049117109803125635
CUST0330,Beverages,0.2158982685672355
CUST0330,Dairy,0.22510967822516434
CUST0330,Grocery,0.3257092004808668
CUST0330,Household,0.08483864420539883
CUST0330,Produce,0.0521537524784937
CUST0330,Snacks,0.047173346239715225
CUST0331,Bakery,0.2941673853854869
CUST0331,Beverages,0.14516429066680195
CUST0331,Grocery,0.23739705409838835
CUST0331,Household,0.1311112238513182
CUST0331,Snacks,0.1921600459980045
CUST0332,Beverages,0.08382221261617316
CUST0332,Dairy,0.10220150060209343
CUST0332,Fuel,0.6402028591718899
CUST0332,Household,0.05411893661036836
CUST0332,Produce,0.0643390866705777
CUST0332,Snacks,0.055315404328897394
CUST0333,Dairy,0.10603297922942763
CUST0333,Fuel,0.24581153216003385
CUST0333,Grocery,0.015181544315839545
CUST0333,Household,0.11537445166745944
CUST0333,Produce,0.26964748163416313
CUST0333,Snacks,0.24795201099307654
CUST0334,Bakery,0.07222428783892004
CUST0334,Dairy,0.10409278114632195
CUST0334,Fuel,0.21718052854364492
CUST0334,Grocery,0.2479764901041071
CUST0334,Household,0.09697117034664227
CUST0334,Produce,0.26155474202036383
CUST0335,Bakery,0.20231064447493488
CUST0335,Beverages,0.025167863084703743
CUST0335,Dairy,0.1281592395951401
CUST0335,Fuel,0.3211570456097092
CUST0335,Grocery,0.19415113974560372
CUST0335,Household,0.07120178700444763
CUST0335,Produce,0.014482955185693359
CUST0335,Snacks,0.04336932529976735
CUST0336,Bakery,0.014916502546293599
CUST0336,Dairy,0.40075281723788325
CUST0336,Grocery,0.20869119343673886
CUST0336,Household,0.1919101280721586
CUST0336,Produce,0.18372935870692567
CUST0337,Bakery,0.18334076658708715
CUST0337,Dairy,0.202109295065194
CUST0337,Grocery,0.31744366030904847
CUST0337,Produce,0.23348637091061733
CUST0337,Snacks,0.0636199071280531
CUST0338,Bakery,0.2220086261111582
CUST0338,Dairy,0.42223342238953093
CUST0338,Grocery,0.11662645013670649
CUST0338,Household,0.025311882535024068
CUST0338,Produce,0.14862423785587173
CUST0338,Snacks,0.06519538097170868
CUST0339,Bakery,0.14483352260058388
CUST0339,Beverages,0.018081504182028425
CUST0339,Fuel,0.5392094332871832
CUST0339,Grocery,0.15735627356118
CUST0339,Household,0.10283693459649777
CUST0339,Snacks,0.037682331772526695
CUST0340,Bakery,0.20130488870066962
CUST0340,Beverages,0.03918195212761264
CUST0340,Dairy,0.13688097191710116
CUST0340,Grocery,0.1708663084619253
CUST0340,Household,0.09507865505589229
CUST0340,Produce,0.22790997238470834
CUST0340,Snacks,0.12877725135209056
CUST0341,Bakery,0.1331248971532006
CUST0341,Beverages,0.06927760408096101
CUST0341,Dairy,0.2212286078657232
CUST0341,Fuel,0.09984367286490047
CUST0341,Grocery,0.18803994569688992
CUST0341,Household,0.02360334046404476
CUST0341,Produce,0.2648819318742801
CUST0342,Bakery,0.2594556640363782
CUST0342,Dairy,0.1379229637555169
CUST0342,Fuel,0.046154874949846186
CUST0342,Grocery,0.2905577103116223
CUST0342,Household,0.054547278320181886
CUST0342,Produce,0.14986625651999466
CUST0342,Snacks,0.06149525210645981
CUST0343,Bakery,0.06723501568004304
CUST0343,Dairy,0.42572367812612977
CUST0343,Fuel,0.02858560126449248
CUST0343,Grocery,0.36107818161945837
CUST0343,Household,0.08799320671593479
CUST0343,Produce,0.029384316593941535
CUST0344,Beverages,0.1908678894128865
CUST0344,Dairy,0.06206595477026118
CUST0344,Fuel,0.4493046660041703
CUST0344,Household,0.06154897782168891
CUST0344,Produce,0.06355944373280334
CUST0344,Snacks,0.17265306825818977
CUST0345,Bakery,0.2669819297861013
CUST0345,Beverages,0.20772916601421815
CUST0345,Grocery,0.08721931665152986
CUST0345,Produce,0.4380695875481507
CUST0346,Bakery,0.48859010576251566
CUST0346,Dairy,0.005844936171283683
CUST0346,Grocery,0.3241076877583506
CUST0346,Produce,0.16145613781214413
CUST0346,Snacks,0.020001132495705953
CUST0347,Bakery,0.2919343326195575
CUST0347,Dairy,0.18618569153901057
CUST0347,Fuel,0.2746938999615659
CUST0347,Household,0.026656783616098394
CUST0347,Produce,0.10325042552023281
CUST0347,Snacks,0.11727886674353484
CUST0348,Bakery,0.10310280575733843
CUST0348,Beverages,0.030873746706427434
CUST0348,Dairy,0.23025110235825583
CUST0348,Fuel,0.03225868673736676
CUST0348,Grocery,0.31883711330661185
CUST0348,Produce,0.2155105567921857
CUST0348,Snacks,0.06916598834181399
CUST0349,Bakery,0.13223198655864318
CUST0349,Dairy,0.0761266372856904
CUST0349,Fuel,0.43394118526728775
CUST0349,Household,0.2881358914135417
CUST0349,Produce,0.06956429947483705
CUST0350,Bakery,0.14959889178348426
CUST0350,Beverages,0.024376628209899512
CUST0350,Dairy,0.07409130380846049
CUST0350,Fuel,0.4468428234710334
CUST0350,Grocery,0.014814125625439357
CUST0350,Household,0.10621097465161478
CUST0350,Produce,0.08168961667286936
CUST0350,Snacks,0.10237563577719885
CUST0351,Bakery,0.11159116158498951
CUST0351,Beverages,0.12299608743955388
CUST0351,Fuel,0.40662183412675834
CUST0351,Grocery,0.14638021070935955
CUST0351,Household,0.04186278666616575
CUST0351,Produce,0.05404593099080629
CUST0351,Snacks,0.11650198848236663
CUST0352,Bakery,0.1766180166313653
CUST0352,Dairy,0.38961118564880715
CUST0352,Fuel,0.13801581409920247
CUST0352,Grocery,0.17247039112993848
CUST0352,Household,0.05607126560467476
CUST0352,Snacks,0.0672133268860118
CUST0353,Bakery,0.11599645998119365
CUST0353,Beverages,0.06028541401626195
CUST0353,Dairy,0.28420819735604846
CUST0353,Fuel,0.11856297361579735
CUST0353,Grocery,0.094275125836606
CUST0353,Household,0.05466010288179656
CUST0353,Produce,0.13276176779689142
CUST0353,Snacks,0.13924995851540461
CUST0354,Bakery,0.12786068493469605
CUST0354,Beverages,0.0780387865806812
CUST0354,Dairy,0.07189253369962516
CUST0354,Fuel,0.3425759939158305
CUST0354,Grocery,0.08377373718560596
CUST0354,Household,0.09489441948175913
CUST0354,Produce,0.10046640126029226
CUST0354,Snacks,0.1004974429415097
CUST0355,Bakery,0.14942992008805042
CUST0355,Beverages,0.1715665377430881
CUST0355,Dairy,0.13480394056597192
CUST0355,Fuel,0.3425052512459598
CUST0355,Grocery,0.032592604075431915
CUST0355,Household,0.10302518272785756
CUST0355,Produce,0.02850787105575234
CUST0355,Snacks,0.03756869249788787
CUST0356,Beverages,0.21286680388121137
CUST0356,Fuel,0.35380182299323726
CUST0356,Grocery,0.1838047633049103
CUST0356,Household,0.03562481623052043
CUST0356,Produce,0.1502264039988239
CUST0356,Snacks,0.06367538959129668
CUST0357,Bakery,0.1226067443488286
CUST0357,Fuel,0.41447585127846176
CUST0357,Grocery,0.13183493226829165
CUST0357,Household,0.03498270679787541
CUST0357,Produce,0.24084901387573598
CUST0357,Snacks,0.0552507514308066
CUST0358,Bakery,0.14450406785528822
CUST0358,Dairy,0.31665570365241474
CUST0358,Fuel,0.10417171542323005
CUST0358,Grocery,0.11643413536437597
CUST0358,Produce,0.1747342911545785
CUST0358,Snacks,0.1435000865501125
CUST0359,Bakery,0.13621536011086563
CUST0359,Beverages,0.07972517558976111
CUST0359,Dairy,0.17914430081304472
CUST0359,Fuel,0.013970690795541977
CUST0359,Grocery,0.1197879874556245
CUST0359,Household,0.09626053426081321
CUST0359,Produce,0.30888499939257863
CUST0359,Snacks,0.06601095158177016
CUST0360,Bakery,0.04860895485313296
CUST0360,Beverages,0.04799571508414581
CUST0360,Dairy,0.10928087933925355
CUST0360,Fuel,0.4788781593491896
CUST0360,Grocery,0.15678755511395392
CUST0360,Household,0.1363022418182947
CUST0360,Snacks,0.022146494442029437
CUST0361,Dairy,0.16524894826868844
CUST0361,Fuel,0.07276593777449032
CUST0361,Grocery,0.3528038463316536
CUST0361,Produce,0.40918126762516754
CUST0362,Bakery,0.07107308644649335
CUST0362,Beverages,0.01832699133122972
CUST0362,Dairy,0.1329457574221115
CUST0362,Fuel,0.07036422618549494
CUST0362,Grocery,0.23144287521598086
CUST0362,Household,0.13655897569692282
CUST0362,Produce,0.31907080234120794
CUST0362,Snacks,0.020217285360558817
CUST0363,Bakery,0.07344564208722963
CUST0363,Beverages,0.05485045328003426
CUST0363,Dairy,0.2209079877221786
CUST0363,Fuel,0.09825826254550646
CUST0363,Grocery,0.25222357056178174
CUST0363,Household,0.024284388607323865
CUST0363,Produce,0.27602969519594545
CUST0364,Bakery,0.36115800973284334
CUST0364,Beverages,0.036602443142318
CUST0364,Dairy,0.16921243420399246
CUST0364,Fuel,0.004871387426755388
CUST0364,Grocery,0.285932068725792
CUST0364,Household,0.062364683682590134
CUST0364,Produce,0.06587049359420002
CUST0364,Snacks,0.013988479491508592
CUST0365,Bakery,0.15216646686076382
CUST0365,Beverages,0.09462236684363759
CUST0365,Fuel,0.5778957584061197
CUST0365,Household,0.05440429297254095
CUST0365,Produce,0.12091111491693782
CUST0366,Bakery,0.0969051513069397
CUST0366,Beverages,0.11839876902828719
CUST0366,Dairy,0.054479207997445156
CUST0366,Fuel,0.4184674789273514
CUST0366,Grocery,0.09378901222262007
CUST0366,Household,0.08329381707682929
CUST0366,Produce,0.08054058238897545
CUST0366,Snacks,0.05412598105155178
CUST0367,Bakery,0.2377338949112753
CUST0367,Beverages,0.13015259269488366
CUST0367,Fuel,0.40914175239936473
CUST0367,Grocery,0.023482703859697574
CUST0367,Household,0.03538631498998826
CUST0367,Produce,0.06394393426776221
CUST0367,Snacks,0.10015880687702824
CUST0368,Beverages,0.2987781596029018
CUST0368,Dairy,0.3022861779305078
CUST0368,Grocery,0.18057941962581137
CUST0368,Produce,0.21835624284077892
CUST0369,Bakery,0.3627328862154411
CUST0369,Beverages,0.09062781203317478
CUST0369,Dairy,0.1172731423404095
CUST0369,Grocery,0.10817711542468074
CUST0369,Produce,0.32118904398629394
CUST0370,Bakery,0.11784574139725205
CUST0370,Beverages,0.12171719844083459
CUST0370,Fuel,0.4702277016420622
CUST0370,Grocery,0.08539252517769899
CUST0370,Produce,0.019533661393019028
CUST0370,Snacks,0.1852831719491331
CUST0371,Bakery,0.1589421519452289
CUST0371,Beverages,0.09439222510582695
CUST0371,Dairy,0.24139986632384552
CUST0371,Fuel,0.07870635202591632
CUST0371,Grocery,0.23043480878890607
CUST0371,Produce,0.14910912670933868
CUST0371,Snacks,0.04701546910093754
CUST0372,Bakery,0.11194496560350219
CUST0372,Beverages,0.10146427724224193
CUST0372,Dairy,0.09904178617382992
CUST0372,Grocery,0.23095612918993916
CUST0372,Produce,0.3030126587738026
CUST0372,Snacks,0.1535801830166843
CUST0373,Dairy,0.007311354449421395
CUST0373,Fuel,0.5224593043288261
CUST0373,Grocery,0.13810896439286346
CUST0373,Household,0.09999747884329331
CUST0373,Snacks,0.2321228979855958
CUST0374,Bakery,0.1804945847428736
CUST0374,Beverages,0.06497259591429995
CUST0374,Dairy,0.08660740041433929
CUST0374,Fuel,0.07105656517976555
CUST0374,Grocery,0.3191251671780348
CUST0374,Household,0.07413001861904388
CUST0374,Produce,0.20361366795164293
CUST0375,Bakery,0.26358875515618135
CUST0375,Dairy,0.1405287766546113
CUST0375,Grocery,0.2087889394284383
CUST0375,Household,0.08908080973889469
CUST0375,Produce,0.25131982356460913
CUST0375,Snacks,0.04669289545726526
CUST0376,Bakery,0.38671066446677665
CUST0376,Dairy,0.17538923053847308
CUST0376,Grocery,0.0376001199940003
CUST0376,Household,0.08212989350532472
CUST0376,Produce,0.31393430328483574
CUST0376,Snacks,0.00423578821058947
CUST0377,Bakery,0.06098515814805007
CUST0377,Beverages,0.07297147923407293
CUST0377,Fuel,0.3220704901610842
CUST0377,Grocery,0.2078780411979413
CUST0377,Household,0.07808380061946596
CUST0377,Produce,0.045164596022982416
CUST0377,Snacks,0.21284643461640318
CUST0378,Bakery,0.19252311522048365
CUST0378,Beverages,0.030286865813181605
CUST0378,Dairy,0.0830518018018018
CUST0378,Grocery,0.21270448079658608
CUST0378,Household,0.11732456140350876
CUST0378,Produce,0.3641091749644381
CUST0379,Bakery,0.0504019827862586
CUST0379,Dairy,0.05471774889639695
CUST0379,Fuel,0.47660238230289276
CUST0379,Grocery,0.027109176551826184
CUST0379,Household,0.12632247404374952
CUST0379,Produce,0.2648462354188759
CUST0380,Bakery,0.206690250754344
CUST0380,Dairy,0.42652516214060276
CUST0380,Fuel,0.07184476121111227
CUST0380,Grocery,0.1596608053272292
CUST0380,Produce,0.13527902056671176
CUST0381,Bakery,0.14559097335965168
CUST0381,Dairy,0.3553539680539806
CUST0381,Grocery,0.22747189674240198
CUST0381,Household,0.15891814707488136
CUST0381,Produce,0.11266501476908432
CUST0382,Bakery,0.3565822823464745
CUST0382,Dairy,0.12149204507283108
CUST0382,Grocery,0.2618102421595871
CUST0382,Produce,0.2601154304211073
CUST0383,Bakery,0.05791146857906488
CUST0383,Fuel,0.5185471085767408
CUST0383,Grocery,0.15065531180225272
CUST0383,Household,0.08192020053620193
CUST0383,Produce,0.08612432248478963
CUST0383,Snacks,0.10484158802095006
CUST0384,Bakery,0.039023549864004886
CUST0384,Dairy,0.16588271530819468
CUST0384,Fuel,0.44851240661755876
CUST0384,Grocery,0.022563181606987174
CUST0384,Household,0.14049522059399325
CUST0384,Produce,0.10615449671366894
CUST0384,Snacks,0.07736842929559229
CUST0385,Bakery,0.0305243616665145
CUST0385,Beverages,0.03144344015338263
CUST0385,Dairy,0.07002647676435679
CUST0385,Fuel,0.4237621351836635
CUST0385,Grocery,0.17799080921513133
CUST0385,Household,0.06832831187802428
CUST0385,Produce,0.05887580267202289
CUST0385,Snacks,0.13904866246690403
CUST0386,Bakery,0.189753556070129
CUST0386,Beverages,0.15191862388355937
CUST0386,Fuel,0.3091162200904179
CUST0386,Grocery,0.1493962950711214
CUST0386,Snacks,0.1998153048847723
CUST0387,Bakery,0.05420206544504991
CUST0387,Beverages,0.11160475469439936
CUST0387,Dairy,0.25903292199726174
CUST0387,Fuel,0.4084467454280041
CUST0387,Grocery,0.026049269659355702
CUST0387,Household,0.08439491889637413
CUST0387,Produce,0.056269323879554994
CUST0388,Bakery,0.1423313623748039
CUST0388,Beverages,0.06223603233980934
CUST0388,Dairy,0.15971300430392982
CUST0388,Fuel,0.025858774787820282
CUST0388,Grocery,0.2762006757572101
CUST0388,Produce,0.27945376292184543
CUST0388,Snacks,0.05420638751458107
CUST0389,Bakery,0.253387648275571
CUST0389,Fuel,0.14384313394402468
CUST0389,Grocery,0.053252564481404877
CUST0389,Produce,0.5495166532989996
CUST0390,Bakery,0.201838229297493
CUST0390,Dairy,0.1300298487987082
CUST0390,Fuel,0.11046502144872693
CUST0390,Grocery,0.3494429855323036
CUST0390,Household,0.0729746040548696
CUST0390,Produce,0.07327635420574466
CUST0390,Snacks,0.061972956662154
CUST0391,Bakery,0.14453358879176145
CUST0391,Beverages,0.09415040114956291
CUST0391,Dairy,0.26444437791881215
CUST0391,Fuel,0.05443958807328463
CUST0391,Grocery,0.17667045862770925
CUST0391,Household,0.2186265117949946
CUST0391,Produce,0.04713507364387498
CUST0392,Bakery,0.18043030788897796
CUST0392,Beverages,0.05128160682945854
CUST0392,Dairy,0.2356163196325266
CUST0392,Fuel,0.03584165709704677
CUST0392,Grocery,0.09694711069702944
CUST0392,Produce,0.3944748987064763
CUST0392,Snacks,0.005408099148484389
CUST0393,Beverages,0.018133136367833074
CUST0393,Dairy,0.2625796325362386
CUST0393,Fuel,0.5740559505124181
CUST0393,Grocery,0.12148462745822179
CUST0393,Snacks,0.023746653125288526
CUST0394,Bakery,0.2584411184753433
CUST0394,Beverages,0.040027449379348684
CUST0394,Dairy,0.4411445348806908
CUST0394,Fuel,0.1091894615230931
CUST0394,Grocery,0.05563711225580041
CUST0394,Produce,0.07687563520122306
CUST0394,Snacks,0.018684688284500657
CUST0395,Bakery,0.06355689931983369
CUST0395,Beverages,0.06678620273255786
CUST0395,Dairy,0.08235638519277479
CUST0395,Fuel,0.5494572849151279
CUST0395,Household,0.0947338569134995
CUST0395,Produce,0.1431093709262063
CUST0396,Bakery,0.11073810279907453
CUST0396,Beverages,0.12818128203964976
CUST0396,Dairy,0.20652814952592657
CUST0396,Grocery,0.397382388967019
CUST0396,Produce,0.15717007666833008
CUST0397,Fuel,0.5818697301078831
CUST0397,Grocery,0.3873853971059317
CUST0397,Household,0.030744872786185054
CUST0398,Beverages,0.26410658307210033
CUST0398,Dairy,0.16030699383850397
CUST0398,Fuel,0.19462760782618097
CUST0398,Grocery,0.18234515187547293
CUST0398,Produce,0.1986136633877419
CUST0399,Beverages,0.027043578923783562
CUST0399,Dairy,0.05356436013293999
CUST0399,Fuel,0.2904962844019568
CUST0399,Grocery,0.10239366667911422
CUST0399,Household,0.23517681765562565
CUST0399,Snacks,0.29132529220657977
CUST0400,Bakery,0.38675052410901467
CUST0400,Fuel,0.12419287211740042
CUST0400,Grocery,0.13932914046121592
CUST0400,Produce,0.08473794549266248
CUST0400,Snacks,0.26498951781970653
CUST0401,Bakery,0.23747170249405028
CUST0401,Beverages,0.05350405355726255
CUST0401,Dairy,0.2652854903933595
CUST0401,Grocery,0.17902888764197128
CUST0401,Household,0.04124180097904534
CUST0401,Produce,0.09328502602403112
CUST0401,Snacks,0.13018303891028
CUST0402,Bakery,0.1667727219767515
CUST0402,Dairy,0.07519918979718042
CUST0402,Fuel,0.4078663165347697
CUST0402,Grocery,0.011122363928049687
CUST0402,Household,0.13346836713659624
CUST0402,Snacks,0.20557104062665246
CUST0403,Bakery,0.16732797707647892
CUST0403,Dairy,0.21604903849041066
CUST0403,Fuel,0.09051015987268524
CUST0403,Grocery,0.2167182131321234
CUST0403,Household,0.024969651214165913
CUST0403,Produce,0.2803755957155665
CUST0403,Snacks,0.004049364498569424
CUST0404,Bakery,0.12161031503483262
CUST0404,Beverages,0.09715262059307928
CUST0404,Dairy,0.0901684824251605
CUST0404,Fuel,0.13657380904150848
CUST0404,Grocery,0.0883806135120615
CUST0404,Produce,0.4132707432426481
CUST0404,Snacks,0.05284341615070942
CUST0405,Bakery,0.27804293636837935
CUST0405,Beverages,0.08324476821703929
CUST0405,Fuel,0.16996773009217214
CUST0405,Grocery,0.4524357017255705
CUST0405,Snacks,0.016308863596838707
CUST0406,Bakery,0.09356275209251358
CUST0406,Dairy,0.13495605138607167
CUST0406,Fuel,0.48499685248653557
CUST0406,Grocery,0.11132871698025226
CUST0406,Household,0.01219836329299853
CUST0406,Produce,0.057391993658343236
CUST0406,Snacks,0.10556527010328505
CUST0407,Beverages,0.1747569054352458
CUST0407,Fuel,0.3203618331848293
CUST0407,Grocery,0.1826792701352032
CUST0407,Household,0.12606051214504319
CUST0407,Produce,0.19614147909967847
CUST0408,Dairy,0.11870556560514914
CUST0408,Fuel,0.4958457784695638
CUST0408,Grocery,0.17469816162551008
CUST0408,Household,0.04633797484329646
CUST0408,Produce,0.13259854444491187
CUST0408,Snacks,0.03181397501156872
CUST0409,Bakery,0.16534938139453836
CUST0409,Beverages,0.05881108262179184
CUST0409,Dairy,0.15754524408155138
CUST0409,Fuel,0.0510318388887506
CUST0409,Grocery,0.2298362002439571
CUST0409,Household,0.06735580393816436
CUST0409,Produce,0.1722449030395061
CUST0409,Snacks,0.09782554579174031
CUST0410,Bakery,0.3082932203283737
CUST0410,Beverages,0.03178577464524246
CUST0410,Dairy,0.4162634501148619
CUST0410,Fuel,0.07610308155511182
CUST0410,Grocery,0.005095238393309839
CUST0410,Produce,0.1581652134178784
CUST0410,Snacks,0.0042940215452218055
CUST0411,Grocery,0.34280324902798637
CUST0411,Household,0.0675597644069754
CUST0411,Produce,0.5068329676252069
CUST0411,Snacks,0.0828040189398314
CUST0412,Bakery,0.19528350185588123
CUST0412,Fuel,0.24161653654166138
CUST0412,Grocery,0.34871368232433125
CUST0412,Produce,0.2143862792781262
CUST0413,Bakery,0.1763862244804148
CUST0413,Beverages,0.03993037466520389
CUST0413,Dairy,0.16510888152048003
CUST0413,Fuel,0.46151300265385303
CUST0413,Grocery,0.06355763396441508
CUST0413,Household,0.0094263877567281
CUST0413,Produce,0.08407749495890512
CUST0414,Bakery,0.10736717909567269
CUST0414,Dairy,0.05474199257382795
CUST0414,Fuel,0.5991602179269181
CUST0414,Grocery,0.024672936114099316
CUST0414,Household,0.08234722559600235
CUST0414,Snacks,0.13171044869347953
CUST0415,Bakery,0.1630726057804
CUST0415,Beverages,0.2577027912914467
CUST0415,Dairy,0.06963852373230284
CUST0415,Grocery,0.3586815259519949
CUST0415,Household,0.009384811786219508
CUST0415,Produce,0.14151974145763607
CUST0416,Bakery,0.2598506309554468
CUST0416,Beverages,0.024274309260144955
CUST0416,Dairy,0.3531658143556161
CUST0416,Grocery,0.23835767631801627
CUST0416,Produce,0.09895147345572275
CUST0416,Snacks,0.025400095655053165
CUST0417,Bakery,0.05790855805103879
CUST0417,Beverages,0.05462930894647546
CUST0417,Dairy,0.12122700032003365
CUST0417,Fuel,0.5795678230257648
CUST0417,Grocery,0.045260652079561245
CUST0417,Household,0.04587003125808303
CUST0417,Produce,0.09553662631904287
CUST0418,Bakery,0.05281015004098507
CUST0418,Dairy,0.14823764211126556
CUST0418,Fuel,0.6224598168145693
CUST0418,Grocery,0.09310381695712605
CUST0418,Produce,0.07102177554438861
CUST0418,Snacks,0.01236679853166542
CUST0419,Bakery,0.10991622277449717
CUST0419,Beverages,0.08169851095306548
CUST0419,Dairy,0.01167181455854557
CUST0419,Fuel,0.4606867301736313
CUST0419,Grocery,0.12127790653328248
CUST0419,Household,0.002489428311589253
CUST0419,Produce,0.1307494687962315
CUST0419,Snacks,0.0815099178991572
CUST0420,Bakery,0.05298629344028446
CUST0420,Dairy,0.1229042194703438
CUST0420,Fuel,0.36069132331355563
CUST0420,Household,0.2566827231192243
CUST0420,Produce,0.04867585950259453
CUST0420,Snacks,0.1580595811539972
CUST0421,Bakery,0.2950061928952234
CUST0421,Dairy,0.35272577141933975
CUST0421,Grocery,0.2194079951174855
CUST0421,Snacks,0.1328600405679513
CUST0422,Bakery,0.2277094116936215
CUST0422,Beverages,0.012668425610763126
CUST0422,Fuel,0.6020623955207346
CUST0422,Produce,0.03029143421079132
CUST0422,Snacks,0.12726833296408935
CUST0423,Bakery,0.10139901292301896
CUST0423,Beverages,0.11878663287484208
CUST0423,Dairy,0.08229303161314114
CUST0423,Fuel,0.36057341483126315
CUST0423,Grocery,0.07131984275816615
CUST0423,Household,0.12327084984346436
CUST0423,Produce,0.04305711393755836
CUST0423,Snacks,0.09930010121854575
CUST0424,Bakery,0.13778207975099166
CUST0424,Beverages,0.050386228624570595
CUST0424,Dairy,0.14105031410730892
CUST0424,Fuel,0.15636280817627968
CUST0424,Grocery,0.1346732714608362
CUST0424,Household,0.0291559908140219
CUST0424,Produce,0.15308698210252614
CUST0424,Snacks,0.19750232496346487
CUST0425,Bakery,0.037272211605711994
CUST0425,Beverages,0.1342856985510758
CUST0425,Dairy,0.017705401937406034
CUST0425,Fuel,0.6112191119212701
CUST0425,Grocery,0.005094089204385873
CUST0425,Household,0.04475088527009687
CUST0425,Produce,0.14967260151005324
CUST0426,Bakery,0.23673802387244378
CUST0426,Beverages,0.088714683503893
CUST0426,Dairy,0.21635510703580865
CUST0426,Fuel,0.03568451483603213
CUST0426,Grocery,0.1374926839650249
CUST0426,Household,0.0663630881648724
CUST0426,Produce,0.21865189862192502
CUST0427,Bakery,0.0936473165388828
CUST0427,Beverages,0.08964906187944684
CUST0427,Dairy,0.18767753942599666
CUST0427,Fuel,0.3269530449959483
CUST0427,Grocery,0.062102066803800565
CUST0427,Produce,0.04375372888449585
CUST0427,Snacks,0.19621724147142894
CUST0428,Bakery,0.21121454759671654
CUST0428,Beverages,0.1221213694956244
CUST0428,Dairy,0.09879777693374982
CUST0428,Fuel,0.36058940710482046
CUST0428,Grocery,0.07524164606118856
CUST0428,Household,0.06497120400585997
CUST0428,Snacks,0.06706404880204013
CUST0429,Bakery,0.09770559050170798
CUST0429,Beverages,0.1007171383795417
CUST0429,Dairy,0.05781883047946442
CUST0429,Fuel,0.4094549603876736
CUST0429,Household,0.05055356149840756
CUST0429,Produce,0.15311951584131958
CUST0429,Snacks,0.13063040291188513
CUST0430,Bakery,0.15664976469808442
CUST0430,Dairy,0.06585968051965267
CUST0430,Fuel,0.023339630145158084
CUST0430,Grocery,0.34755087161132103
CUST0430,Household,0.059223172267515084
CUST0430,Produce,0.2746321336249752
CUST0430,Snacks,0.07274474713329356
CUST0431,Bakery,0.12187203382517904
CUST0431,Dairy,0.3333009750625593
CUST0431,Fuel,0.15432737941151092
CUST0431,Grocery,0.17687030805073775
CUST0431,Produce,0.21362930365001295
CUST0432,Beverages,0.16367232738564974
CUST0432,Dairy,0.3353591669826694
CUST0432,Fuel,0.4024166521476228
CUST0432,Grocery,0.09855185348405808
CUST0433,Bakery,0.23111680096392803
CUST0433,Beverages,0.004838466752014459
CUST0433,Dairy,0.20290496272309663
CUST0433,Grocery,0.21207357481738087
CUST0433,Produce,0.2211480533172679
CUST0433,Snacks,0.12791814142631222
CUST0434,Bakery,0.5022842472516622
CUST0434,Dairy,0.05317622276347838
CUST0434,Grocery,0.28936870515436774
CUST0434,Snacks,0.15517082483049174
CUST0435,Bakery,0.03777406917189388
CUST0435,Dairy,0.277596823387236
CUST0435,Fuel,0.28866893019508544
CUST0435,Produce,0.39596017724578464
CUST0436,Bakery,0.1283089643364048
CUST0436,Beverages,0.12548155991619167
CUST0436,Dairy,0.04670849573073198
CUST0436,Fuel,0.4856771126681236
CUST0436,Grocery,0.03673372834388447
CUST0436,Household,0.10223150922567417
CUST0436,Produce,0.07485862977898934
CUST0437,Bakery,0.3449760002833914
CUST0437,Dairy,0.2028197453019005
CUST0437,Grocery,0.452204254414708
CUST0438,Bakery,0.2185188499949986
CUST0438,Beverages,0.026538981926537402
CUST0438,Dairy,0.2645474790336252
CUST0438,Grocery,0.24174638188547332
CUST0438,Produce,0.19033203999010248
CUST0438,Snacks,0.058316267169263004
CUST0439,Bakery,0.01543969188483008
CUST0439,Dairy,0.16688440591119633
CUST0439,Fuel,0.18782130677480108
CUST0439,Grocery,0.32682943382140855
CUST0439,Snacks,0.30302516160776394
CUST0440,Beverages,0.04787954669491797
CUST0440,Dairy,0.04349417316767793
CUST0440,Fuel,0.7301935856688818
CUST0440,Grocery,0.083649555362933
CUST0440,Household,0.08342482904748146
CUST0440,Snacks,0.011358310058107805
CUST0441,Bakery,0.05083481160589887
CUST0441,Beverages,0.09469572963219564
CUST0441,Dairy,0.21939595118274496
CUST0441,Fuel,0.10654221261239312
CUST0441,Grocery,0.16184610230915056
CUST0441,Produce,0.36668519265761684
CUST0442,Bakery,0.254733121894168
CUST0442,Dairy,0.2450293920868637
CUST0442,Fuel,0.047216306351857244
CUST0442,Grocery,0.11566335207685353
CUST0442,Household,0.0468230499333507
CUST0442,Produce,0.22372715154672346
CUST0442,Snacks,0.0668076261101833
CUST0443,Bakery,0.03547503831648556
CUST0443,Dairy,0.20248325268215397
CUST0443,Fuel,0.2797361759286366
CUST0443,Grocery,0.22767741824381338
CUST0443,Produce,0.25462811482891046
CUST0444,Bakery,0.06138558786346397
CUST0444,Beverages,0.08725158027812895
CUST0444,Dairy,0.12784829329962072
CUST0444,Fuel,0.43069532237673835
CUST0444,Grocery,0.036804045512010115
CUST0444,Household,0.05631352718078382
CUST0444,Produce,0.12842477876106195
CUST0444,Snacks,0.07127686472819215
CUST0445,Bakery,0.14461625561728178
CUST0445,Beverages,0.016552846679169175
CUST0445,Dairy,0.23806659353879905
CUST0445,Grocery,0.2306004741516578
CUST0445,Household,0.06337355366052157
CUST0445,Produce,0.22635433990304663
CUST0445,Snacks,0.08043593644952408
CUST0446,Bakery,0.08134204283796287
CUST0446,Dairy,0.21656197174280528
CUST0446,Fuel,0.10279580663786686
CUST0446,Grocery,0.23693748217403707
CUST0446,Household,0.1017314662158872
CUST0446,Produce,0.2361235747925232
CUST0446,Snacks,0.024507655598917575
CUST0447,Beverages,0.16014085130885414
CUST0447,Dairy,0.059596049076493775
CUST0447,Fuel,0.3923240465960934
CUST0447,Grocery,0.11345617221065685
CUST0447,Produce,0.04739336492890995
CUST0447,Snacks,0.2270895158789919
CUST0448,Fuel,0.7629154578307121
CUST0448,Grocery,0.07836650209531565
CUST0448,Produce,0.15871804007397228
CUST0449,Bakery,0.19000836120401338
CUST0449,Beverages,0.15887895549266787
CUST0449,Dairy,0.20495669325100763
CUST0449,Fuel,0.0070105479804476465
CUST0449,Grocery,0.14678200840408198
CUST0449,Produce,0.26448739387702597
CUST0449,Snacks,0.027876039790755508
CUST0450,Bakery,0.05369273621398947
CUST0450,Beverages,0.02217148853747439
CUST0450,Dairy,0.08073726339527432
CUST0450,Fuel,0.352924102283574
CUST0450,Grocery,0.060491546143154586
CUST0450,Household,0.09886184126062664
CUST0450,Produce,0.0574382218153604
CUST0450,Snacks,0.2736828003505462
CUST0451,Fuel,0.2485682345859489
CUST0451,Grocery,0.45013328747097775
CUST0451,Produce,0.1056840656978244
CUST0451,Snacks,0.19561441224524892
CUST0452,Bakery,0.09199583919457156
CUST0452,Beverages,0.10929659751752982
CUST0452,Dairy,0.014417298602465224
CUST0452,Fuel,0.32055987625376603
CUST0452,Grocery,0.2656340108116266
CUST0452,Household,0.1511202375755224
CUST0452,Snacks,0.046976140044518465
CUST0453,Bakery,0.23927419354838708
CUST0453,Dairy,0.2915783410138249
CUST0453,Grocery,0.46914746543778796
CUST0454,Bakery,0.06736050143939239
CUST0454,Beverages,0.12193491088017312
CUST0454,Dairy,0.17597848057330692
CUST0454,Fuel,0.23020069825843728
CUST0454,Grocery,0.09455072582127035
CUST0454,Household,0.08910451417954633
CUST0454,Produce,0.09785316155903549
CUST0454,Snacks,0.12301700728883806
CUST0455,Bakery,0.07509099955482232
CUST0455,Beverages,0.1730169953125409
CUST0455,Dairy,0.04642941315107235
CUST0455,Fuel,0.5974415376960746
CUST0455,Household,0.10802105428548983
CUST0456,Bakery,0.19871204209922805
CUST0456,Beverages,0.12501279767389478
CUST0456,Dairy,0.10333865716567357
CUST0456,Fuel,0.0668499293568401
CUST0456,Grocery,0.1310430616131212
CUST0456,Household,0.1436052583082499
CUST0456,Produce,0.18310911808669655
CUST0456,Snacks,0.048329135696295836
CUST0457,Bakery,0.37362496927992134
CUST0457,Dairy,0.026679773900221186
CUST0457,Fuel,0.11172278201032196
CUST0457,Grocery,0.06469402801671173
CUST0457,Produce,0.4232784467928238
CUST0458,Beverages,0.09965764205886982
CUST0458,Fuel,0.5648610892491737
CUST0458,Grocery,0.09527978907602708
CUST0458,Household,0.1372776640957028
CUST0458,Snacks,0.10292381552022667
CUST0459,Bakery,0.18410319879723228
CUST0459,Beverages,0.019752635207535573
CUST0459,Dairy,0.11238568307735756
CUST0459,Fuel,0.1369560341891701
CUST0459,Grocery,0.34944222478797893
CUST0459,Produce,0.08122835142745599
CUST0459,Snacks,0.11613187251326948
CUST0460,Bakery,0.34300824519030565
CUST0460,Dairy,0.0998584159240443
CUST0460,Grocery,0.3039268759890064
CUST0460,Household,0.1530981927209128
CUST0460,Produce,0.10010827017573083
CUST0461,Bakery,0.44775857412908454
CUST0461,Beverages,0.051357007831487986
CUST0461,Dairy,0.15480691331352958
CUST0461,Fuel,0.004138536321901161
CUST0461,Grocery,0.2133675398325682
CUST0461,Produce,0.12857142857142856
CUST0462,Bakery,0.3482713019864646
CUST0462,Dairy,0.19829287093283923
CUST0462,Grocery,0.2534386557949748
CUST0462,Produce,0.10406132652556095
CUST0462,Snacks,0.09593584476016039
CUST0463,Bakery,0.018094944512946978
CUST0463,Beverages,0.23985819975339087
CUST0463,Dairy,0.1700369913686806
CUST0463,Fuel,0.2590628853267571
CUST0463,Grocery,0.05316481709823263
CUST0463,Snacks,0.25978216193999176
CUST0464,Bakery,0.09246984302798497
CUST0464,Beverages,0.08112816785217747
CUST0464,Dairy,0.13553474902361215
CUST0464,Fuel,0.04674546996417507
CUST0464,Grocery,0.162804382063308
CUST0464,Household,0.15018200908026286
CUST0464,Produce,0.3311353789884795
CUST0465,Bakery,0.09473638191833522
CUST0465,Beverages,0.0718763661799423
CUST0465,Dairy,0.1697647984611349
CUST0465,Fuel,0.36681384978578296
CUST0465,Grocery,0.1028023082976305
CUST0465,Household,0.02667220424936609
CUST0465,Produce,0.0537334965462971
CUST0465,Snacks,0.11360059456151086
CUST0466,Bakery,0.08294995315537035
CUST0466,Beverages,0.02645672814732986
CUST0466,Dairy,0.16527065009159173
CUST0466,Fuel,0.3085872498706529
CUST0466,Household,0.12309649993707437
CUST0466,Produce,0.16094975738676884
CUST0466,Snacks,0.13268916141121195
CUST0467,Bakery,0.029187817258883246
CUST0467,Beverages,0.0812778317359673
CUST0467,Dairy,0.045639465630669424
CUST0467,Fuel,0.5287754952445527
CUST0467,Grocery,0.1534066961095127
CUST0467,Produce,0.10406091370558374
CUST0467,Snacks,0.05765178031483076
CUST0468,Bakery,0.06854660734928364
CUST0468,Dairy,0.3549514835184083
CUST0468,Grocery,0.09093775177777001
CUST0468,Produce,0.44527270816548153
CUST0468,Snacks,0.040291449189056645
CUST0469,Fuel,0.41478234652937224
CUST0469,Grocery,0.1440432292029036
CUST0469,Household,0.25132772095827827
CUST0469,Snacks,0.18984670330944595
CUST0470,Bakery,0.06983048429237669
CUST0470,Beverages,0.051920316025075124
CUST0470,Dairy,0.056526042641983895
CUST0470,Fuel,0.4146134845688094
CUST0470,Grocery,0.1497418474626147
CUST0470,Produce,0.03925791177336079
CUST0470,Snacks,0.21810991323577933
CUST0471,Bakery,0.22543088794817706
CUST0471,Beverages,0.06289264242237963
CUST0471,Dairy,0.23982564231526887
CUST0471,Grocery,0.22328867280457876
CUST0471,Household,0.11406829940716524
CUST0471,Produce,0.06620841890551434
CUST0471,Snacks,0.06828543619691614
CUST0472,Bakery,0.0571579490455249
CUST0472,Dairy,0.3864580006387736
CUST0472,Household,0.044235068668157136
CUST0472,Produce,0.34308281944819796
CUST0472,Snacks,0.1690661621993465
CUST0473,Bakery,0.2214913012989615
CUST0473,Dairy,0.22384546031322003
CUST0473,Fuel,0.09184002849478523
CUST0473,Grocery,0.36167785309602524
CUST0473,Household,0.011765229683552054
CUST0473,Produce,0.08938012711345601
CUST0474,Dairy,0.22844268024765327
CUST0474,Fuel,0.6268598961453964
CUST0474,Grocery,0.0158528060714999
CUST0474,Household,0.11980726982224883
CUST0474,Produce,0.009037347713201518
CUST0475,Bakery,0.22056060218592602
CUST0475,Beverages,0.16252682373608782
CUST0475,Dairy,0.09522565294254995
CUST0475,Grocery,0.24180277743804135
CUST0475,Household,0.07339974871857592
CUST0475,Produce,0.20648439497881896
CUST0476,Bakery,0.19971110284301063
CUST0476,Household,0.5673765074084611
CUST0476,Produce,0.23291238974852815
CUST0477,Bakery,0.028209598178910517
CUST0477,Beverages,0.09208700120541524
CUST0477,Dairy,0.027052207446680784
CUST0477,Fuel,0.48443765698012264
CUST0477,Grocery,0.15455728603879423
CUST0477,Household,0.12423460934460949
CUST0477,Produce,0.01904652134449423
CUST0477,Snacks,0.07037511946097287
CUST0478,Bakery,0.03220698497480044
CUST0478,Beverages,0.12066245590815898
CUST0478,Dairy,0.05671525385674362
CUST0478,Fuel,0.3954114943072042
CUST0478,Grocery,0.0653947733812312
CUST0478,Household,0.21048868826403702
CUST0478,Produce,0.11912034930782457
CUST0479,Bakery,0.2775387854102787
CUST0479,Beverages,0.07149939743413726
CUST0479,Dairy,0.22214086311839276
CUST0479,Fuel,0.11280185498756733
CUST0479,Grocery,0.10654737388067671
CUST0479,Produce,0.20947172516894727
CUST0480,Bakery,0.2545476488271564
CUST0480,Beverages,0.10824940205823623
CUST0480,Dairy,0.3103043468720514
CUST0480,Grocery,0.15050578193228448
CUST0480,Produce,0.17639282031027143
CUST0481,Bakery,0.051450389249764465
CUST0481,Beverages,0.06486834928348291
CUST0481,Dairy,0.05292309218029454
CUST0481,Fuel,0.42449050428918533
CUST0481,Grocery,0.0780631725095453
CUST0481,Household,0.05447513264243566
CUST0481,Produce,0.17830614370010414
CUST0481,Snacks,0.09542321614518769
CUST0482,Bakery,0.22831832521989848
CUST0482,Beverages,0.20574347617157301
CUST0482,Dairy,0.1429914547771765
CUST0482,Fuel,0.13399703319892192
CUST0482,Produce,0.17713056014040074
CUST0482,Snacks,0.11181915049202934
CUST0483,Bakery,0.25306145376923944
CUST0483,Beverages,0.09916488784031757
CUST0483,Dairy,0.24214507733213497
CUST0483,Grocery,0.17188143654271054
CUST0483,Produce,0.11903156948657455
CUST0483,Snacks,0.11471557502902296
CUST0484,Bakery,0.04959676017659123
CUST0484,Beverages,0.06647808252511558
CUST0484,Dairy,0.0191973441790941
CUST0484,Fuel,0.4494342475753467
CUST0484,Grocery,0.023959745541766605
CUST0484,Household,0.1496158793061494
CUST0484,Produce,0.18594222546668057
CUST0484,Snacks,0.05577571522925575
CUST0485,Bakery,0.4041754025240219
CUST0485,Dairy,0.3070029870560903
CUST0485,Grocery,0.1915682449224094
CUST0485,Produce,0.0256854443751872
CUST0485,Snacks,0.07156792112229121
CUST0486,Bakery,0.0381173547117902
CUST0486,Dairy,0.04302808880737202
CUST0486,Fuel,0.781354001804547
CUST0486,Grocery,0.1156093303947816
CUST0486,Produce,0.021891224281509313
CUST0487,Bakery,0.07453880088229396
CUST0487,Beverages,0.12480950471225184
CUST0487,Dairy,0.012512532584720274
CUST0487,Fuel,0.5359635051132946
CUST0487,Grocery,0.17219771405654702
CUST0487,Household,0.003905153398836976
CUST0487,Snacks,0.07607278925205535
CUST0488,Bakery,0.2181818181818182
CUST0488,Beverages,0.09244669484833001
CUST0488,Dairy,0.07661541320202538
CUST0488,Fuel,0.2742184233752961
CUST0488,Grocery,0.06829562874529661
CUST0488,Household,0.1212848980350258
CUST0488,Produce,0.08029451386630744
CUST0488,Snacks,0.06866260974590051
CUST0489,Beverages,0.14397665694039183
CUST0489,Fuel,0.4293098314774013
CUST0489,Grocery,0.013207884237479903
CUST0489,Produce,0.28100994461978207
CUST0489,Snacks,0.1324956827249449
CUST0490,Bakery,0.06717241284787182
CUST0490,Beverages,0.06580182699094728
CUST0490,Dairy,0.029556684004577758
CUST0490,Fuel,0.573699827991475
CUST0490,Grocery,0.21182404418768805
CUST0490,Household,0.05194520397744015
CUST0491,Bakery,0.13895340397735517
CUST0491,Beverages,0.06051572900897912
CUST0491,Dairy,0.18356385956908527
CUST0491,Fuel,0.027497252348464424
CUST0491,Grocery,0.4236774982891981
CUST0491,Household,0.018170789872052753
CUST0491,Produce,0.1476214669348651
CUST0492,Bakery,0.05948403284104883
CUST0492,Fuel,0.6992013315281522
CUST0492,Household,0.19646250729732082
CUST0492,Snacks,0.04485212833347824
CUST0493,Bakery,0.08944943666469006
CUST0493,Beverages,0.20143228572731836
CUST0493,Dairy,0.37704693700679653
CUST0493,Grocery,0.16108978828497145
CUST0493,Household,0.05306885788571689
CUST0493,Produce,0.0934439368960192
CUST0493,Snacks,0.02446875753448759
CUST0494,Bakery,0.2337489173542417
CUST0494,Beverages,0.044479646259743814
CUST0494,Dairy,0.2620116697816474
CUST0494,Fuel,0.1396043214660163
CUST0494,Grocery,0.0878994393034599
CUST0494,Produce,0.1659183115284679
CUST0494,Snacks,0.06633769430642293
CUST0495,Bakery,0.26379119663791195
CUST0495,Grocery,0.6978102189781022
CUST0495,Household,0.03839858438398584
CUST0496,Bakery,0.122183673349988
CUST0496,Beverages,0.09492578529513289
CUST0496,Dairy,0.11542624456626667
CUST0496,Fuel,0.38495111833983725
CUST0496,Household,0.1264136482509668
CUST0496,Produce,0.15609953019780837
CUST0497,Bakery,0.13426726763308564
CUST0497,Beverages,0.13817760994030942
CUST0497,Dairy,0.38593007674503593
CUST0497,Fuel,0.1576075039590693
CUST0497,Grocery,0.1323060056036058
CUST0497,Produce,0.051711536118893904
CUST0498,Bakery,0.2734012752607806
CUST0498,Beverages,0.15237146918919564
CUST0498,Dairy,0.2202194216338454
CUST0498,Fuel,0.03752601807919093
CUST0498,Grocery,0.1505059654132001
CUST0498,Produce,0.11386771118882377
CUST0498,Snacks,0.0521081392349635
CUST0499,Bakery,0.133373934226553
CUST0499,Beverages,0.11010487685274532
CUST0499,Dairy,0.19002799879779173
CUST0499,Fuel,0.0864482654982046
CUST0499,Grocery,0.23530063115934008
CUST0499,Household,0.07473464416217157
CUST0499,Produce,0.17000964930319376
CUST0500,Bakery,0.07408980099408177
CUST0500,Dairy,0.43803670747381146
CUST0500,Fuel,0.05607728208491778
CUST0500,Grocery,0.16097906817156438
CUST0500,Household,0.02197823029181721
CUST0500,Produce,0.19896800512585255
CUST0500,Snacks,0.049870905857954735
