customer_id,tier,primary_channel,rank,offer_id,offer_name,category,channel,discount,score,components,boosts_applied
CUST0001,Standard,Fuel,1,OFFER007,Dairy Reward #7,Dairy,Both,15Free item,65.35,"{'transaction_affinity': 0.162, 'redemption_match': 0.7, 'points_eligibility': 1.0, 'cart_affinity': 1.0, 'demographic_match': 0.8}","{'recency_boost': False, 'tier_multiplier': False}"
CUST0001,Standard,Fuel,2,OFFER014,Dairy Reward #14,Dairy,Both,50$ off,65.35,"{'transaction_affinity': 0.162, 'redemption_match': 0.7, 'points_eligibility': 1.0, 'cart_affinity': 1.0, 'demographic_match': 0.8}","{'recency_boost': False, 'tier_multiplier': False}"
CUST0001,Standard,Fuel,3,OFFER012,Produce Reward #12,Produce,Both,15$ off,61.17,"{'transaction_affinity': 0.022, 'redemption_match': 0.7, 'points_eligibility': 1.0, 'cart_affinity': 1.0, 'demographic_match': 0.8}","{'recency_boost': False, 'tier_multiplier': False}"
CUST0002,Standard,Grocery,1,OFFER009,Bakery Reward #9,Bakery,Grocery,25% off,82.66,"{'transaction_affinity': 0.25, 'redemption_match': 1.0, 'points_eligibility': 1.0, 'cart_affinity': 0.76, 'demographic_match': 0.5}","{'recency_boost': True, 'tier_multiplier': False}"
CUST0002,Standard,Grocery,2,OFFER001,Grocery Reward #1,Grocery,eCommerce,10Fuel cents/L,81.52,"{'transaction_affinity': 0.281, 'redemption_match': 0.9, 'points_eligibility': 1.0, 'cart_affinity': 0.8, 'demographic_match': 0.5}","{'recency_boost': True, 'tier_multiplier': False}"
CUST0002,Standard,Grocery,3,OFFER020,Beverages Reward #20,Beverages,Grocery,5Free item,78.07,"{'transaction_affinity': 0.122, 'redemption_match': 1.0, 'points_eligibility': 1.0, 'cart_affinity': 0.76, 'demographic_match': 0.5}","{'recency_boost': True, 'tier_multiplier': False}"
CUST0003,Standard,Fuel,1,OFFER007,Dairy Reward #7,Dairy,Both,15Free item,64.81,"{'transaction_affinity': 0.144, 'redemption_match': 0.7, 'points_eligibility': 1.0, 'cart_affinity': 1.0, 'demographic_match': 0.8}","{'recency_boost': False, 'tier_multiplier': False}"
CUST0003,Standard,Fuel,2,OFFER014,Dairy Reward #14,Dairy,Both,50$ off,64.81,"{'transaction_affinity': 0.144, 'redemption_match': 0.7, 'points_eligibility': 1.0, 'cart_affinity': 1.0, 'demographic_match': 0.8}","{'recency_boost': False, 'tier_multiplier': False}"
CUST0003,Standard,Fuel,3,OFFER012,Produce Reward #12,Produce,Both,15$ off,63.16,"{'transaction_affinity': 0.089, 'redemption_match': 0.7, 'points_eligibility': 1.0, 'cart_affinity': 1.0, 'demographic_match': 0.8}","{'recency_boost': False, 'tier_multiplier': False}"
CUST0004,Standard,Fuel,1,OFFER007,Dairy Reward #7,Dairy,Both,15Free item,60.5,"{'transaction_affinity': 0.0, 'redemption_match': 0.7, 'points_eligibility': 1.0, 'cart_affinity': 1.0, 'demographic_match': 0.8}","{'recency_boost': False, 'tier_multiplier': False}"
CUST0004,Standard,Fuel,2,OFFER012,Produce Reward #12,Produce,Both,15$ off,60.5,"{'transaction_affinity': 0.0, 'redemption_match': 0.7, 'points_eligibility': 1.0, 'cart_affinity': 1.0, 'demographic_match': 0.8}","{'recency_boost': False, 'tier_multiplier': False}"
CUST0004,Standard,Fuel,3,OFFER014,Dairy Reward #14,Dairy,Both,50$ off,60.5,"{'transaction_affinity': 0.0, 'redemption_match': 0.7, 'points_eligibility': 1.0, 'cart_affinity': 1.0, 'demographic_match': 0.8}","{'recency_boost': False, 'tier_multiplier': False}"
CUST0005,Standard,Fuel,1,OFFER004,Beverages Reward #4,Beverages,Both,50% off,63.52,"{'transaction_affinity': 0.201, 'redemption_match': 0.7, 'points_eligibility': 1.0, 'cart_affinity': 1.0, 'demographic_match': 0.5}","{'recency_boost': False, 'tier_multiplier': False}"
CUST0005,Standard,Fuel,2,OFFER006,Beverages Reward #6,Beverages,Both,50Fuel cents/L,63.52,"{'transaction_affinity': 0.201, 'redemption_match': 0.7, 'points_eligibility': 1.0, 'cart_affinity': 1.0, 'demographic_match': 0.5}","{'recency_boost': False, 'tier_multiplier': False}"
CUST0005,Standard,Fuel,3,OFFER012,Produce Reward #12,Produce,Both,15$ off,61.06,"{'transaction_affinity': 0.119, 'redemption_match': 0.7, 'points_eligibility': 1.0, 'cart_affinity': 1.0, 'demographic_match': 0.5}","{'recency_boost': False, 'tier_multiplier': False}"
CUST0006,Standard,Fuel,1,OFFER004,Beverages Reward #4,Beverages,Both,50% off,60.43,"{'transaction_affinity': 0.098, 'redemption_match': 0.7, 'points_eligibility': 1.0, 'cart_affinity': 1.0, 'demographic_match': 0.5}","{'recency_boost': False, 'tier_multiplier': False}"
CUST0006,Standard,Fuel,2,OFFER006,Beverages Reward #6,Beverages,Both,50Fuel cents/L,60.43,"{'transaction_affinity': 0.098, 'redemption_match': 0.7, 'points_eligibility': 1.0, 'cart_affinity': 1.0, 'demographic_match': 0.5}","{'recency_boost': False, 'tier_multiplier': False}"
CUST0006,Standard,Fuel,3,OFFER018,Beverages Reward #18,Beverages,Both,50$ off,60.43,"{'transaction_affinity': 0.098, 'redemption_match': 0.7, 'points_eligibility': 1.0, 'cart_affinity': 1.0, 'demographic_match': 0.5}","{'recency_boost': False, 'tier_multiplier': False}"
CUST0007,Standard,Grocery,1,OFFER008,Produce Reward #8,Produce,Grocery,25% off,73.8,"{'transaction_affinity': 0.323, 'redemption_match': 1.0, 'points_eligibility': 1.0, 'cart_affinity': 0.94, 'demographic_match': 0.5}","{'recency_boost': False, 'tier_multiplier': False}"
CUST0007,Standard,Grocery,2,OFFER009,Bakery Reward #9,Bakery,Grocery,25% off,68.81,"{'transaction_affinity': 0.157, 'redemption_match': 1.0, 'points_eligibility': 1.0, 'cart_affinity': 0.94, 'demographic_match': 0.5}","{'recency_boost': False, 'tier_multiplier': False}"
CUST0007,Standard,Grocery,3,OFFER003,Dairy Reward #3,Dairy,Grocery,50$ off,68.69,"{'transaction_affinity': 0.153, 'redemption_match': 1.0, 'points_eligibility': 1.0, 'cart_affinity': 0.94, 'demographic_match': 0.5}","{'recency_boost': False, 'tier_multiplier': False}"
CUST0008,Standard,Fuel,1,OFFER012,Produce Reward #12,Produce,Both,15$ off,60.09,"{'transaction_affinity': 0.086, 'redemption_match': 0.7, 'points_eligibility': 1.0, 'cart_affinity': 1.0, 'demographic_match': 0.5}","{'recency_boost': False, 'tier_multiplier': False}"
CUST0008,Standard,Fuel,2,OFFER019,Produce Reward #19,Produce,Both,5% off,60.09,"{'transaction_affinity': 0.086, 'redemption_match': 0.7, 'points_eligibility': 1.0, 'cart_affinity': 1.0, 'demographic_match': 0.5}","{'recency_boost': False, 'tier_multiplier': False}"
CUST0008,Standard,Fuel,3,OFFER004,Beverages Reward #4,Beverages,Both,50% off,57.91,"{'transaction_affinity': 0.014, 'redemption_match': 0.7, 'points_eligibility': 1.0, 'cart_affinity': 1.0, 'demographic_match': 0.5}","{'recency_boost': False, 'tier_multiplier': False}"
CUST0009,Standard,Fuel,1,OFFER007,Dairy Reward #7,Dairy,Both,15Free item,63.4,"{'transaction_affinity': 0.097, 'redemption_match': 0.7, 'points_eligibility': 1.0, 'cart_affinity': 1.0, 'demographic_match': 0.8}","{'recency_boost': False, 'tier_multiplier': False}"
CUST0009,Standard,Fuel,2,OFFER014,Dairy Reward #14,Dairy,Both,50$ off,63.4,"{'transaction_affinity': 0.097, 'redemption_match': 0.7, 'points_eligibility': 1.0, 'cart_affinity': 1.0, 'demographic_match': 0.8}","{'recency_boost': False, 'tier_multiplier': False}"
CUST0009,Standard,Fuel,3,OFFER012,Produce Reward #12,Produce,Both,15$ off,62.89,"{'transaction_affinity': 0.08, 'redemption_match': 0.7, 'points_eligibility': 1.0, 'cart_affinity': 1.0, 'demographic_match': 0.8}","{'recency_boost': False, 'tier_multiplier': False}"
CUST0010,Standard,Fuel,1,OFFER007,Dairy Reward #7,Dairy,Both,15Free item,65.26,"{'transaction_affinity': 0.159, 'redemption_match': 0.7, 'points_eligibility': 1.0, 'cart_affinity': 1.0, 'demographic_match': 0.8}","{'recency_boost': False, 'tier_multiplier': False}"
CUST0010,Standard,Fuel,2,OFFER014,Dairy Reward #14,Dairy,Both,50$ off,65.26,"{'transaction_affinity': 0.159, 'redemption_match': 0.7, 'points_eligibility': 1.0, 'cart_affinity': 1.0, 'demographic_match': 0.8}","{'recency_boost': False, 'tier_multiplier': False}"
CUST0010,Standard,Fuel,3,OFFER012,Produce Reward #12,Produce,Both,15$ off,64.66,"{'transaction_affinity': 0.139, 'redemption_match': 0.7, 'points_eligibility': 1.0, 'cart_affinity': 1.0, 'demographic_match': 0.8}","{'recency_boost': False, 'tier_multiplier': False}"
CUST0011,Standard,Grocery,1,OFFER003,Dairy Reward #3,Dairy,Grocery,50$ off,69.3,"{'transaction_affinity': 0.203, 'redemption_match': 1.0, 'points_eligibility': 1.0, 'cart_affinity': 0.88, 'demographic_match': 0.5}","{'recency_boost': False, 'tier_multiplier': False}"
CUST0011,Standard,Grocery,2,OFFER011,Dairy Reward #11,Dairy,Grocery,5Free item,69.3,"{'transaction_affinity': 0.203, 'redemption_match': 1.0, 'points_eligibility': 1.0, 'cart_affinity': 0.88, 'demographic_match': 0.5}","{'recency_boost': False, 'tier_multiplier': False}"
CUST0011,Standard,Grocery,3,OFFER020,Beverages Reward #20,Beverages,Grocery,5Free item,67.71,"{'transaction_affinity': 0.15, 'redemption_match': 1.0, 'points_eligibility': 1.0, 'cart_affinity': 0.88, 'demographic_match': 0.5}","{'recency_boost': False, 'tier_multiplier': False}"
CUST0012,Standard,Grocery,1,OFFER008,Produce Reward #8,Produce,Grocery,25% off,71.41,"{'transaction_affinity': 0.304, 'redemption_match': 1.0, 'points_eligibility': 1.0, 'cart_affinity': 0.82, 'demographic_match': 0.5}","{'recency_boost': False, 'tier_multiplier': False}"
CUST0012,Standard,Grocery,2,OFFER020,Beverages Reward #20,Beverages,Grocery,5Free item,66.74,"{'transaction_affinity': 0.148, 'redemption_match': 1.0, 'points_eligibility': 1.0, 'cart_affinity': 0.82, 'demographic_match': 0.5}","{'recency_boost': False, 'tier_multiplier': False}"
CUST0012,Standard,Grocery,3,OFFER003,Dairy Reward #3,Dairy,Grocery,50$ off,66.1,"{'transaction_affinity': 0.127, 'redemption_match': 1.0, 'points_eligibility': 1.0, 'cart_affinity': 0.82, 'demographic_match': 0.5}","{'recency_boost': False, 'tier_multiplier': False}"
CUST0013,Standard,Fuel,1,OFFER007,Dairy Reward #7,Dairy,Both,15Free item,63.42,"{'transaction_affinity': 0.197, 'redemption_match': 0.7, 'points_eligibility': 1.0, 'cart_affinity': 1.0, 'demographic_match': 0.5}","{'recency_boost': False, 'tier_multiplier': False}"
CUST0013,Standard,Fuel,2,OFFER014,Dairy Reward #14,Dairy,Both,50$ off,63.42,"{'transaction_affinity': 0.197, 'redemption_match': 0.7, 'points_eligibility': 1.0, 'cart_affinity': 1.0, 'demographic_match': 0.5}","{'recency_boost': False, 'tier_multiplier': False}"
CUST0013,Standard,Fuel,3,OFFER012,Produce Reward #12,Produce,Both,15$ off,59.75,"{'transaction_affinity': 0.075, 'redemption_match': 0.7, 'points_eligibility': 1.0, 'cart_affinity': 1.0, 'demographic_match': 0.5}","{'recency_boost': False, 'tier_multiplier': False}"
CUST0014,4U+,Grocery,1,OFFER008,Produce Reward #8,Produce,Grocery,25% off,100.0,"{'transaction_affinity': 0.242, 'redemption_match': 1.0, 'points_eligibility': 1.0, 'cart_affinity': 1.0, 'demographic_match': 0.8}","{'recency_boost': False, 'tier_multiplier': True}"
CUST0014,4U+,Grocery,2,OFFER011,Dairy Reward #11,Dairy,Grocery,5Free item,100.0,"{'transaction_affinity': 0.186, 'redemption_match': 1.0, 'points_eligibility': 1.0, 'cart_affinity': 1.0, 'demographic_match': 0.8}","{'recency_boost': False, 'tier_multiplier': True}"
CUST0014,4U+,Grocery,3,OFFER020,Beverages Reward #20,Beverages,Grocery,5Free item,98.64,"{'transaction_affinity': 0.025, 'redemption_match': 1.0, 'points_eligibility': 1.0, 'cart_affinity': 1.0, 'demographic_match': 0.5}","{'recency_boost': False, 'tier_multiplier': True}"
CUST0015,Standard,Fuel,1,OFFER012,Produce Reward #12,Produce,Both,15$ off,64.71,"{'transaction_affinity': 0.14, 'redemption_match': 0.7, 'points_eligibility': 1.0, 'cart_affinity': 1.0, 'demographic_match': 0.8}","{'recency_boost': False, 'tier_multiplier': False}"
CUST0015,Standard,Fuel,2,OFFER019,Produce Reward #19,Produce,Both,5% off,64.71,"{'transaction_affinity': 0.14, 'redemption_match': 0.7, 'points_eligibility': 1.0, 'cart_affinity': 1.0, 'demographic_match': 0.8}","{'recency_boost': False, 'tier_multiplier': False}"
CUST0015,Standard,Fuel,3,OFFER007,Dairy Reward #7,Dairy,Both,15Free item,62.06,"{'transaction_affinity': 0.052, 'redemption_match': 0.7, 'points_eligibility': 1.0, 'cart_affinity': 1.0, 'demographic_match': 0.8}","{'recency_boost': False, 'tier_multiplier': False}"
CUST0016,Standard,Grocery,1,OFFER003,Dairy Reward #3,Dairy,Grocery,50$ off,71.83,"{'transaction_affinity': 0.348, 'redemption_match': 1.0, 'points_eligibility': 1.0, 'cart_affinity': 0.76, 'demographic_match': 0.5}","{'recency_boost': False, 'tier_multiplier': False}"
CUST0016,Standard,Grocery,2,OFFER011,Dairy Reward #11,Dairy,Grocery,5Free item,71.83,"{'transaction_affinity': 0.348, 'redemption_match': 1.0, 'points_eligibility': 1.0, 'cart_affinity': 0.76, 'demographic_match': 0.5}","{'recency_boost': False, 'tier_multiplier': False}"
CUST0016,Standard,Grocery,3,OFFER008,Produce Reward #8,Produce,Grocery,25% off,67.11,"{'transaction_affinity': 0.19, 'redemption_match': 1.0, 'points_eligibility': 1.0, 'cart_affinity': 0.76, 'demographic_match': 0.5}","{'recency_boost': False, 'tier_multiplier': False}"
CUST0017,Standard,Fuel,1,OFFER007,Dairy Reward #7,Dairy,Both,15Free item,65.84,"{'transaction_affinity': 0.178, 'redemption_match': 0.7, 'points_eligibility': 1.0, 'cart_affinity': 1.0, 'demographic_match': 0.8}","{'recency_boost': False, 'tier_multiplier': False}"
CUST0017,Standard,Fuel,2,OFFER014,Dairy Reward #14,Dairy,Both,50$ off,65.84,"{'transaction_affinity': 0.178, 'redemption_match': 0.7, 'points_eligibility': 1.0, 'cart_affinity': 1.0, 'demographic_match': 0.8}","{'recency_boost': False, 'tier_multiplier': False}"
CUST0017,Standard,Fuel,3,OFFER012,Produce Reward #12,Produce,Both,15$ off,60.5,"{'transaction_affinity': 0.0, 'redemption_match': 0.7, 'points_eligibility': 1.0, 'cart_affinity': 1.0, 'demographic_match': 0.8}","{'recency_boost': False, 'tier_multiplier': False}"
CUST0018,Standard,Grocery,1,OFFER009,Bakery Reward #9,Bakery,Grocery,25% off,73.45,"{'transaction_affinity': 0.282, 'redemption_match': 1.0, 'points_eligibility': 1.0, 'cart_affinity': 1.0, 'demographic_match': 0.5}","{'recency_boost': False, 'tier_multiplier': False}"
CUST0018,Standard,Grocery,2,OFFER003,Dairy Reward #3,Dairy,Grocery,50$ off,71.92,"{'transaction_affinity': 0.231, 'redemption_match': 1.0, 'points_eligibility': 1.0, 'cart_affinity': 1.0, 'demographic_match': 0.5}","{'recency_boost': False, 'tier_multiplier': False}"
CUST0018,Standard,Grocery,3,OFFER014,Dairy Reward #14,Dairy,Both,50$ off,64.42,"{'transaction_affinity': 0.231, 'redemption_match': 0.7, 'points_eligibility': 1.0, 'cart_affinity': 1.0, 'demographic_match': 0.5}","{'recency_boost': False, 'tier_multiplier': False}"
CUST0019,Standard,Fuel,1,OFFER007,Dairy Reward #7,Dairy,Both,15Free item,67.03,"{'transaction_affinity': 0.218, 'redemption_match': 0.7, 'points_eligibility': 1.0, 'cart_affinity': 1.0, 'demographic_match': 0.8}","{'recency_boost': False, 'tier_multiplier': False}"
CUST0019,Standard,Fuel,2,OFFER014,Dairy Reward #14,Dairy,Both,50$ off,67.03,"{'transaction_affinity': 0.218, 'redemption_match': 0.7, 'points_eligibility': 1.0, 'cart_affinity': 1.0, 'demographic_match': 0.8}","{'recency_boost': False, 'tier_multiplier': False}"
CUST0019,Standard,Fuel,3,OFFER012,Produce Reward #12,Produce,Both,15$ off,63.09,"{'transaction_affinity': 0.086, 'redemption_match': 0.7, 'points_eligibility': 1.0, 'cart_affinity': 1.0, 'demographic_match': 0.8}","{'recency_boost': False, 'tier_multiplier': False}"
CUST0020,Standard,Grocery,1,OFFER008,Produce Reward #8,Produce,Grocery,25% off,85.51,"{'transaction_affinity': 0.269, 'redemption_match': 1.0, 'points_eligibility': 1.0, 'cart_affinity': 0.88, 'demographic_match': 0.5}","{'recency_boost': True, 'tier_multiplier': False}"
CUST0020,Standard,Grocery,2,OFFER003,Dairy Reward #3,Dairy,Grocery,50$ off,83.29,"{'transaction_affinity': 0.207, 'redemption_match': 1.0, 'points_eligibility': 1.0, 'cart_affinity': 0.88, 'demographic_match': 0.5}","{'recency_boost': True, 'tier_multiplier': False}"
CUST0020,Standard,Grocery,3,OFFER011,Dairy Reward #11,Dairy,Grocery,5Free item,83.29,"{'transaction_affinity': 0.207, 'redemption_match': 1.0, 'points_eligibility': 1.0, 'cart_affinity': 0.88, 'demographic_match': 0.5}","{'recency_boost': True, 'tier_multiplier': False}"
CUST0021,Standard,Fuel,1,OFFER012,Produce Reward #12,Produce,Both,15$ off,62.03,"{'transaction_affinity': 0.151, 'redemption_match': 0.7, 'points_eligibility': 1.0, 'cart_affinity': 1.0, 'demographic_match': 0.5}","{'recency_boost': False, 'tier_multiplier': False}"
CUST0021,Standard,Fuel,2,OFFER019,Produce Reward #19,Produce,Both,5% off,62.03,"{'transaction_affinity': 0.151, 'redemption_match': 0.7, 'points_eligibility': 1.0, 'cart_affinity': 1.0, 'demographic_match': 0.5}","{'recency_boost': False, 'tier_multiplier': False}"
CUST0021,Standard,Fuel,3,OFFER004,Beverages Reward #4,Beverages,Both,50% off,57.5,"{'transaction_affinity': 0.0, 'redemption_match': 0.7, 'points_eligibility': 1.0, 'cart_affinity': 1.0, 'demographic_match': 0.5}","{'recency_boost': False, 'tier_multiplier': False}"
CUST0022,Standard,Fuel,1,OFFER007,Dairy Reward #7,Dairy,Both,15Free item,61.4,"{'transaction_affinity': 0.13, 'redemption_match': 0.7, 'points_eligibility': 1.0, 'cart_affinity': 1.0, 'demographic_match': 0.5}","{'recency_boost': False, 'tier_multiplier': False}"
CUST0022,Standard,Fuel,2,OFFER014,Dairy Reward #14,Dairy,Both,50$ off,61.4,"{'transaction_affinity': 0.13, 'redemption_match': 0.7, 'points_eligibility': 1.0, 'cart_affinity': 1.0, 'demographic_match': 0.5}","{'recency_boost': False, 'tier_multiplier': False}"
CUST0022,Standard,Fuel,3,OFFER012,Produce Reward #12,Produce,Both,15$ off,57.76,"{'transaction_affinity': 0.009, 'redemption_match': 0.7, 'points_eligibility': 1.0, 'cart_affinity': 1.0, 'demographic_match': 0.5}","{'recency_boost': False, 'tier_multiplier': False}"
CUST0023,4U+,Fuel,1,OFFER015,Snacks Reward #15,Snacks,Grocery,20Fuel cents/L,78.13,"{'transaction_affinity': 0.32, 'redemption_match': 0.1, 'points_eligibility': 1.0, 'cart_affinity': 1.0, 'demographic_match': 0.5}","{'recency_boost': False, 'tier_multiplier': True}"
CUST0023,4U+,Fuel,2,OFFER008,Produce Reward #8,Produce,Grocery,25% off,71.67,"{'transaction_affinity': 0.076, 'redemption_match': 0.1, 'points_eligibility': 1.0, 'cart_affinity': 1.0, 'demographic_match': 0.8}","{'recency_boost': False, 'tier_multiplier': True}"
CUST0023,4U+,Fuel,3,OFFER011,Dairy Reward #11,Dairy,Grocery,5Free item,68.25,"{'transaction_affinity': 0.0, 'redemption_match': 0.1, 'points_eligibility': 1.0, 'cart_affinity': 1.0, 'demographic_match': 0.8}","{'recency_boost': False, 'tier_multiplier': True}"
CUST0024,Standard,Grocery,1,OFFER008,Produce Reward #8,Produce,Grocery,25% off,70.73,"{'transaction_affinity': 0.191, 'redemption_match': 1.0, 'points_eligibility': 1.0, 'cart_affinity': 1.0, 'demographic_match': 0.5}","{'recency_boost': False, 'tier_multiplier': False}"
CUST0024,Standard,Grocery,2,OFFER003,Dairy Reward #3,Dairy,Grocery,50$ off,68.65,"{'transaction_affinity': 0.122, 'redemption_match': 1.0, 'points_eligibility': 1.0, 'cart_affinity': 1.0, 'demographic_match': 0.5}","{'recency_boost': False, 'tier_multiplier': False}"
CUST0024,Standard,Grocery,3,OFFER011,Dairy Reward #11,Dairy,Grocery,5Free item,68.65,"{'transaction_affinity': 0.122, 'redemption_match': 1.0, 'points_eligibility': 1.0, 'cart_affinity': 1.0, 'demographic_match': 0.5}","{'recency_boost': False, 'tier_multiplier': False}"
CUST0025,Standard,Fuel,1,OFFER012,Produce Reward #12,Produce,Both,15$ off,60.23,"{'transaction_affinity': 0.091, 'redemption_match': 0.7, 'points_eligibility': 1.0, 'cart_affinity': 1.0, 'demographic_match': 0.5}","{'recency_boost': False, 'tier_multiplier': False}"
CUST0025,Standard,Fuel,2,OFFER019,Produce Reward #19,Produce,Both,5% off,60.23,"{'transaction_affinity': 0.091, 'redemption_match': 0.7, 'points_eligibility': 1.0, 'cart_affinity': 1.0, 'demographic_match': 0.5}","{'recency_boost': False, 'tier_multiplier': False}"
CUST0025,Standard,Fuel,3,OFFER004,Beverages Reward #4,Beverages,Both,50% off,59.26,"{'transaction_affinity': 0.059, 'redemption_match': 0.7, 'points_eligibility': 1.0, 'cart_affinity': 1.0, 'demographic_match': 0.5}","{'recency_boost': False, 'tier_multiplier': False}"
CUST0026,Standard,Fuel,1,OFFER007,Dairy Reward #7,Dairy,Both,15Free item,79.1,"{'transaction_affinity': 0.181, 'redemption_match': 0.7, 'points_eligibility': 1.0, 'cart_affinity': 1.0, 'demographic_match': 0.8}","{'recency_boost': True, 'tier_multiplier': False}"
CUST0026,Standard,Fuel,2,OFFER014,Dairy Reward #14,Dairy,Both,50$ off,79.1,"{'transaction_affinity': 0.181, 'redemption_match': 0.7, 'points_eligibility': 1.0, 'cart_affinity': 1.0, 'demographic_match': 0.8}","{'recency_boost': True, 'tier_multiplier': False}"
CUST0026,Standard,Fuel,3,OFFER012,Produce Reward #12,Produce,Both,15$ off,78.11,"{'transaction_affinity': 0.153, 'redemption_match': 0.7, 'points_eligibility': 1.0, 'cart_affinity': 1.0, 'demographic_match': 0.8}","{'recency_boost': True, 'tier_multiplier': False}"
CUST0027,Standard,Grocery,1,OFFER008,Produce Reward #8,Produce,Grocery,25% off,72.02,"{'transaction_affinity': 0.254, 'redemption_match': 1.0, 'points_eligibility': 1.0, 'cart_affinity': 0.76, 'demographic_match': 0.8}","{'recency_boost': False, 'tier_multiplier': False}"
CUST0027,Standard,Grocery,2,OFFER003,Dairy Reward #3,Dairy,Grocery,50$ off,71.18,"{'transaction_affinity': 0.226, 'redemption_match': 1.0, 'points_eligibility': 1.0, 'cart_affinity': 0.76, 'demographic_match': 0.8}","{'recency_boost': False, 'tier_multiplier': False}"
CUST0027,Standard,Grocery,3,OFFER011,Dairy Reward #11,Dairy,Grocery,5Free item,71.18,"{'transaction_affinity': 0.226, 'redemption_match': 1.0, 'points_eligibility': 1.0, 'cart_affinity': 0.76, 'demographic_match': 0.8}","{'recency_boost': False, 'tier_multiplier': False}"
CUST0028,Standard,Grocery,1,OFFER008,Produce Reward #8,Produce,Grocery,25% off,70.21,"{'transaction_affinity': 0.264, 'redemption_match': 1.0, 'points_eligibility': 1.0, 'cart_affinity': 0.82, 'demographic_match': 0.5}","{'recency_boost': False, 'tier_multiplier': False}"
CUST0028,Standard,Grocery,2,OFFER009,Bakery Reward #9,Bakery,Grocery,25% off,68.19,"{'transaction_affinity': 0.196, 'redemption_match': 1.0, 'points_eligibility': 1.0, 'cart_affinity': 0.82, 'demographic_match': 0.5}","{'recency_boost': False, 'tier_multiplier': False}"
CUST0028,Standard,Grocery,3,OFFER003,Dairy Reward #3,Dairy,Grocery,50$ off,64.82,"{'transaction_affinity': 0.084, 'redemption_match': 1.0, 'points_eligibility': 1.0, 'cart_affinity': 0.82, 'demographic_match': 0.5}","{'recency_boost': False, 'tier_multiplier': False}"
CUST0029,4U+,Grocery,1,OFFER005,Produce Reward #5,Produce,eCommerce,5$ off,100.0,"{'transaction_affinity': 0.078, 'redemption_match': 0.9, 'points_eligibility': 1.0, 'cart_affinity': 1.0, 'demographic_match': 0.5}","{'recency_boost': True, 'tier_multiplier': True}"
CUST0029,4U+,Grocery,2,OFFER008,Produce Reward #8,Produce,Grocery,25% off,100.0,"{'transaction_affinity': 0.078, 'redemption_match': 1.0, 'points_eligibility': 1.0, 'cart_affinity': 0.7, 'demographic_match': 0.5}","{'recency_boost': True, 'tier_multiplier': True}"
CUST0029,4U+,Grocery,3,OFFER011,Dairy Reward #11,Dairy,Grocery,5Free item,100.0,"{'transaction_affinity': 0.407, 'redemption_match': 1.0, 'points_eligibility': 1.0, 'cart_affinity': 0.7, 'demographic_match': 0.5}","{'recency_boost': True, 'tier_multiplier': True}"
CUST0030,Standard,Fuel,1,OFFER007,Dairy Reward #7,Dairy,Both,15Free item,65.68,"{'transaction_affinity': 0.273, 'redemption_match': 0.7, 'points_eligibility': 1.0, 'cart_affinity': 1.0, 'demographic_match': 0.5}","{'recency_boost': False, 'tier_multiplier': False}"
CUST0030,Standard,Fuel,2,OFFER014,Dairy Reward #14,Dairy,Both,50$ off,65.68,"{'transaction_affinity': 0.273, 'redemption_match': 0.7, 'points_eligibility': 1.0, 'cart_affinity': 1.0, 'demographic_match': 0.5}","{'recency_boost': False, 'tier_multiplier': False}"
CUST0030,Standard,Fuel,3,OFFER004,Beverages Reward #4,Beverages,Both,50% off,60.9,"{'transaction_affinity': 0.113, 'redemption_match': 0.7, 'points_eligibility': 1.0, 'cart_affinity': 1.0, 'demographic_match': 0.5}","{'recency_boost': False, 'tier_multiplier': False}"
CUST0031,Standard,Grocery,1,OFFER003,Dairy Reward #3,Dairy,Grocery,50$ off,71.37,"{'transaction_affinity': 0.332, 'redemption_match': 1.0, 'points_eligibility': 1.0, 'cart_affinity': 0.76, 'demographic_match': 0.5}","{'recency_boost': False, 'tier_multiplier': False}"
CUST0031,Standard,Grocery,2,OFFER011,Dairy Reward #11,Dairy,Grocery,5Free item,71.37,"{'transaction_affinity': 0.332, 'redemption_match': 1.0, 'points_eligibility': 1.0, 'cart_affinity': 0.76, 'demographic_match': 0.5}","{'recency_boost': False, 'tier_multiplier': False}"
CUST0031,Standard,Grocery,3,OFFER008,Produce Reward #8,Produce,Grocery,25% off,70.16,"{'transaction_affinity': 0.292, 'redemption_match': 1.0, 'points_eligibility': 1.0, 'cart_affinity': 0.76, 'demographic_match': 0.5}","{'recency_boost': False, 'tier_multiplier': False}"
CUST0032,Standard,Fuel,1,OFFER012,Produce Reward #12,Produce,Both,15$ off,62.36,"{'transaction_affinity': 0.062, 'redemption_match': 0.7, 'points_eligibility': 1.0, 'cart_affinity': 1.0, 'demographic_match': 0.8}","{'recency_boost': False, 'tier_multiplier': False}"
CUST0032,Standard,Fuel,2,OFFER007,Dairy Reward #7,Dairy,Both,15Free item,60.86,"{'transaction_affinity': 0.012, 'redemption_match': 0.7, 'points_eligibility': 1.0, 'cart_affinity': 1.0, 'demographic_match': 0.8}","{'recency_boost': False, 'tier_multiplier': False}"
CUST0032,Standard,Fuel,3,OFFER014,Dairy Reward #14,Dairy,Both,50$ off,60.86,"{'transaction_affinity': 0.012, 'redemption_match': 0.7, 'points_eligibility': 1.0, 'cart_affinity': 1.0, 'demographic_match': 0.8}","{'recency_boost': False, 'tier_multiplier': False}"
CUST0033,Standard,Grocery,1,OFFER003,Dairy Reward #3,Dairy,Grocery,50$ off,71.18,"{'transaction_affinity': 0.266, 'redemption_match': 1.0, 'points_eligibility': 1.0, 'cart_affinity': 0.88, 'demographic_match': 0.5}","{'recency_boost': False, 'tier_multiplier': False}"
CUST0033,Standard,Grocery,2,OFFER011,Dairy Reward #11,Dairy,Grocery,5Free item,71.18,"{'transaction_affinity': 0.266, 'redemption_match': 1.0, 'points_eligibility': 1.0, 'cart_affinity': 0.88, 'demographic_match': 0.5}","{'recency_boost': False, 'tier_multiplier': False}"
CUST0033,Standard,Grocery,3,OFFER009,Bakery Reward #9,Bakery,Grocery,25% off,69.45,"{'transaction_affinity': 0.208, 'redemption_match': 1.0, 'points_eligibility': 1.0, 'cart_affinity': 0.88, 'demographic_match': 0.5}","{'recency_boost': False, 'tier_multiplier': False}"
CUST0034,4U+,Grocery,1,OFFER011,Dairy Reward #11,Dairy,Grocery,5Free item,100.0,"{'transaction_affinity': 0.229, 'redemption_match': 1.0, 'points_eligibility': 1.0, 'cart_affinity': 0.82, 'demographic_match': 0.5}","{'recency_boost': False, 'tier_multiplier': True}"
CUST0034,4U+,Grocery,2,OFFER016,Bakery Reward #16,Bakery,eCommerce,25Free item,98.88,"{'transaction_affinity': 0.314, 'redemption_match': 0.9, 'points_eligibility': 1.0, 'cart_affinity': 0.6, 'demographic_match': 0.5}","{'recency_boost': False, 'tier_multiplier': True}"
CUST0034,4U+,Grocery,3,OFFER008,Produce Reward #8,Produce,Grocery,25% off,97.53,"{'transaction_affinity': 0.091, 'redemption_match': 1.0, 'points_eligibility': 1.0, 'cart_affinity': 0.82, 'demographic_match': 0.5}","{'recency_boost': False, 'tier_multiplier': True}"
CUST0035,Standard,Grocery,1,OFFER009,Bakery Reward #9,Bakery,Grocery,25% off,86.29,"{'transaction_affinity': 0.23, 'redemption_match': 1.0, 'points_eligibility': 1.0, 'cart_affinity': 1.0, 'demographic_match': 0.5}","{'recency_boost': True, 'tier_multiplier': False}"
CUST0035,Standard,Grocery,2,OFFER008,Produce Reward #8,Produce,Grocery,25% off,82.55,"{'transaction_affinity': 0.126, 'redemption_match': 1.0, 'points_eligibility': 1.0, 'cart_affinity': 1.0, 'demographic_match': 0.5}","{'recency_boost': True, 'tier_multiplier': False}"
CUST0035,Standard,Grocery,3,OFFER003,Dairy Reward #3,Dairy,Grocery,50$ off,80.4,"{'transaction_affinity': 0.067, 'redemption_match': 1.0, 'points_eligibility': 1.0, 'cart_affinity': 1.0, 'demographic_match': 0.5}","{'recency_boost': True, 'tier_multiplier': False}"
CUST0036,Standard,Fuel,1,OFFER006,Beverages Reward #6,Beverages,Both,50Fuel cents/L,57.99,"{'transaction_affinity': 0.016, 'redemption_match': 0.7, 'points_eligibility': 1.0, 'cart_affinity': 1.0, 'demographic_match': 0.5}","{'recency_boost': False, 'tier_multiplier': False}"
CUST0036,Standard,Fuel,2,OFFER014,Dairy Reward #14,Dairy,Both,50$ off,57.92,"{'transaction_affinity': 0.014, 'redemption_match': 0.7, 'points_eligibility': 1.0, 'cart_affinity': 1.0, 'demographic_match': 0.5}","{'recency_boost': False, 'tier_multiplier': False}"
CUST0036,Standard,Fuel,3,OFFER012,Produce Reward #12,Produce,Both,15$ off,57.5,"{'transaction_affinity': 0.0, 'redemption_match': 0.7, 'points_eligibility': 1.0, 'cart_affinity': 1.0, 'demographic_match': 0.5}","{'recency_boost': False, 'tier_multiplier': False}"
CUST0037,Standard,Fuel,1,OFFER004,Beverages Reward #4,Beverages,Both,50% off,60.13,"{'transaction_affinity': 0.088, 'redemption_match': 0.7, 'points_eligibility': 1.0, 'cart_affinity': 1.0, 'demographic_match': 0.5}","{'recency_boost': False, 'tier_multiplier': False}"
CUST0037,Standard,Fuel,2,OFFER006,Beverages Reward #6,Beverages,Both,50Fuel cents/L,60.13,"{'transaction_affinity': 0.088, 'redemption_match': 0.7, 'points_eligibility': 1.0, 'cart_affinity': 1.0, 'demographic_match': 0.5}","{'recency_boost': False, 'tier_multiplier': False}"
CUST0037,Standard,Fuel,3,OFFER018,Beverages Reward #18,Beverages,Both,50$ off,60.13,"{'transaction_affinity': 0.088, 'redemption_match': 0.7, 'points_eligibility': 1.0, 'cart_affinity': 1.0, 'demographic_match': 0.5}","{'recency_boost': False, 'tier_multiplier': False}"
CUST0038,Standard,Grocery,1,OFFER003,Dairy Reward #3,Dairy,Grocery,50$ off,75.78,"{'transaction_affinity': 0.259, 'redemption_match': 1.0, 'points_eligibility': 1.0, 'cart_affinity': 1.0, 'demographic_match': 0.8}","{'recency_boost': False, 'tier_multiplier': False}"
CUST0038,Standard,Grocery,2,OFFER011,Dairy Reward #11,Dairy,Grocery,5Free item,75.78,"{'transaction_affinity': 0.259, 'redemption_match': 1.0, 'points_eligibility': 1.0, 'cart_affinity': 1.0, 'demographic_match': 0.8}","{'recency_boost': False, 'tier_multiplier': False}"
CUST0038,Standard,Grocery,3,OFFER009,Bakery Reward #9,Bakery,Grocery,25% off,73.91,"{'transaction_affinity': 0.297, 'redemption_match': 1.0, 'points_eligibility': 1.0, 'cart_affinity': 1.0, 'demographic_match': 0.5}","{'recency_boost': False, 'tier_multiplier': False}"
CUST0039,Standard,Grocery,1,OFFER003,Dairy Reward #3,Dairy,Grocery,50$ off,71.32,"{'transaction_affinity': 0.241, 'redemption_match': 1.0, 'points_eligibility': 1.0, 'cart_affinity': 0.94, 'demographic_match': 0.5}","{'recency_boost': False, 'tier_multiplier': False}"
CUST0039,Standard,Grocery,2,OFFER011,Dairy Reward #11,Dairy,Grocery,5Free item,71.32,"{'transaction_affinity': 0.241, 'redemption_match': 1.0, 'points_eligibility': 1.0, 'cart_affinity': 0.94, 'demographic_match': 0.5}","{'recency_boost': False, 'tier_multiplier': False}"
CUST0039,Standard,Grocery,3,OFFER009,Bakery Reward #9,Bakery,Grocery,25% off,70.48,"{'transaction_affinity': 0.213, 'redemption_match': 1.0, 'points_eligibility': 1.0, 'cart_affinity': 0.94, 'demographic_match': 0.5}","{'recency_boost': False, 'tier_multiplier': False}"
CUST0040,Standard,Fuel,1,OFFER012,Produce Reward #12,Produce,Both,15$ off,65.81,"{'transaction_affinity': 0.177, 'redemption_match': 0.7, 'points_eligibility': 1.0, 'cart_affinity': 1.0, 'demographic_match': 0.8}","{'recency_boost': False, 'tier_multiplier': False}"
CUST0040,Standard,Fuel,2,OFFER019,Produce Reward #19,Produce,Both,5% off,65.81,"{'transaction_affinity': 0.177, 'redemption_match': 0.7, 'points_eligibility': 1.0, 'cart_affinity': 1.0, 'demographic_match': 0.8}","{'recency_boost': False, 'tier_multiplier': False}"
CUST0040,Standard,Fuel,3,OFFER007,Dairy Reward #7,Dairy,Both,15Free item,62.95,"{'transaction_affinity': 0.082, 'redemption_match': 0.7, 'points_eligibility': 1.0, 'cart_affinity': 1.0, 'demographic_match': 0.8}","{'recency_boost': False, 'tier_multiplier': False}"
CUST0041,4U+,Grocery,1,OFFER005,Produce Reward #5,Produce,eCommerce,5$ off,100.0,"{'transaction_affinity': 0.296, 'redemption_match': 0.9, 'points_eligibility': 1.0, 'cart_affinity': 0.0, 'demographic_match': 0.5}","{'recency_boost': True, 'tier_multiplier': True}"
CUST0041,4U+,Grocery,2,OFFER011,Dairy Reward #11,Dairy,Grocery,5Free item,100.0,"{'transaction_affinity': 0.302, 'redemption_match': 1.0, 'points_eligibility': 1.0, 'cart_affinity': 1.0, 'demographic_match': 0.5}","{'recency_boost': True, 'tier_multiplier': True}"
CUST0041,4U+,Grocery,3,OFFER020,Beverages Reward #20,Beverages,Grocery,5Free item,100.0,"{'transaction_affinity': 0.057, 'redemption_match': 1.0, 'points_eligibility': 1.0, 'cart_affinity': 1.0, 'demographic_match': 0.5}","{'recency_boost': True, 'tier_multiplier': True}"
CUST0042,Standard,Grocery,1,OFFER003,Dairy Reward #3,Dairy,Grocery,50$ off,72.54,"{'transaction_affinity': 0.311, 'redemption_match': 1.0, 'points_eligibility': 1.0, 'cart_affinity': 0.88, 'demographic_match': 0.5}","{'recency_boost': False, 'tier_multiplier': False}"
CUST0042,Standard,Grocery,2,OFFER011,Dairy Reward #11,Dairy,Grocery,5Free item,72.54,"{'transaction_affinity': 0.311, 'redemption_match': 1.0, 'points_eligibility': 1.0, 'cart_affinity': 0.88, 'demographic_match': 0.5}","{'recency_boost': False, 'tier_multiplier': False}"
CUST0042,Standard,Grocery,3,OFFER009,Bakery Reward #9,Bakery,Grocery,25% off,71.75,"{'transaction_affinity': 0.285, 'redemption_match': 1.0, 'points_eligibility': 1.0, 'cart_affinity': 0.88, 'demographic_match': 0.5}","{'recency_boost': False, 'tier_multiplier': False}"
CUST0043,4U+,Grocery,1,OFFER008,Produce Reward #8,Produce,Grocery,25% off,100.0,"{'transaction_affinity': 0.105, 'redemption_match': 1.0, 'points_eligibility': 1.0, 'cart_affinity': 1.0, 'demographic_match': 0.5}","{'recency_boost': True, 'tier_multiplier': True}"
CUST0043,4U+,Grocery,2,OFFER011,Dairy Reward #11,Dairy,Grocery,5Free item,100.0,"{'transaction_affinity': 0.224, 'redemption_match': 1.0, 'points_eligibility': 1.0, 'cart_affinity': 1.0, 'demographic_match': 0.5}","{'recency_boost': True, 'tier_multiplier': True}"
CUST0043,4U+,Grocery,3,OFFER015,Snacks Reward #15,Snacks,Grocery,20Fuel cents/L,100.0,"{'transaction_affinity': 0.057, 'redemption_match': 1.0, 'points_eligibility': 1.0, 'cart_affinity': 1.0, 'demographic_match': 0.5}","{'recency_boost': True, 'tier_multiplier': True}"
CUST0044,Standard,Grocery,1,OFFER003,Dairy Reward #3,Dairy,Grocery,50$ off,76.45,"{'transaction_affinity': 0.442, 'redemption_match': 1.0, 'points_eligibility': 1.0, 'cart_affinity': 0.88, 'demographic_match': 0.5}","{'recency_boost': False, 'tier_multiplier': False}"
CUST0044,Standard,Grocery,2,OFFER011,Dairy Reward #11,Dairy,Grocery,5Free item,76.45,"{'transaction_affinity': 0.442, 'redemption_match': 1.0, 'points_eligibility': 1.0, 'cart_affinity': 0.88, 'demographic_match': 0.5}","{'recency_boost': False, 'tier_multiplier': False}"
CUST0044,Standard,Grocery,3,OFFER007,Dairy Reward #7,Dairy,Both,15Free item,68.95,"{'transaction_affinity': 0.442, 'redemption_match': 0.7, 'points_eligibility': 1.0, 'cart_affinity': 0.88, 'demographic_match': 0.5}","{'recency_boost': False, 'tier_multiplier': False}"
CUST0045,Standard,Grocery,1,OFFER001,Grocery Reward #1,Grocery,eCommerce,10Fuel cents/L,69.66,"{'transaction_affinity': 0.439, 'redemption_match': 0.9, 'points_eligibility': 1.0, 'cart_affinity': 0.4, 'demographic_match': 0.8}","{'recency_boost': False, 'tier_multiplier': False}"
CUST0045,Standard,Grocery,2,OFFER013,Grocery Reward #13,Grocery,eCommerce,10% off,69.66,"{'transaction_affinity': 0.439, 'redemption_match': 0.9, 'points_eligibility': 1.0, 'cart_affinity': 0.4, 'demographic_match': 0.8}","{'recency_boost': False, 'tier_multiplier': False}"
CUST0045,Standard,Grocery,3,OFFER003,Dairy Reward #3,Dairy,Grocery,50$ off,69.22,"{'transaction_affinity': 0.101, 'redemption_match': 1.0, 'points_eligibility': 1.0, 'cart_affinity': 0.88, 'demographic_match': 0.8}","{'recency_boost': False, 'tier_multiplier': False}"
CUST0046,Standard,Fuel,1,OFFER012,Produce Reward #12,Produce,Both,15$ off,63.66,"{'transaction_affinity': 0.205, 'redemption_match': 0.7, 'points_eligibility': 1.0, 'cart_affinity': 1.0, 'demographic_match': 0.5}","{'recency_boost': False, 'tier_multiplier': False}"
CUST0046,Standard,Fuel,2,OFFER019,Produce Reward #19,Produce,Both,5% off,63.66,"{'transaction_affinity': 0.205, 'redemption_match': 0.7, 'points_eligibility': 1.0, 'cart_affinity': 1.0, 'demographic_match': 0.5}","{'recency_boost': False, 'tier_multiplier': False}"
CUST0046,Standard,Fuel,3,OFFER004,Beverages Reward #4,Beverages,Both,50% off,61.3,"{'transaction_affinity': 0.127, 'redemption_match': 0.7, 'points_eligibility': 1.0, 'cart_affinity': 1.0, 'demographic_match': 0.5}","{'recency_boost': False, 'tier_multiplier': False}"
CUST0047,Standard,Grocery,1,OFFER009,Bakery Reward #9,Bakery,Grocery,25% off,75.72,"{'transaction_affinity': 0.477, 'redemption_match': 1.0, 'points_eligibility': 1.0, 'cart_affinity': 0.76, 'demographic_match': 0.5}","{'recency_boost': False, 'tier_multiplier': False}"
CUST0047,Standard,Grocery,2,OFFER016,Bakery Reward #16,Bakery,eCommerce,25Free item,73.82,"{'transaction_affinity': 0.477, 'redemption_match': 0.9, 'points_eligibility': 1.0, 'cart_affinity': 0.8, 'demographic_match': 0.5}","{'recency_boost': False, 'tier_multiplier': False}"
CUST0047,Standard,Grocery,3,OFFER008,Produce Reward #8,Produce,Grocery,25% off,70.42,"{'transaction_affinity': 0.301, 'redemption_match': 1.0, 'points_eligibility': 1.0, 'cart_affinity': 0.76, 'demographic_match': 0.5}","{'recency_boost': False, 'tier_multiplier': False}"
CUST0048,Standard,Fuel,1,OFFER012,Produce Reward #12,Produce,Both,15$ off,60.43,"{'transaction_affinity': 0.098, 'redemption_match': 0.7, 'points_eligibility': 1.0, 'cart_affinity': 1.0, 'demographic_match': 0.5}","{'recency_boost': False, 'tier_multiplier': False}"
CUST0048,Standard,Fuel,2,OFFER019,Produce Reward #19,Produce,Both,5% off,60.43,"{'transaction_affinity': 0.098, 'redemption_match': 0.7, 'points_eligibility': 1.0, 'cart_affinity': 1.0, 'demographic_match': 0.5}","{'recency_boost': False, 'tier_multiplier': False}"
CUST0048,Standard,Fuel,3,OFFER007,Dairy Reward #7,Dairy,Both,15Free item,59.69,"{'transaction_affinity': 0.073, 'redemption_match': 0.7, 'points_eligibility': 1.0, 'cart_affinity': 1.0, 'demographic_match': 0.5}","{'recency_boost': False, 'tier_multiplier': False}"
CUST0049,Standard,Grocery,1,OFFER008,Produce Reward #8,Produce,Grocery,25% off,88.34,"{'transaction_affinity': 0.187, 'redemption_match': 1.0, 'points_eligibility': 1.0, 'cart_affinity': 1.0, 'demographic_match': 0.8}","{'recency_boost': True, 'tier_multiplier': False}"
CUST0049,Standard,Grocery,2,OFFER003,Dairy Reward #3,Dairy,Grocery,50$ off,87.18,"{'transaction_affinity': 0.155, 'redemption_match': 1.0, 'points_eligibility': 1.0, 'cart_affinity': 1.0, 'demographic_match': 0.8}","{'recency_boost': True, 'tier_multiplier': False}"
CUST0049,Standard,Grocery,3,OFFER011,Dairy Reward #11,Dairy,Grocery,5Free item,87.18,"{'transaction_affinity': 0.155, 'redemption_match': 1.0, 'points_eligibility': 1.0, 'cart_affinity': 1.0, 'demographic_match': 0.8}","{'recency_boost': True, 'tier_multiplier': False}"
CUST0050,Standard,Fuel,1,OFFER007,Dairy Reward #7,Dairy,Both,15Free item,61.2,"{'transaction_affinity': 0.123, 'redemption_match': 0.7, 'points_eligibility': 1.0, 'cart_affinity': 1.0, 'demographic_match': 0.5}","{'recency_boost': False, 'tier_multiplier': False}"
CUST0050,Standard,Fuel,2,OFFER014,Dairy Reward #14,Dairy,Both,50$ off,61.2,"{'transaction_affinity': 0.123, 'redemption_match': 0.7, 'points_eligibility': 1.0, 'cart_affinity': 1.0, 'demographic_match': 0.5}","{'recency_boost': False, 'tier_multiplier': False}"
CUST0050,Standard,Fuel,3,OFFER004,Beverages Reward #4,Beverages,Both,50% off,60.71,"{'transaction_affinity': 0.107, 'redemption_match': 0.7, 'points_eligibility': 1.0, 'cart_affinity': 1.0, 'demographic_match': 0.5}","{'recency_boost': False, 'tier_multiplier': False}"
CUST0051,4U+,Fuel,1,OFFER020,Beverages Reward #20,Beverages,Grocery,5Free item,80.51,"{'transaction_affinity': 0.373, 'redemption_match': 0.1, 'points_eligibility': 1.0, 'cart_affinity': 1.0, 'demographic_match': 0.5}","{'recency_boost': False, 'tier_multiplier': True}"
CUST0051,4U+,Fuel,2,OFFER008,Produce Reward #8,Produce,Grocery,25% off,79.7,"{'transaction_affinity': 0.255, 'redemption_match': 0.1, 'points_eligibility': 1.0, 'cart_affinity': 1.0, 'demographic_match': 0.8}","{'recency_boost': False, 'tier_multiplier': True}"
CUST0051,4U+,Fuel,3,OFFER011,Dairy Reward #11,Dairy,Grocery,5Free item,79.6,"{'transaction_affinity': 0.252, 'redemption_match': 0.1, 'points_eligibility': 1.0, 'cart_affinity': 1.0, 'demographic_match': 0.8}","{'recency_boost': False, 'tier_multiplier': True}"
CUST0052,Standard,Grocery,1,OFFER008,Produce Reward #8,Produce,Grocery,25% off,69.6,"{'transaction_affinity': 0.143, 'redemption_match': 1.0, 'points_eligibility': 1.0, 'cart_affinity': 0.82, 'demographic_match': 0.8}","{'recency_boost': False, 'tier_multiplier': False}"
CUST0052,Standard,Grocery,2,OFFER001,Grocery Reward #1,Grocery,eCommerce,10Fuel cents/L,69.21,"{'transaction_affinity': 0.324, 'redemption_match': 0.9, 'points_eligibility': 1.0, 'cart_affinity': 0.6, 'demographic_match': 0.8}","{'recency_boost': False, 'tier_multiplier': False}"
CUST0052,Standard,Grocery,3,OFFER013,Grocery Reward #13,Grocery,eCommerce,10% off,69.21,"{'transaction_affinity': 0.324, 'redemption_match': 0.9, 'points_eligibility': 1.0, 'cart_affinity': 0.6, 'demographic_match': 0.8}","{'recency_boost': False, 'tier_multiplier': False}"
CUST0053,Standard,Grocery,1,OFFER008,Produce Reward #8,Produce,Grocery,25% off,77.31,"{'transaction_affinity': 0.44, 'redemption_match': 1.0, 'points_eligibility': 1.0, 'cart_affinity': 0.94, 'demographic_match': 0.5}","{'recency_boost': False, 'tier_multiplier': False}"
CUST0053,Standard,Grocery,2,OFFER012,Produce Reward #12,Produce,Both,15$ off,69.81,"{'transaction_affinity': 0.44, 'redemption_match': 0.7, 'points_eligibility': 1.0, 'cart_affinity': 0.94, 'demographic_match': 0.5}","{'recency_boost': False, 'tier_multiplier': False}"
CUST0053,Standard,Grocery,3,OFFER019,Produce Reward #19,Produce,Both,5% off,69.81,"{'transaction_affinity': 0.44, 'redemption_match': 0.7, 'points_eligibility': 1.0, 'cart_affinity': 0.94, 'demographic_match': 0.5}","{'recency_boost': False, 'tier_multiplier': False}"
CUST0054,Standard,Fuel,1,OFFER007,Dairy Reward #7,Dairy,Both,15Free item,65.22,"{'transaction_affinity': 0.157, 'redemption_match': 0.7, 'points_eligibility': 1.0, 'cart_affinity': 1.0, 'demographic_match': 0.8}","{'recency_boost': False, 'tier_multiplier': False}"
CUST0054,Standard,Fuel,2,OFFER014,Dairy Reward #14,Dairy,Both,50$ off,65.22,"{'transaction_affinity': 0.157, 'redemption_match': 0.7, 'points_eligibility': 1.0, 'cart_affinity': 1.0, 'demographic_match': 0.8}","{'recency_boost': False, 'tier_multiplier': False}"
CUST0054,Standard,Fuel,3,OFFER012,Produce Reward #12,Produce,Both,15$ off,62.85,"{'transaction_affinity': 0.078, 'redemption_match': 0.7, 'points_eligibility': 1.0, 'cart_affinity': 1.0, 'demographic_match': 0.8}","{'recency_boost': False, 'tier_multiplier': False}"
CUST0055,Standard,Grocery,1,OFFER009,Bakery Reward #9,Bakery,Grocery,25% off,74.57,"{'transaction_affinity': 0.349, 'redemption_match': 1.0, 'points_eligibility': 1.0, 'cart_affinity': 0.94, 'demographic_match': 0.5}","{'recency_boost': False, 'tier_multiplier': False}"
CUST0055,Standard,Grocery,2,OFFER008,Produce Reward #8,Produce,Grocery,25% off,67.76,"{'transaction_affinity': 0.122, 'redemption_match': 1.0, 'points_eligibility': 1.0, 'cart_affinity': 0.94, 'demographic_match': 0.5}","{'recency_boost': False, 'tier_multiplier': False}"
CUST0055,Standard,Grocery,3,OFFER015,Snacks Reward #15,Snacks,Grocery,20Fuel cents/L,67.15,"{'transaction_affinity': 0.102, 'redemption_match': 1.0, 'points_eligibility': 1.0, 'cart_affinity': 0.94, 'demographic_match': 0.5}","{'recency_boost': False, 'tier_multiplier': False}"
CUST0056,Standard,Fuel,1,OFFER007,Dairy Reward #7,Dairy,Both,15Free item,61.16,"{'transaction_affinity': 0.122, 'redemption_match': 0.7, 'points_eligibility': 1.0, 'cart_affinity': 1.0, 'demographic_match': 0.5}","{'recency_boost': False, 'tier_multiplier': False}"
CUST0056,Standard,Fuel,2,OFFER014,Dairy Reward #14,Dairy,Both,50$ off,61.16,"{'transaction_affinity': 0.122, 'redemption_match': 0.7, 'points_eligibility': 1.0, 'cart_affinity': 1.0, 'demographic_match': 0.5}","{'recency_boost': False, 'tier_multiplier': False}"
CUST0056,Standard,Fuel,3,OFFER012,Produce Reward #12,Produce,Both,15$ off,59.25,"{'transaction_affinity': 0.058, 'redemption_match': 0.7, 'points_eligibility': 1.0, 'cart_affinity': 1.0, 'demographic_match': 0.5}","{'recency_boost': False, 'tier_multiplier': False}"
CUST0057,Standard,Grocery,1,OFFER008,Produce Reward #8,Produce,Grocery,25% off,77.31,"{'transaction_affinity': 0.44, 'redemption_match': 1.0, 'points_eligibility': 1.0, 'cart_affinity': 0.94, 'demographic_match': 0.5}","{'recency_boost': False, 'tier_multiplier': False}"
CUST0057,Standard,Grocery,2,OFFER012,Produce Reward #12,Produce,Both,15$ off,69.81,"{'transaction_affinity': 0.44, 'redemption_match': 0.7, 'points_eligibility': 1.0, 'cart_affinity': 0.94, 'demographic_match': 0.5}","{'recency_boost': False, 'tier_multiplier': False}"
CUST0057,Standard,Grocery,3,OFFER019,Produce Reward #19,Produce,Both,5% off,69.81,"{'transaction_affinity': 0.44, 'redemption_match': 0.7, 'points_eligibility': 1.0, 'cart_affinity': 0.94, 'demographic_match': 0.5}","{'recency_boost': False, 'tier_multiplier': False}"
CUST0058,Standard,Grocery,1,OFFER010,Produce Reward #10,Produce,eCommerce,50% off,70.39,"{'transaction_affinity': 0.263, 'redemption_match': 0.9, 'points_eligibility': 1.0, 'cart_affinity': 1.0, 'demographic_match': 0.5}","{'recency_boost': False, 'tier_multiplier': False}"
CUST0058,Standard,Grocery,2,OFFER001,Grocery Reward #1,Grocery,eCommerce,10Fuel cents/L,67.98,"{'transaction_affinity': 0.183, 'redemption_match': 0.9, 'points_eligibility': 1.0, 'cart_affinity': 1.0, 'demographic_match': 0.5}","{'recency_boost': False, 'tier_multiplier': False}"
CUST0058,Standard,Grocery,3,OFFER003,Dairy Reward #3,Dairy,Grocery,50$ off,67.45,"{'transaction_affinity': 0.232, 'redemption_match': 1.0, 'points_eligibility': 1.0, 'cart_affinity': 0.7, 'demographic_match': 0.5}","{'recency_boost': False, 'tier_multiplier': False}"
CUST0059,Standard,Grocery,1,OFFER005,Produce Reward #5,Produce,eCommerce,5$ off,77.53,"{'transaction_affinity': 0.401, 'redemption_match': 0.9, 'points_eligibility': 1.0, 'cart_affinity': 1.0, 'demographic_match': 0.8}","{'recency_boost': False, 'tier_multiplier': False}"
CUST0059,Standard,Grocery,2,OFFER010,Produce Reward #10,Produce,eCommerce,50% off,77.53,"{'transaction_affinity': 0.401, 'redemption_match': 0.9, 'points_eligibility': 1.0, 'cart_affinity': 1.0, 'demographic_match': 0.8}","{'recency_boost': False, 'tier_multiplier': False}"
CUST0059,Standard,Grocery,3,OFFER008,Produce Reward #8,Produce,Grocery,25% off,75.53,"{'transaction_affinity': 0.401, 'redemption_match': 1.0, 'points_eligibility': 1.0, 'cart_affinity': 0.7, 'demographic_match': 0.8}","{'recency_boost': False, 'tier_multiplier': False}"
CUST0060,Standard,Grocery,1,OFFER003,Dairy Reward #3,Dairy,Grocery,50$ off,74.94,"{'transaction_affinity': 0.481, 'redemption_match': 1.0, 'points_eligibility': 1.0, 'cart_affinity': 0.7, 'demographic_match': 0.5}","{'recency_boost': False, 'tier_multiplier': False}"
CUST0060,Standard,Grocery,2,OFFER011,Dairy Reward #11,Dairy,Grocery,5Free item,74.94,"{'transaction_affinity': 0.481, 'redemption_match': 1.0, 'points_eligibility': 1.0, 'cart_affinity': 0.7, 'demographic_match': 0.5}","{'recency_boost': False, 'tier_multiplier': False}"
CUST0060,Standard,Grocery,3,OFFER016,Bakery Reward #16,Bakery,eCommerce,25Free item,69.24,"{'transaction_affinity': 0.225, 'redemption_match': 0.9, 'points_eligibility': 1.0, 'cart_affinity': 1.0, 'demographic_match': 0.5}","{'recency_boost': False, 'tier_multiplier': False}"
CUST0061,Standard,Fuel,1,OFFER004,Beverages Reward #4,Beverages,Both,50% off,62.44,"{'transaction_affinity': 0.165, 'redemption_match': 0.7, 'points_eligibility': 1.0, 'cart_affinity': 1.0, 'demographic_match': 0.5}","{'recency_boost': False, 'tier_multiplier': False}"
CUST0061,Standard,Fuel,2,OFFER006,Beverages Reward #6,Beverages,Both,50Fuel cents/L,62.44,"{'transaction_affinity': 0.165, 'redemption_match': 0.7, 'points_eligibility': 1.0, 'cart_affinity': 1.0, 'demographic_match': 0.5}","{'recency_boost': False, 'tier_multiplier': False}"
CUST0061,Standard,Fuel,3,OFFER018,Beverages Reward #18,Beverages,Both,50$ off,62.44,"{'transaction_affinity': 0.165, 'redemption_match': 0.7, 'points_eligibility': 1.0, 'cart_affinity': 1.0, 'demographic_match': 0.5}","{'recency_boost': False, 'tier_multiplier': False}"
CUST0062,Standard,Grocery,1,OFFER009,Bakery Reward #9,Bakery,Grocery,25% off,72.67,"{'transaction_affinity': 0.286, 'redemption_match': 1.0, 'points_eligibility': 1.0, 'cart_affinity': 0.94, 'demographic_match': 0.5}","{'recency_boost': False, 'tier_multiplier': False}"
CUST0062,Standard,Grocery,2,OFFER020,Beverages Reward #20,Beverages,Grocery,5Free item,70.29,"{'transaction_affinity': 0.206, 'redemption_match': 1.0, 'points_eligibility': 1.0, 'cart_affinity': 0.94, 'demographic_match': 0.5}","{'recency_boost': False, 'tier_multiplier': False}"
CUST0062,Standard,Grocery,3,OFFER008,Produce Reward #8,Produce,Grocery,25% off,68.72,"{'transaction_affinity': 0.154, 'redemption_match': 1.0, 'points_eligibility': 1.0, 'cart_affinity': 0.94, 'demographic_match': 0.5}","{'recency_boost': False, 'tier_multiplier': False}"
CUST0063,Standard,Grocery,1,OFFER005,Produce Reward #5,Produce,eCommerce,5$ off,74.08,"{'transaction_affinity': 0.286, 'redemption_match': 0.9, 'points_eligibility': 1.0, 'cart_affinity': 1.0, 'demographic_match': 0.8}","{'recency_boost': False, 'tier_multiplier': False}"
CUST0063,Standard,Grocery,2,OFFER010,Produce Reward #10,Produce,eCommerce,50% off,74.08,"{'transaction_affinity': 0.286, 'redemption_match': 0.9, 'points_eligibility': 1.0, 'cart_affinity': 1.0, 'demographic_match': 0.8}","{'recency_boost': False, 'tier_multiplier': False}"
CUST0063,Standard,Grocery,3,OFFER008,Produce Reward #8,Produce,Grocery,25% off,72.08,"{'transaction_affinity': 0.286, 'redemption_match': 1.0, 'points_eligibility': 1.0, 'cart_affinity': 0.7, 'demographic_match': 0.8}","{'recency_boost': False, 'tier_multiplier': False}"
CUST0064,Standard,Grocery,1,OFFER008,Produce Reward #8,Produce,Grocery,25% off,72.75,"{'transaction_affinity': 0.288, 'redemption_match': 1.0, 'points_eligibility': 1.0, 'cart_affinity': 0.94, 'demographic_match': 0.5}","{'recency_boost': False, 'tier_multiplier': False}"
CUST0064,Standard,Grocery,2,OFFER003,Dairy Reward #3,Dairy,Grocery,50$ off,71.71,"{'transaction_affinity': 0.254, 'redemption_match': 1.0, 'points_eligibility': 1.0, 'cart_affinity': 0.94, 'demographic_match': 0.5}","{'recency_boost': False, 'tier_multiplier': False}"
CUST0064,Standard,Grocery,3,OFFER011,Dairy Reward #11,Dairy,Grocery,5Free item,71.71,"{'transaction_affinity': 0.254, 'redemption_match': 1.0, 'points_eligibility': 1.0, 'cart_affinity': 0.94, 'demographic_match': 0.5}","{'recency_boost': False, 'tier_multiplier': False}"
CUST0065,Standard,Fuel,1,OFFER004,Beverages Reward #4,Beverages,Both,50% off,59.83,"{'transaction_affinity': 0.078, 'redemption_match': 0.7, 'points_eligibility': 1.0, 'cart_affinity': 1.0, 'demographic_match': 0.5}","{'recency_boost': False, 'tier_multiplier': False}"
CUST0065,Standard,Fuel,2,OFFER006,Beverages Reward #6,Beverages,Both,50Fuel cents/L,59.83,"{'transaction_affinity': 0.078, 'redemption_match': 0.7, 'points_eligibility': 1.0, 'cart_affinity': 1.0, 'demographic_match': 0.5}","{'recency_boost': False, 'tier_multiplier': False}"
CUST0065,Standard,Fuel,3,OFFER018,Beverages Reward #18,Beverages,Both,50$ off,59.83,"{'transaction_affinity': 0.078, 'redemption_match': 0.7, 'points_eligibility': 1.0, 'cart_affinity': 1.0, 'demographic_match': 0.5}","{'recency_boost': False, 'tier_multiplier': False}"
CUST0066,Standard,Grocery,1,OFFER001,Grocery Reward #1,Grocery,eCommerce,10Fuel cents/L,72.26,"{'transaction_affinity': 0.325, 'redemption_match': 0.9, 'points_eligibility': 1.0, 'cart_affinity': 1.0, 'demographic_match': 0.5}","{'recency_boost': False, 'tier_multiplier': False}"
CUST0066,Standard,Grocery,2,OFFER013,Grocery Reward #13,Grocery,eCommerce,10% off,72.26,"{'transaction_affinity': 0.325, 'redemption_match': 0.9, 'points_eligibility': 1.0, 'cart_affinity': 1.0, 'demographic_match': 0.5}","{'recency_boost': False, 'tier_multiplier': False}"
CUST0066,Standard,Grocery,3,OFFER003,Dairy Reward #3,Dairy,Grocery,50$ off,70.08,"{'transaction_affinity': 0.319, 'redemption_match': 1.0, 'points_eligibility': 1.0, 'cart_affinity': 0.7, 'demographic_match': 0.5}","{'recency_boost': False, 'tier_multiplier': False}"
CUST0067,4U+,Grocery,1,OFFER008,Produce Reward #8,Produce,Grocery,25% off,100.0,"{'transaction_affinity': 0.224, 'redemption_match': 1.0, 'points_eligibility': 1.0, 'cart_affinity': 0.82, 'demographic_match': 0.5}","{'recency_boost': False, 'tier_multiplier': True}"
CUST0067,4U+,Grocery,2,OFFER011,Dairy Reward #11,Dairy,Grocery,5Free item,100.0,"{'transaction_affinity': 0.266, 'redemption_match': 1.0, 'points_eligibility': 1.0, 'cart_affinity': 0.82, 'demographic_match': 0.5}","{'recency_boost': False, 'tier_multiplier': True}"
CUST0067,4U+,Grocery,3,OFFER015,Snacks Reward #15,Snacks,Grocery,20Fuel cents/L,97.7,"{'transaction_affinity': 0.094, 'redemption_match': 1.0, 'points_eligibility': 1.0, 'cart_affinity': 0.82, 'demographic_match': 0.5}","{'recency_boost': False, 'tier_multiplier': True}"
CUST0068,Standard,Grocery,1,OFFER003,Dairy Reward #3,Dairy,Grocery,50$ off,70.13,"{'transaction_affinity': 0.101, 'redemption_match': 1.0, 'points_eligibility': 1.0, 'cart_affinity': 0.94, 'demographic_match': 0.8}","{'recency_boost': False, 'tier_multiplier': False}"
CUST0068,Standard,Grocery,2,OFFER011,Dairy Reward #11,Dairy,Grocery,5Free item,70.13,"{'transaction_affinity': 0.101, 'redemption_match': 1.0, 'points_eligibility': 1.0, 'cart_affinity': 0.94, 'demographic_match': 0.8}","{'recency_boost': False, 'tier_multiplier': False}"
CUST0068,Standard,Grocery,3,OFFER020,Beverages Reward #20,Beverages,Grocery,5Free item,68.5,"{'transaction_affinity': 0.147, 'redemption_match': 1.0, 'points_eligibility': 1.0, 'cart_affinity': 0.94, 'demographic_match': 0.5}","{'recency_boost': False, 'tier_multiplier': False}"
CUST0069,4U+,Grocery,1,OFFER008,Produce Reward #8,Produce,Grocery,25% off,100.0,"{'transaction_affinity': 0.191, 'redemption_match': 1.0, 'points_eligibility': 1.0, 'cart_affinity': 0.82, 'demographic_match': 0.5}","{'recency_boost': False, 'tier_multiplier': True}"
CUST0069,4U+,Grocery,2,OFFER016,Bakery Reward #16,Bakery,eCommerce,25Free item,100.0,"{'transaction_affinity': 0.389, 'redemption_match': 0.9, 'points_eligibility': 1.0, 'cart_affinity': 0.6, 'demographic_match': 0.5}","{'recency_boost': False, 'tier_multiplier': True}"
CUST0069,4U+,Grocery,3,OFFER015,Snacks Reward #15,Snacks,Grocery,20Fuel cents/L,99.66,"{'transaction_affinity': 0.138, 'redemption_match': 1.0, 'points_eligibility': 1.0, 'cart_affinity': 0.82, 'demographic_match': 0.5}","{'recency_boost': False, 'tier_multiplier': True}"
CUST0070,Standard,Grocery,1,OFFER001,Grocery Reward #1,Grocery,eCommerce,10Fuel cents/L,75.66,"{'transaction_affinity': 0.439, 'redemption_match': 0.9, 'points_eligibility': 1.0, 'cart_affinity': 0.8, 'demographic_match': 0.8}","{'recency_boost': False, 'tier_multiplier': False}"
CUST0070,Standard,Grocery,2,OFFER013,Grocery Reward #13,Grocery,eCommerce,10% off,75.66,"{'transaction_affinity': 0.439, 'redemption_match': 0.9, 'points_eligibility': 1.0, 'cart_affinity': 0.8, 'demographic_match': 0.8}","{'recency_boost': False, 'tier_multiplier': False}"
CUST0070,Standard,Grocery,3,OFFER003,Dairy Reward #3,Dairy,Grocery,50$ off,68.58,"{'transaction_affinity': 0.139, 'redemption_match': 1.0, 'points_eligibility': 1.0, 'cart_affinity': 0.76, 'demographic_match': 0.8}","{'recency_boost': False, 'tier_multiplier': False}"
CUST0071,Standard,Grocery,1,OFFER009,Bakery Reward #9,Bakery,Grocery,25% off,73.79,"{'transaction_affinity': 0.353, 'redemption_match': 1.0, 'points_eligibility': 1.0, 'cart_affinity': 0.88, 'demographic_match': 0.5}","{'recency_boost': False, 'tier_multiplier': False}"
CUST0071,Standard,Grocery,2,OFFER003,Dairy Reward #3,Dairy,Grocery,50$ off,72.9,"{'transaction_affinity': 0.223, 'redemption_match': 1.0, 'points_eligibility': 1.0, 'cart_affinity': 0.88, 'demographic_match': 0.8}","{'recency_boost': False, 'tier_multiplier': False}"
CUST0071,Standard,Grocery,3,OFFER011,Dairy Reward #11,Dairy,Grocery,5Free item,72.9,"{'transaction_affinity': 0.223, 'redemption_match': 1.0, 'points_eligibility': 1.0, 'cart_affinity': 0.88, 'demographic_match': 0.8}","{'recency_boost': False, 'tier_multiplier': False}"
CUST0072,Standard,Fuel,1,OFFER004,Beverages Reward #4,Beverages,Both,50% off,57.5,"{'transaction_affinity': 0.0, 'redemption_match': 0.7, 'points_eligibility': 1.0, 'cart_affinity': 1.0, 'demographic_match': 0.5}","{'recency_boost': False, 'tier_multiplier': False}"
CUST0072,Standard,Fuel,2,OFFER006,Beverages Reward #6,Beverages,Both,50Fuel cents/L,57.5,"{'transaction_affinity': 0.0, 'redemption_match': 0.7, 'points_eligibility': 1.0, 'cart_affinity': 1.0, 'demographic_match': 0.5}","{'recency_boost': False, 'tier_multiplier': False}"
CUST0072,Standard,Fuel,3,OFFER007,Dairy Reward #7,Dairy,Both,15Free item,57.5,"{'transaction_affinity': 0.0, 'redemption_match': 0.7, 'points_eligibility': 1.0, 'cart_affinity': 1.0, 'demographic_match': 0.5}","{'recency_boost': False, 'tier_multiplier': False}"
CUST0073,Standard,Fuel,1,OFFER007,Dairy Reward #7,Dairy,Both,15Free item,66.48,"{'transaction_affinity': 0.199, 'redemption_match': 0.7, 'points_eligibility': 1.0, 'cart_affinity': 1.0, 'demographic_match': 0.8}","{'recency_boost': False, 'tier_multiplier': False}"
CUST0073,Standard,Fuel,2,OFFER014,Dairy Reward #14,Dairy,Both,50$ off,66.48,"{'transaction_affinity': 0.199, 'redemption_match': 0.7, 'points_eligibility': 1.0, 'cart_affinity': 1.0, 'demographic_match': 0.8}","{'recency_boost': False, 'tier_multiplier': False}"
CUST0073,Standard,Fuel,3,OFFER012,Produce Reward #12,Produce,Both,15$ off,63.25,"{'transaction_affinity': 0.092, 'redemption_match': 0.7, 'points_eligibility': 1.0, 'cart_affinity': 1.0, 'demographic_match': 0.8}","{'recency_boost': False, 'tier_multiplier': False}"
CUST0074,Standard,Fuel,1,OFFER004,Beverages Reward #4,Beverages,Both,50% off,57.5,"{'transaction_affinity': 0.0, 'redemption_match': 0.7, 'points_eligibility': 1.0, 'cart_affinity': 1.0, 'demographic_match': 0.5}","{'recency_boost': False, 'tier_multiplier': False}"
CUST0074,Standard,Fuel,2,OFFER006,Beverages Reward #6,Beverages,Both,50Fuel cents/L,57.5,"{'transaction_affinity': 0.0, 'redemption_match': 0.7, 'points_eligibility': 1.0, 'cart_affinity': 1.0, 'demographic_match': 0.5}","{'recency_boost': False, 'tier_multiplier': False}"
CUST0074,Standard,Fuel,3,OFFER007,Dairy Reward #7,Dairy,Both,15Free item,57.5,"{'transaction_affinity': 0.0, 'redemption_match': 0.7, 'points_eligibility': 1.0, 'cart_affinity': 1.0, 'demographic_match': 0.5}","{'recency_boost': False, 'tier_multiplier': False}"
CUST0075,4U+,Grocery,1,OFFER011,Dairy Reward #11,Dairy,Grocery,5Free item,77.27,"{'transaction_affinity': 0.237, 'redemption_match': 1.0, 'points_eligibility': 0.0, 'cart_affinity': 0.76, 'demographic_match': 0.8}","{'recency_boost': False, 'tier_multiplier': True}"
CUST0075,4U+,Grocery,2,OFFER003,Dairy Reward #3,Dairy,Grocery,50$ off,71.51,"{'transaction_affinity': 0.237, 'redemption_match': 1.0, 'points_eligibility': 1.0, 'cart_affinity': 0.76, 'demographic_match': 0.8}","{'recency_boost': False, 'tier_multiplier': False}"
CUST0075,4U+,Grocery,3,OFFER001,Grocery Reward #1,Grocery,eCommerce,10Fuel cents/L,68.09,"{'transaction_affinity': 0.186, 'redemption_match': 0.9, 'points_eligibility': 1.0, 'cart_affinity': 0.8, 'demographic_match': 0.8}","{'recency_boost': False, 'tier_multiplier': False}"
CUST0076,Standard,Grocery,1,OFFER020,Beverages Reward #20,Beverages,Grocery,5Free item,76.56,"{'transaction_affinity': 0.475, 'redemption_match': 1.0, 'points_eligibility': 1.0, 'cart_affinity': 0.82, 'demographic_match': 0.5}","{'recency_boost': False, 'tier_multiplier': False}"
CUST0076,Standard,Grocery,2,OFFER002,Beverages Reward #2,Beverages,eCommerce,10% off,70.76,"{'transaction_affinity': 0.475, 'redemption_match': 0.9, 'points_eligibility': 1.0, 'cart_affinity': 0.6, 'demographic_match': 0.5}","{'recency_boost': False, 'tier_multiplier': False}"
CUST0076,Standard,Grocery,3,OFFER004,Beverages Reward #4,Beverages,Both,50% off,69.06,"{'transaction_affinity': 0.475, 'redemption_match': 0.7, 'points_eligibility': 1.0, 'cart_affinity': 0.82, 'demographic_match': 0.5}","{'recency_boost': False, 'tier_multiplier': False}"
CUST0077,4U+,Fuel,1,OFFER008,Produce Reward #8,Produce,Grocery,25% off,81.56,"{'transaction_affinity': 0.396, 'redemption_match': 0.1, 'points_eligibility': 1.0, 'cart_affinity': 1.0, 'demographic_match': 0.5}","{'recency_boost': False, 'tier_multiplier': True}"
CUST0077,4U+,Fuel,2,OFFER005,Produce Reward #5,Produce,eCommerce,5$ off,77.81,"{'transaction_affinity': 0.396, 'redemption_match': 0.6, 'points_eligibility': 1.0, 'cart_affinity': 0.0, 'demographic_match': 0.5}","{'recency_boost': False, 'tier_multiplier': True}"
CUST0077,4U+,Fuel,3,OFFER020,Beverages Reward #20,Beverages,Grocery,5Free item,72.81,"{'transaction_affinity': 0.201, 'redemption_match': 0.1, 'points_eligibility': 1.0, 'cart_affinity': 1.0, 'demographic_match': 0.5}","{'recency_boost': False, 'tier_multiplier': True}"
CUST0078,4U+,Fuel,1,OFFER011,Dairy Reward #11,Dairy,Grocery,5Free item,76.21,"{'transaction_affinity': 0.277, 'redemption_match': 0.1, 'points_eligibility': 1.0, 'cart_affinity': 1.0, 'demographic_match': 0.5}","{'recency_boost': False, 'tier_multiplier': True}"
CUST0078,4U+,Fuel,2,OFFER020,Beverages Reward #20,Beverages,Grocery,5Free item,69.2,"{'transaction_affinity': 0.121, 'redemption_match': 0.1, 'points_eligibility': 1.0, 'cart_affinity': 1.0, 'demographic_match': 0.5}","{'recency_boost': False, 'tier_multiplier': True}"
CUST0078,4U+,Fuel,3,OFFER007,Dairy Reward #7,Dairy,Both,15Free item,65.8,"{'transaction_affinity': 0.277, 'redemption_match': 0.7, 'points_eligibility': 1.0, 'cart_affinity': 1.0, 'demographic_match': 0.5}","{'recency_boost': False, 'tier_multiplier': False}"
CUST0079,Standard,Grocery,1,OFFER008,Produce Reward #8,Produce,Grocery,25% off,82.41,"{'transaction_affinity': 0.54, 'redemption_match': 1.0, 'points_eligibility': 1.0, 'cart_affinity': 0.88, 'demographic_match': 0.8}","{'recency_boost': False, 'tier_multiplier': False}"
CUST0079,Standard,Grocery,2,OFFER012,Produce Reward #12,Produce,Both,15$ off,74.91,"{'transaction_affinity': 0.54, 'redemption_match': 0.7, 'points_eligibility': 1.0, 'cart_affinity': 0.88, 'demographic_match': 0.8}","{'recency_boost': False, 'tier_multiplier': False}"
CUST0079,Standard,Grocery,3,OFFER019,Produce Reward #19,Produce,Both,5% off,74.91,"{'transaction_affinity': 0.54, 'redemption_match': 0.7, 'points_eligibility': 1.0, 'cart_affinity': 0.88, 'demographic_match': 0.8}","{'recency_boost': False, 'tier_multiplier': False}"
CUST0080,4U+,Grocery,1,OFFER016,Bakery Reward #16,Bakery,eCommerce,25Free item,100.0,"{'transaction_affinity': 0.534, 'redemption_match': 0.9, 'points_eligibility': 1.0, 'cart_affinity': 1.0, 'demographic_match': 0.5}","{'recency_boost': False, 'tier_multiplier': True}"
CUST0080,4U+,Grocery,2,OFFER020,Beverages Reward #20,Beverages,Grocery,5Free item,100.0,"{'transaction_affinity': 0.28, 'redemption_match': 1.0, 'points_eligibility': 1.0, 'cart_affinity': 0.7, 'demographic_match': 0.5}","{'recency_boost': False, 'tier_multiplier': True}"
CUST0080,4U+,Grocery,3,OFFER005,Produce Reward #5,Produce,eCommerce,5$ off,93.75,"{'transaction_affinity': 0.0, 'redemption_match': 0.9, 'points_eligibility': 1.0, 'cart_affinity': 1.0, 'demographic_match': 0.5}","{'recency_boost': False, 'tier_multiplier': True}"
CUST0081,Standard,Grocery,1,OFFER009,Bakery Reward #9,Bakery,Grocery,25% off,81.13,"{'transaction_affinity': 0.538, 'redemption_match': 1.0, 'points_eligibility': 1.0, 'cart_affinity': 1.0, 'demographic_match': 0.5}","{'recency_boost': False, 'tier_multiplier': False}"
CUST0081,Standard,Grocery,2,OFFER003,Dairy Reward #3,Dairy,Grocery,50$ off,65.0,"{'transaction_affinity': 0.0, 'redemption_match': 1.0, 'points_eligibility': 1.0, 'cart_affinity': 1.0, 'demographic_match': 0.5}","{'recency_boost': False, 'tier_multiplier': False}"
CUST0081,Standard,Grocery,3,OFFER008,Produce Reward #8,Produce,Grocery,25% off,65.0,"{'transaction_affinity': 0.0, 'redemption_match': 1.0, 'points_eligibility': 1.0, 'cart_affinity': 1.0, 'demographic_match': 0.5}","{'recency_boost': False, 'tier_multiplier': False}"
CUST0082,Standard,Fuel,1,OFFER007,Dairy Reward #7,Dairy,Both,15Free item,64.6,"{'transaction_affinity': 0.137, 'redemption_match': 0.7, 'points_eligibility': 1.0, 'cart_affinity': 1.0, 'demographic_match': 0.8}","{'recency_boost': False, 'tier_multiplier': False}"
CUST0082,Standard,Fuel,2,OFFER014,Dairy Reward #14,Dairy,Both,50$ off,64.6,"{'transaction_affinity': 0.137, 'redemption_match': 0.7, 'points_eligibility': 1.0, 'cart_affinity': 1.0, 'demographic_match': 0.8}","{'recency_boost': False, 'tier_multiplier': False}"
CUST0082,Standard,Fuel,3,OFFER012,Produce Reward #12,Produce,Both,15$ off,62.59,"{'transaction_affinity': 0.07, 'redemption_match': 0.7, 'points_eligibility': 1.0, 'cart_affinity': 1.0, 'demographic_match': 0.8}","{'recency_boost': False, 'tier_multiplier': False}"
CUST0083,Standard,Grocery,1,OFFER016,Bakery Reward #16,Bakery,eCommerce,25Free item,73.23,"{'transaction_affinity': 0.358, 'redemption_match': 0.9, 'points_eligibility': 1.0, 'cart_affinity': 1.0, 'demographic_match': 0.5}","{'recency_boost': False, 'tier_multiplier': False}"
CUST0083,Standard,Grocery,2,OFFER001,Grocery Reward #1,Grocery,eCommerce,10Fuel cents/L,73.2,"{'transaction_affinity': 0.257, 'redemption_match': 0.9, 'points_eligibility': 1.0, 'cart_affinity': 1.0, 'demographic_match': 0.8}","{'recency_boost': False, 'tier_multiplier': False}"
CUST0083,Standard,Grocery,3,OFFER013,Grocery Reward #13,Grocery,eCommerce,10% off,73.2,"{'transaction_affinity': 0.257, 'redemption_match': 0.9, 'points_eligibility': 1.0, 'cart_affinity': 1.0, 'demographic_match': 0.8}","{'recency_boost': False, 'tier_multiplier': False}"
CUST0084,Standard,Fuel,1,OFFER007,Dairy Reward #7,Dairy,Both,15Free item,61.74,"{'transaction_affinity': 0.141, 'redemption_match': 0.7, 'points_eligibility': 1.0, 'cart_affinity': 1.0, 'demographic_match': 0.5}","{'recency_boost': False, 'tier_multiplier': False}"
CUST0084,Standard,Fuel,2,OFFER014,Dairy Reward #14,Dairy,Both,50$ off,61.74,"{'transaction_affinity': 0.141, 'redemption_match': 0.7, 'points_eligibility': 1.0, 'cart_affinity': 1.0, 'demographic_match': 0.5}","{'recency_boost': False, 'tier_multiplier': False}"
CUST0084,Standard,Fuel,3,OFFER012,Produce Reward #12,Produce,Both,15$ off,57.77,"{'transaction_affinity': 0.009, 'redemption_match': 0.7, 'points_eligibility': 1.0, 'cart_affinity': 1.0, 'demographic_match': 0.5}","{'recency_boost': False, 'tier_multiplier': False}"
CUST0085,4U+,Grocery,1,OFFER008,Produce Reward #8,Produce,Grocery,25% off,100.0,"{'transaction_affinity': 0.161, 'redemption_match': 1.0, 'points_eligibility': 1.0, 'cart_affinity': 0.94, 'demographic_match': 0.5}","{'recency_boost': False, 'tier_multiplier': True}"
CUST0085,4U+,Grocery,2,OFFER011,Dairy Reward #11,Dairy,Grocery,5Free item,100.0,"{'transaction_affinity': 0.291, 'redemption_match': 1.0, 'points_eligibility': 1.0, 'cart_affinity': 0.94, 'demographic_match': 0.5}","{'recency_boost': False, 'tier_multiplier': True}"
CUST0085,4U+,Grocery,3,OFFER015,Snacks Reward #15,Snacks,Grocery,20Fuel cents/L,99.2,"{'transaction_affinity': 0.068, 'redemption_match': 1.0, 'points_eligibility': 1.0, 'cart_affinity': 0.94, 'demographic_match': 0.5}","{'recency_boost': False, 'tier_multiplier': True}"
CUST0086,Standard,Fuel,1,OFFER004,Beverages Reward #4,Beverages,Both,50% off,74.23,"{'transaction_affinity': 0.145, 'redemption_match': 0.7, 'points_eligibility': 1.0, 'cart_affinity': 1.0, 'demographic_match': 0.5}","{'recency_boost': True, 'tier_multiplier': False}"
CUST0086,Standard,Fuel,2,OFFER006,Beverages Reward #6,Beverages,Both,50Fuel cents/L,74.23,"{'transaction_affinity': 0.145, 'redemption_match': 0.7, 'points_eligibility': 1.0, 'cart_affinity': 1.0, 'demographic_match': 0.5}","{'recency_boost': True, 'tier_multiplier': False}"
CUST0086,Standard,Fuel,3,OFFER018,Beverages Reward #18,Beverages,Both,50$ off,74.23,"{'transaction_affinity': 0.145, 'redemption_match': 0.7, 'points_eligibility': 1.0, 'cart_affinity': 1.0, 'demographic_match': 0.5}","{'recency_boost': True, 'tier_multiplier': False}"
CUST0087,Standard,Fuel,1,OFFER012,Produce Reward #12,Produce,Both,15$ off,62.65,"{'transaction_affinity': 0.072, 'redemption_match': 0.7, 'points_eligibility': 1.0, 'cart_affinity': 1.0, 'demographic_match': 0.8}","{'recency_boost': False, 'tier_multiplier': False}"
CUST0087,Standard,Fuel,2,OFFER019,Produce Reward #19,Produce,Both,5% off,62.65,"{'transaction_affinity': 0.072, 'redemption_match': 0.7, 'points_eligibility': 1.0, 'cart_affinity': 1.0, 'demographic_match': 0.8}","{'recency_boost': False, 'tier_multiplier': False}"
CUST0087,Standard,Fuel,3,OFFER007,Dairy Reward #7,Dairy,Both,15Free item,61.99,"{'transaction_affinity': 0.05, 'redemption_match': 0.7, 'points_eligibility': 1.0, 'cart_affinity': 1.0, 'demographic_match': 0.8}","{'recency_boost': False, 'tier_multiplier': False}"
CUST0088,4U+,Fuel,1,OFFER020,Beverages Reward #20,Beverages,Grocery,5Free item,78.97,"{'transaction_affinity': 0.338, 'redemption_match': 0.1, 'points_eligibility': 1.0, 'cart_affinity': 1.0, 'demographic_match': 0.5}","{'recency_boost': False, 'tier_multiplier': True}"
CUST0088,4U+,Fuel,2,OFFER016,Bakery Reward #16,Bakery,eCommerce,25Free item,67.9,"{'transaction_affinity': 0.175, 'redemption_match': 0.6, 'points_eligibility': 1.0, 'cart_affinity': 0.0, 'demographic_match': 0.5}","{'recency_boost': False, 'tier_multiplier': True}"
CUST0088,4U+,Fuel,3,OFFER004,Beverages Reward #4,Beverages,Both,50% off,67.64,"{'transaction_affinity': 0.338, 'redemption_match': 0.7, 'points_eligibility': 1.0, 'cart_affinity': 1.0, 'demographic_match': 0.5}","{'recency_boost': False, 'tier_multiplier': False}"
CUST0089,Standard,Grocery,1,OFFER008,Produce Reward #8,Produce,Grocery,25% off,70.27,"{'transaction_affinity': 0.296, 'redemption_match': 1.0, 'points_eligibility': 1.0, 'cart_affinity': 0.76, 'demographic_match': 0.5}","{'recency_boost': False, 'tier_multiplier': False}"
CUST0089,Standard,Grocery,2,OFFER005,Produce Reward #5,Produce,eCommerce,5$ off,68.37,"{'transaction_affinity': 0.296, 'redemption_match': 0.9, 'points_eligibility': 1.0, 'cart_affinity': 0.8, 'demographic_match': 0.5}","{'recency_boost': False, 'tier_multiplier': False}"
CUST0089,Standard,Grocery,3,OFFER010,Produce Reward #10,Produce,eCommerce,50% off,68.37,"{'transaction_affinity': 0.296, 'redemption_match': 0.9, 'points_eligibility': 1.0, 'cart_affinity': 0.8, 'demographic_match': 0.5}","{'recency_boost': False, 'tier_multiplier': False}"
CUST0090,Standard,Fuel,1,OFFER012,Produce Reward #12,Produce,Both,15$ off,60.91,"{'transaction_affinity': 0.114, 'redemption_match': 0.7, 'points_eligibility': 1.0, 'cart_affinity': 1.0, 'demographic_match': 0.5}","{'recency_boost': False, 'tier_multiplier': False}"
CUST0090,Standard,Fuel,2,OFFER007,Dairy Reward #7,Dairy,Both,15Free item,59.96,"{'transaction_affinity': 0.082, 'redemption_match': 0.7, 'points_eligibility': 1.0, 'cart_affinity': 1.0, 'demographic_match': 0.5}","{'recency_boost': False, 'tier_multiplier': False}"
CUST0090,Standard,Fuel,3,OFFER014,Dairy Reward #14,Dairy,Both,50$ off,59.96,"{'transaction_affinity': 0.082, 'redemption_match': 0.7, 'points_eligibility': 1.0, 'cart_affinity': 1.0, 'demographic_match': 0.5}","{'recency_boost': False, 'tier_multiplier': False}"
CUST0091,4U+,Grocery,1,OFFER011,Dairy Reward #11,Dairy,Grocery,5Free item,100.0,"{'transaction_affinity': 0.287, 'redemption_match': 1.0, 'points_eligibility': 1.0, 'cart_affinity': 0.94, 'demographic_match': 0.8}","{'recency_boost': False, 'tier_multiplier': True}"
CUST0091,4U+,Grocery,2,OFFER020,Beverages Reward #20,Beverages,Grocery,5Free item,96.15,"{'transaction_affinity': 0.0, 'redemption_match': 1.0, 'points_eligibility': 1.0, 'cart_affinity': 0.94, 'demographic_match': 0.5}","{'recency_boost': False, 'tier_multiplier': True}"
CUST0091,4U+,Grocery,3,OFFER005,Produce Reward #5,Produce,eCommerce,5$ off,86.52,"{'transaction_affinity': 0.139, 'redemption_match': 0.9, 'points_eligibility': 1.0, 'cart_affinity': 0.2, 'demographic_match': 0.8}","{'recency_boost': False, 'tier_multiplier': True}"
CUST0092,Standard,Grocery,1,OFFER003,Dairy Reward #3,Dairy,Grocery,50$ off,78.84,"{'transaction_affinity': 0.481, 'redemption_match': 1.0, 'points_eligibility': 1.0, 'cart_affinity': 0.76, 'demographic_match': 0.8}","{'recency_boost': False, 'tier_multiplier': False}"
CUST0092,Standard,Grocery,2,OFFER011,Dairy Reward #11,Dairy,Grocery,5Free item,78.84,"{'transaction_affinity': 0.481, 'redemption_match': 1.0, 'points_eligibility': 1.0, 'cart_affinity': 0.76, 'demographic_match': 0.8}","{'recency_boost': False, 'tier_multiplier': False}"
CUST0092,Standard,Grocery,3,OFFER007,Dairy Reward #7,Dairy,Both,15Free item,71.34,"{'transaction_affinity': 0.481, 'redemption_match': 0.7, 'points_eligibility': 1.0, 'cart_affinity': 0.76, 'demographic_match': 0.8}","{'recency_boost': False, 'tier_multiplier': False}"
CUST0093,Standard,Fuel,1,OFFER007,Dairy Reward #7,Dairy,Both,15Free item,60.54,"{'transaction_affinity': 0.101, 'redemption_match': 0.7, 'points_eligibility': 1.0, 'cart_affinity': 1.0, 'demographic_match': 0.5}","{'recency_boost': False, 'tier_multiplier': False}"
CUST0093,Standard,Fuel,2,OFFER014,Dairy Reward #14,Dairy,Both,50$ off,60.54,"{'transaction_affinity': 0.101, 'redemption_match': 0.7, 'points_eligibility': 1.0, 'cart_affinity': 1.0, 'demographic_match': 0.5}","{'recency_boost': False, 'tier_multiplier': False}"
CUST0093,Standard,Fuel,3,OFFER004,Beverages Reward #4,Beverages,Both,50% off,59.18,"{'transaction_affinity': 0.056, 'redemption_match': 0.7, 'points_eligibility': 1.0, 'cart_affinity': 1.0, 'demographic_match': 0.5}","{'recency_boost': False, 'tier_multiplier': False}"
CUST0094,4U+,Grocery,1,OFFER005,Produce Reward #5,Produce,eCommerce,5$ off,100.0,"{'transaction_affinity': 0.13, 'redemption_match': 0.9, 'points_eligibility': 1.0, 'cart_affinity': 1.0, 'demographic_match': 0.8}","{'recency_boost': False, 'tier_multiplier': True}"
CUST0094,4U+,Grocery,2,OFFER011,Dairy Reward #11,Dairy,Grocery,5Free item,100.0,"{'transaction_affinity': 0.178, 'redemption_match': 1.0, 'points_eligibility': 1.0, 'cart_affinity': 0.7, 'demographic_match': 0.8}","{'recency_boost': False, 'tier_multiplier': True}"
CUST0094,4U+,Grocery,3,OFFER020,Beverages Reward #20,Beverages,Grocery,5Free item,90.75,"{'transaction_affinity': 0.0, 'redemption_match': 1.0, 'points_eligibility': 1.0, 'cart_affinity': 0.7, 'demographic_match': 0.5}","{'recency_boost': False, 'tier_multiplier': True}"
CUST0095,Standard,Grocery,1,OFFER003,Dairy Reward #3,Dairy,Grocery,50$ off,70.47,"{'transaction_affinity': 0.332, 'redemption_match': 1.0, 'points_eligibility': 1.0, 'cart_affinity': 0.7, 'demographic_match': 0.5}","{'recency_boost': False, 'tier_multiplier': False}"
CUST0095,Standard,Grocery,2,OFFER011,Dairy Reward #11,Dairy,Grocery,5Free item,70.47,"{'transaction_affinity': 0.332, 'redemption_match': 1.0, 'points_eligibility': 1.0, 'cart_affinity': 0.7, 'demographic_match': 0.5}","{'recency_boost': False, 'tier_multiplier': False}"
CUST0095,Standard,Grocery,3,OFFER005,Produce Reward #5,Produce,eCommerce,5$ off,69.53,"{'transaction_affinity': 0.234, 'redemption_match': 0.9, 'points_eligibility': 1.0, 'cart_affinity': 1.0, 'demographic_match': 0.5}","{'recency_boost': False, 'tier_multiplier': False}"
CUST0096,Standard,Grocery,1,OFFER008,Produce Reward #8,Produce,Grocery,25% off,79.58,"{'transaction_affinity': 0.386, 'redemption_match': 1.0, 'points_eligibility': 1.0, 'cart_affinity': 1.0, 'demographic_match': 0.8}","{'recency_boost': False, 'tier_multiplier': False}"
CUST0096,Standard,Grocery,2,OFFER003,Dairy Reward #3,Dairy,Grocery,50$ off,72.86,"{'transaction_affinity': 0.162, 'redemption_match': 1.0, 'points_eligibility': 1.0, 'cart_affinity': 1.0, 'demographic_match': 0.8}","{'recency_boost': False, 'tier_multiplier': False}"
CUST0096,Standard,Grocery,3,OFFER011,Dairy Reward #11,Dairy,Grocery,5Free item,72.86,"{'transaction_affinity': 0.162, 'redemption_match': 1.0, 'points_eligibility': 1.0, 'cart_affinity': 1.0, 'demographic_match': 0.8}","{'recency_boost': False, 'tier_multiplier': False}"
CUST0097,Standard,Grocery,1,OFFER001,Grocery Reward #1,Grocery,eCommerce,10Fuel cents/L,72.19,"{'transaction_affinity': 0.223, 'redemption_match': 0.9, 'points_eligibility': 1.0, 'cart_affinity': 1.0, 'demographic_match': 0.8}","{'recency_boost': False, 'tier_multiplier': False}"
CUST0097,Standard,Grocery,2,OFFER013,Grocery Reward #13,Grocery,eCommerce,10% off,72.19,"{'transaction_affinity': 0.223, 'redemption_match': 0.9, 'points_eligibility': 1.0, 'cart_affinity': 1.0, 'demographic_match': 0.8}","{'recency_boost': False, 'tier_multiplier': False}"
CUST0097,Standard,Grocery,3,OFFER003,Dairy Reward #3,Dairy,Grocery,50$ off,70.9,"{'transaction_affinity': 0.247, 'redemption_match': 1.0, 'points_eligibility': 1.0, 'cart_affinity': 0.7, 'demographic_match': 0.8}","{'recency_boost': False, 'tier_multiplier': False}"
CUST0098,Standard,Grocery,1,OFFER020,Beverages Reward #20,Beverages,Grocery,5Free item,69.2,"{'transaction_affinity': 0.17, 'redemption_match': 1.0, 'points_eligibility': 1.0, 'cart_affinity': 0.94, 'demographic_match': 0.5}","{'recency_boost': False, 'tier_multiplier': False}"
CUST0098,Standard,Grocery,2,OFFER017,Snacks Reward #17,Snacks,Grocery,15Fuel cents/L,68.27,"{'transaction_affinity': 0.139, 'redemption_match': 1.0, 'points_eligibility': 1.0, 'cart_affinity': 0.94, 'demographic_match': 0.5}","{'recency_boost': False, 'tier_multiplier': False}"
CUST0098,Standard,Grocery,3,OFFER009,Bakery Reward #9,Bakery,Grocery,25% off,67.6,"{'transaction_affinity': 0.117, 'redemption_match': 1.0, 'points_eligibility': 1.0, 'cart_affinity': 0.94, 'demographic_match': 0.5}","{'recency_boost': False, 'tier_multiplier': False}"
CUST0099,Standard,Fuel,1,OFFER007,Dairy Reward #7,Dairy,Both,15Free item,78.26,"{'transaction_affinity': 0.257, 'redemption_match': 0.7, 'points_eligibility': 1.0, 'cart_affinity': 1.0, 'demographic_match': 0.5}","{'recency_boost': True, 'tier_multiplier': False}"
CUST0099,Standard,Fuel,2,OFFER014,Dairy Reward #14,Dairy,Both,50$ off,78.26,"{'transaction_affinity': 0.257, 'redemption_match': 0.7, 'points_eligibility': 1.0, 'cart_affinity': 1.0, 'demographic_match': 0.5}","{'recency_boost': True, 'tier_multiplier': False}"
CUST0099,Standard,Fuel,3,OFFER004,Beverages Reward #4,Beverages,Both,50% off,69.0,"{'transaction_affinity': 0.0, 'redemption_match': 0.7, 'points_eligibility': 1.0, 'cart_affinity': 1.0, 'demographic_match': 0.5}","{'recency_boost': True, 'tier_multiplier': False}"
CUST0100,Standard,Grocery,1,OFFER009,Bakery Reward #9,Bakery,Grocery,25% off,87.56,"{'transaction_affinity': 0.355, 'redemption_match': 1.0, 'points_eligibility': 1.0, 'cart_affinity': 0.82, 'demographic_match': 0.5}","{'recency_boost': True, 'tier_multiplier': False}"
CUST0100,Standard,Grocery,2,OFFER003,Dairy Reward #3,Dairy,Grocery,50$ off,78.3,"{'transaction_affinity': 0.098, 'redemption_match': 1.0, 'points_eligibility': 1.0, 'cart_affinity': 0.82, 'demographic_match': 0.5}","{'recency_boost': True, 'tier_multiplier': False}"
CUST0100,Standard,Grocery,3,OFFER011,Dairy Reward #11,Dairy,Grocery,5Free item,78.3,"{'transaction_affinity': 0.098, 'redemption_match': 1.0, 'points_eligibility': 1.0, 'cart_affinity': 0.82, 'demographic_match': 0.5}","{'recency_boost': True, 'tier_multiplier': False}"
CUST0101,Standard,Fuel,1,OFFER014,Dairy Reward #14,Dairy,Both,50$ off,58.7,"{'transaction_affinity': 0.04, 'redemption_match': 0.7, 'points_eligibility': 1.0, 'cart_affinity': 1.0, 'demographic_match': 0.5}","{'recency_boost': False, 'tier_multiplier': False}"
CUST0101,Standard,Fuel,2,OFFER012,Produce Reward #12,Produce,Both,15$ off,57.85,"{'transaction_affinity': 0.012, 'redemption_match': 0.7, 'points_eligibility': 1.0, 'cart_affinity': 1.0, 'demographic_match': 0.5}","{'recency_boost': False, 'tier_multiplier': False}"
CUST0101,Standard,Fuel,3,OFFER006,Beverages Reward #6,Beverages,Both,50Fuel cents/L,57.5,"{'transaction_affinity': 0.0, 'redemption_match': 0.7, 'points_eligibility': 1.0, 'cart_affinity': 1.0, 'demographic_match': 0.5}","{'recency_boost': False, 'tier_multiplier': False}"
CUST0102,4U+,Fuel,1,OFFER015,Snacks Reward #15,Snacks,Grocery,20Fuel cents/L,77.4,"{'transaction_affinity': 0.303, 'redemption_match': 0.1, 'points_eligibility': 1.0, 'cart_affinity': 1.0, 'demographic_match': 0.5}","{'recency_boost': False, 'tier_multiplier': True}"
CUST0102,4U+,Fuel,2,OFFER008,Produce Reward #8,Produce,Grocery,25% off,75.54,"{'transaction_affinity': 0.262, 'redemption_match': 0.1, 'points_eligibility': 1.0, 'cart_affinity': 1.0, 'demographic_match': 0.5}","{'recency_boost': False, 'tier_multiplier': True}"
CUST0102,4U+,Fuel,3,OFFER005,Produce Reward #5,Produce,eCommerce,5$ off,71.79,"{'transaction_affinity': 0.262, 'redemption_match': 0.6, 'points_eligibility': 1.0, 'cart_affinity': 0.0, 'demographic_match': 0.5}","{'recency_boost': False, 'tier_multiplier': True}"
CUST0103,Standard,Fuel,1,OFFER004,Beverages Reward #4,Beverages,Both,50% off,62.41,"{'transaction_affinity': 0.164, 'redemption_match': 0.7, 'points_eligibility': 1.0, 'cart_affinity': 1.0, 'demographic_match': 0.5}","{'recency_boost': False, 'tier_multiplier': False}"
CUST0103,Standard,Fuel,2,OFFER006,Beverages Reward #6,Beverages,Both,50Fuel cents/L,62.41,"{'transaction_affinity': 0.164, 'redemption_match': 0.7, 'points_eligibility': 1.0, 'cart_affinity': 1.0, 'demographic_match': 0.5}","{'recency_boost': False, 'tier_multiplier': False}"
CUST0103,Standard,Fuel,3,OFFER018,Beverages Reward #18,Beverages,Both,50$ off,62.41,"{'transaction_affinity': 0.164, 'redemption_match': 0.7, 'points_eligibility': 1.0, 'cart_affinity': 1.0, 'demographic_match': 0.5}","{'recency_boost': False, 'tier_multiplier': False}"
CUST0104,Standard,Grocery,1,OFFER008,Produce Reward #8,Produce,Grocery,25% off,73.18,"{'transaction_affinity': 0.233, 'redemption_match': 1.0, 'points_eligibility': 1.0, 'cart_affinity': 0.88, 'demographic_match': 0.8}","{'recency_boost': False, 'tier_multiplier': False}"
CUST0104,Standard,Grocery,2,OFFER003,Dairy Reward #3,Dairy,Grocery,50$ off,72.92,"{'transaction_affinity': 0.224, 'redemption_match': 1.0, 'points_eligibility': 1.0, 'cart_affinity': 0.88, 'demographic_match': 0.8}","{'recency_boost': False, 'tier_multiplier': False}"
CUST0104,Standard,Grocery,3,OFFER011,Dairy Reward #11,Dairy,Grocery,5Free item,72.92,"{'transaction_affinity': 0.224, 'redemption_match': 1.0, 'points_eligibility': 1.0, 'cart_affinity': 0.88, 'demographic_match': 0.8}","{'recency_boost': False, 'tier_multiplier': False}"
CUST0105,Standard,Fuel,1,OFFER007,Dairy Reward #7,Dairy,Both,15Free item,65.23,"{'transaction_affinity': 0.158, 'redemption_match': 0.7, 'points_eligibility': 1.0, 'cart_affinity': 1.0, 'demographic_match': 0.8}","{'recency_boost': False, 'tier_multiplier': False}"
CUST0105,Standard,Fuel,2,OFFER014,Dairy Reward #14,Dairy,Both,50$ off,65.23,"{'transaction_affinity': 0.158, 'redemption_match': 0.7, 'points_eligibility': 1.0, 'cart_affinity': 1.0, 'demographic_match': 0.8}","{'recency_boost': False, 'tier_multiplier': False}"
CUST0105,Standard,Fuel,3,OFFER012,Produce Reward #12,Produce,Both,15$ off,62.5,"{'transaction_affinity': 0.067, 'redemption_match': 0.7, 'points_eligibility': 1.0, 'cart_affinity': 1.0, 'demographic_match': 0.8}","{'recency_boost': False, 'tier_multiplier': False}"
CUST0106,Standard,Fuel,1,OFFER007,Dairy Reward #7,Dairy,Both,15Free item,62.32,"{'transaction_affinity': 0.161, 'redemption_match': 0.7, 'points_eligibility': 1.0, 'cart_affinity': 1.0, 'demographic_match': 0.5}","{'recency_boost': False, 'tier_multiplier': False}"
CUST0106,Standard,Fuel,2,OFFER014,Dairy Reward #14,Dairy,Both,50$ off,62.32,"{'transaction_affinity': 0.161, 'redemption_match': 0.7, 'points_eligibility': 1.0, 'cart_affinity': 1.0, 'demographic_match': 0.5}","{'recency_boost': False, 'tier_multiplier': False}"
CUST0106,Standard,Fuel,3,OFFER004,Beverages Reward #4,Beverages,Both,50% off,57.5,"{'transaction_affinity': 0.0, 'redemption_match': 0.7, 'points_eligibility': 1.0, 'cart_affinity': 1.0, 'demographic_match': 0.5}","{'recency_boost': False, 'tier_multiplier': False}"
CUST0107,4U+,Grocery,1,OFFER005,Produce Reward #5,Produce,eCommerce,5$ off,100.0,"{'transaction_affinity': 0.194, 'redemption_match': 0.9, 'points_eligibility': 1.0, 'cart_affinity': 0.4, 'demographic_match': 0.8}","{'recency_boost': True, 'tier_multiplier': True}"
CUST0107,4U+,Grocery,2,OFFER008,Produce Reward #8,Produce,Grocery,25% off,100.0,"{'transaction_affinity': 0.194, 'redemption_match': 1.0, 'points_eligibility': 1.0, 'cart_affinity': 0.88, 'demographic_match': 0.8}","{'recency_boost': True, 'tier_multiplier': True}"
CUST0107,4U+,Grocery,3,OFFER011,Dairy Reward #11,Dairy,Grocery,5Free item,100.0,"{'transaction_affinity': 0.178, 'redemption_match': 1.0, 'points_eligibility': 1.0, 'cart_affinity': 0.88, 'demographic_match': 0.8}","{'recency_boost': True, 'tier_multiplier': True}"
CUST0108,4U+,Fuel,1,OFFER015,Snacks Reward #15,Snacks,Grocery,20Fuel cents/L,68.13,"{'transaction_affinity': 0.097, 'redemption_match': 0.1, 'points_eligibility': 1.0, 'cart_affinity': 1.0, 'demographic_match': 0.5}","{'recency_boost': False, 'tier_multiplier': True}"
CUST0108,4U+,Fuel,2,OFFER020,Beverages Reward #20,Beverages,Grocery,5Free item,67.32,"{'transaction_affinity': 0.079, 'redemption_match': 0.1, 'points_eligibility': 1.0, 'cart_affinity': 1.0, 'demographic_match': 0.5}","{'recency_boost': False, 'tier_multiplier': True}"
CUST0108,4U+,Fuel,3,OFFER008,Produce Reward #8,Produce,Grocery,25% off,67.19,"{'transaction_affinity': 0.076, 'redemption_match': 0.1, 'points_eligibility': 1.0, 'cart_affinity': 1.0, 'demographic_match': 0.5}","{'recency_boost': False, 'tier_multiplier': True}"
CUST0109,Standard,Grocery,1,OFFER003,Dairy Reward #3,Dairy,Grocery,50$ off,72.75,"{'transaction_affinity': 0.218, 'redemption_match': 1.0, 'points_eligibility': 1.0, 'cart_affinity': 0.88, 'demographic_match': 0.8}","{'recency_boost': False, 'tier_multiplier': False}"
CUST0109,Standard,Grocery,2,OFFER011,Dairy Reward #11,Dairy,Grocery,5Free item,72.75,"{'transaction_affinity': 0.218, 'redemption_match': 1.0, 'points_eligibility': 1.0, 'cart_affinity': 0.88, 'demographic_match': 0.8}","{'recency_boost': False, 'tier_multiplier': False}"
CUST0109,Standard,Grocery,3,OFFER020,Beverages Reward #20,Beverages,Grocery,5Free item,69.46,"{'transaction_affinity': 0.209, 'redemption_match': 1.0, 'points_eligibility': 1.0, 'cart_affinity': 0.88, 'demographic_match': 0.5}","{'recency_boost': False, 'tier_multiplier': False}"
CUST0110,Standard,Fuel,1,OFFER012,Produce Reward #12,Produce,Both,15$ off,62.89,"{'transaction_affinity': 0.08, 'redemption_match': 0.7, 'points_eligibility': 1.0, 'cart_affinity': 1.0, 'demographic_match': 0.8}","{'recency_boost': False, 'tier_multiplier': False}"
CUST0110,Standard,Fuel,2,OFFER014,Dairy Reward #14,Dairy,Both,50$ off,61.96,"{'transaction_affinity': 0.049, 'redemption_match': 0.7, 'points_eligibility': 1.0, 'cart_affinity': 1.0, 'demographic_match': 0.8}","{'recency_boost': False, 'tier_multiplier': False}"
CUST0110,Standard,Fuel,3,OFFER006,Beverages Reward #6,Beverages,Both,50Fuel cents/L,58.62,"{'transaction_affinity': 0.037, 'redemption_match': 0.7, 'points_eligibility': 1.0, 'cart_affinity': 1.0, 'demographic_match': 0.5}","{'recency_boost': False, 'tier_multiplier': False}"
CUST0111,Standard,Grocery,1,OFFER003,Dairy Reward #3,Dairy,Grocery,50$ off,72.89,"{'transaction_affinity': 0.223, 'redemption_match': 1.0, 'points_eligibility': 1.0, 'cart_affinity': 0.88, 'demographic_match': 0.8}","{'recency_boost': False, 'tier_multiplier': False}"
CUST0111,Standard,Grocery,2,OFFER011,Dairy Reward #11,Dairy,Grocery,5Free item,72.89,"{'transaction_affinity': 0.223, 'redemption_match': 1.0, 'points_eligibility': 1.0, 'cart_affinity': 0.88, 'demographic_match': 0.8}","{'recency_boost': False, 'tier_multiplier': False}"
CUST0111,Standard,Grocery,3,OFFER008,Produce Reward #8,Produce,Grocery,25% off,69.92,"{'transaction_affinity': 0.124, 'redemption_match': 1.0, 'points_eligibility': 1.0, 'cart_affinity': 0.88, 'demographic_match': 0.8}","{'recency_boost': False, 'tier_multiplier': False}"
CUST0112,4U+,Grocery,1,OFFER011,Dairy Reward #11,Dairy,Grocery,5Free item,100.0,"{'transaction_affinity': 0.265, 'redemption_match': 1.0, 'points_eligibility': 1.0, 'cart_affinity': 0.88, 'demographic_match': 0.5}","{'recency_boost': False, 'tier_multiplier': True}"
CUST0112,4U+,Grocery,2,OFFER020,Beverages Reward #20,Beverages,Grocery,5Free item,97.33,"{'transaction_affinity': 0.056, 'redemption_match': 1.0, 'points_eligibility': 1.0, 'cart_affinity': 0.88, 'demographic_match': 0.5}","{'recency_boost': False, 'tier_multiplier': True}"
CUST0112,4U+,Grocery,3,OFFER005,Produce Reward #5,Produce,eCommerce,5$ off,90.19,"{'transaction_affinity': 0.221, 'redemption_match': 0.9, 'points_eligibility': 1.0, 'cart_affinity': 0.4, 'demographic_match': 0.5}","{'recency_boost': False, 'tier_multiplier': True}"
CUST0113,Standard,Fuel,1,OFFER012,Produce Reward #12,Produce,Both,15$ off,79.03,"{'transaction_affinity': 0.718, 'redemption_match': 0.7, 'points_eligibility': 1.0, 'cart_affinity': 1.0, 'demographic_match': 0.5}","{'recency_boost': False, 'tier_multiplier': False}"
CUST0113,Standard,Fuel,2,OFFER005,Produce Reward #5,Produce,eCommerce,5$ off,61.53,"{'transaction_affinity': 0.718, 'redemption_match': 0.6, 'points_eligibility': 1.0, 'cart_affinity': 0.0, 'demographic_match': 0.5}","{'recency_boost': False, 'tier_multiplier': False}"
CUST0113,Standard,Fuel,3,OFFER010,Produce Reward #10,Produce,eCommerce,50% off,61.53,"{'transaction_affinity': 0.718, 'redemption_match': 0.6, 'points_eligibility': 1.0, 'cart_affinity': 0.0, 'demographic_match': 0.5}","{'recency_boost': False, 'tier_multiplier': False}"
CUST0114,Standard,Fuel,1,OFFER007,Dairy Reward #7,Dairy,Both,15Free item,59.72,"{'transaction_affinity': 0.074, 'redemption_match': 0.7, 'points_eligibility': 1.0, 'cart_affinity': 1.0, 'demographic_match': 0.5}","{'recency_boost': False, 'tier_multiplier': False}"
CUST0114,Standard,Fuel,2,OFFER014,Dairy Reward #14,Dairy,Both,50$ off,59.72,"{'transaction_affinity': 0.074, 'redemption_match': 0.7, 'points_eligibility': 1.0, 'cart_affinity': 1.0, 'demographic_match': 0.5}","{'recency_boost': False, 'tier_multiplier': False}"
CUST0114,Standard,Fuel,3,OFFER012,Produce Reward #12,Produce,Both,15$ off,59.0,"{'transaction_affinity': 0.05, 'redemption_match': 0.7, 'points_eligibility': 1.0, 'cart_affinity': 1.0, 'demographic_match': 0.5}","{'recency_boost': False, 'tier_multiplier': False}"
CUST0115,Standard,Fuel,1,OFFER012,Produce Reward #12,Produce,Both,15$ off,64.26,"{'transaction_affinity': 0.225, 'redemption_match': 0.7, 'points_eligibility': 1.0, 'cart_affinity': 1.0, 'demographic_match': 0.5}","{'recency_boost': False, 'tier_multiplier': False}"
CUST0115,Standard,Fuel,2,OFFER019,Produce Reward #19,Produce,Both,5% off,64.26,"{'transaction_affinity': 0.225, 'redemption_match': 0.7, 'points_eligibility': 1.0, 'cart_affinity': 1.0, 'demographic_match': 0.5}","{'recency_boost': False, 'tier_multiplier': False}"
CUST0115,Standard,Fuel,3,OFFER004,Beverages Reward #4,Beverages,Both,50% off,60.9,"{'transaction_affinity': 0.113, 'redemption_match': 0.7, 'points_eligibility': 1.0, 'cart_affinity': 1.0, 'demographic_match': 0.5}","{'recency_boost': False, 'tier_multiplier': False}"
CUST0116,4U+,Grocery,1,OFFER011,Dairy Reward #11,Dairy,Grocery,5Free item,100.0,"{'transaction_affinity': 0.201, 'redemption_match': 1.0, 'points_eligibility': 1.0, 'cart_affinity': 0.82, 'demographic_match': 0.5}","{'recency_boost': False, 'tier_multiplier': True}"
CUST0116,4U+,Grocery,2,OFFER020,Beverages Reward #20,Beverages,Grocery,5Free item,97.42,"{'transaction_affinity': 0.088, 'redemption_match': 1.0, 'points_eligibility': 1.0, 'cart_affinity': 0.82, 'demographic_match': 0.5}","{'recency_boost': False, 'tier_multiplier': True}"
CUST0116,4U+,Grocery,3,OFFER008,Produce Reward #8,Produce,Grocery,25% off,94.96,"{'transaction_affinity': 0.034, 'redemption_match': 1.0, 'points_eligibility': 1.0, 'cart_affinity': 0.82, 'demographic_match': 0.5}","{'recency_boost': False, 'tier_multiplier': True}"
CUST0117,4U+,Grocery,1,OFFER011,Dairy Reward #11,Dairy,Grocery,5Free item,100.0,"{'transaction_affinity': 0.276, 'redemption_match': 1.0, 'points_eligibility': 1.0, 'cart_affinity': 0.88, 'demographic_match': 0.5}","{'recency_boost': False, 'tier_multiplier': True}"
CUST0117,4U+,Grocery,2,OFFER015,Snacks Reward #15,Snacks,Grocery,20Fuel cents/L,100.0,"{'transaction_affinity': 0.401, 'redemption_match': 1.0, 'points_eligibility': 1.0, 'cart_affinity': 0.88, 'demographic_match': 0.5}","{'recency_boost': False, 'tier_multiplier': True}"
CUST0117,4U+,Grocery,3,OFFER008,Produce Reward #8,Produce,Grocery,25% off,97.29,"{'transaction_affinity': 0.055, 'redemption_match': 1.0, 'points_eligibility': 1.0, 'cart_affinity': 0.88, 'demographic_match': 0.5}","{'recency_boost': False, 'tier_multiplier': True}"
CUST0118,Standard,Fuel,1,OFFER004,Beverages Reward #4,Beverages,Both,50% off,61.85,"{'transaction_affinity': 0.145, 'redemption_match': 0.7, 'points_eligibility': 1.0, 'cart_affinity': 1.0, 'demographic_match': 0.5}","{'recency_boost': False, 'tier_multiplier': False}"
CUST0118,Standard,Fuel,2,OFFER006,Beverages Reward #6,Beverages,Both,50Fuel cents/L,61.85,"{'transaction_affinity': 0.145, 'redemption_match': 0.7, 'points_eligibility': 1.0, 'cart_affinity': 1.0, 'demographic_match': 0.5}","{'recency_boost': False, 'tier_multiplier': False}"
CUST0118,Standard,Fuel,3,OFFER018,Beverages Reward #18,Beverages,Both,50$ off,61.85,"{'transaction_affinity': 0.145, 'redemption_match': 0.7, 'points_eligibility': 1.0, 'cart_affinity': 1.0, 'demographic_match': 0.5}","{'recency_boost': False, 'tier_multiplier': False}"
CUST0119,4U+,Fuel,1,OFFER008,Produce Reward #8,Produce,Grocery,25% off,75.68,"{'transaction_affinity': 0.165, 'redemption_match': 0.1, 'points_eligibility': 1.0, 'cart_affinity': 1.0, 'demographic_match': 0.8}","{'recency_boost': False, 'tier_multiplier': True}"
CUST0119,4U+,Fuel,2,OFFER011,Dairy Reward #11,Dairy,Grocery,5Free item,74.2,"{'transaction_affinity': 0.132, 'redemption_match': 0.1, 'points_eligibility': 1.0, 'cart_affinity': 1.0, 'demographic_match': 0.8}","{'recency_boost': False, 'tier_multiplier': True}"
CUST0119,4U+,Fuel,3,OFFER005,Produce Reward #5,Produce,eCommerce,5$ off,71.93,"{'transaction_affinity': 0.165, 'redemption_match': 0.6, 'points_eligibility': 1.0, 'cart_affinity': 0.0, 'demographic_match': 0.8}","{'recency_boost': False, 'tier_multiplier': True}"
CUST0120,4U+,Fuel,1,OFFER016,Bakery Reward #16,Bakery,eCommerce,25Free item,68.98,"{'transaction_affinity': 0.2, 'redemption_match': 0.6, 'points_eligibility': 1.0, 'cart_affinity': 0.0, 'demographic_match': 0.5}","{'recency_boost': False, 'tier_multiplier': True}"
CUST0120,4U+,Fuel,2,OFFER020,Beverages Reward #20,Beverages,Grocery,5Free item,68.65,"{'transaction_affinity': 0.109, 'redemption_match': 0.1, 'points_eligibility': 1.0, 'cart_affinity': 1.0, 'demographic_match': 0.5}","{'recency_boost': False, 'tier_multiplier': True}"
CUST0120,4U+,Fuel,3,OFFER008,Produce Reward #8,Produce,Grocery,25% off,68.08,"{'transaction_affinity': 0.096, 'redemption_match': 0.1, 'points_eligibility': 1.0, 'cart_affinity': 1.0, 'demographic_match': 0.5}","{'recency_boost': False, 'tier_multiplier': True}"
CUST0121,4U+,Fuel,1,OFFER020,Beverages Reward #20,Beverages,Grocery,5Free item,72.57,"{'transaction_affinity': 0.196, 'redemption_match': 0.1, 'points_eligibility': 1.0, 'cart_affinity': 1.0, 'demographic_match': 0.5}","{'recency_boost': False, 'tier_multiplier': True}"
CUST0121,4U+,Fuel,2,OFFER011,Dairy Reward #11,Dairy,Grocery,5Free item,66.68,"{'transaction_affinity': 0.065, 'redemption_match': 0.1, 'points_eligibility': 1.0, 'cart_affinity': 1.0, 'demographic_match': 0.5}","{'recency_boost': False, 'tier_multiplier': True}"
CUST0121,4U+,Fuel,3,OFFER006,Beverages Reward #6,Beverages,Both,50Fuel cents/L,63.38,"{'transaction_affinity': 0.196, 'redemption_match': 0.7, 'points_eligibility': 1.0, 'cart_affinity': 1.0, 'demographic_match': 0.5}","{'recency_boost': False, 'tier_multiplier': False}"
CUST0122,Standard,Fuel,1,OFFER012,Produce Reward #12,Produce,Both,15$ off,67.89,"{'transaction_affinity': 0.346, 'redemption_match': 0.7, 'points_eligibility': 1.0, 'cart_affinity': 1.0, 'demographic_match': 0.5}","{'recency_boost': False, 'tier_multiplier': False}"
CUST0122,Standard,Fuel,2,OFFER019,Produce Reward #19,Produce,Both,5% off,67.89,"{'transaction_affinity': 0.346, 'redemption_match': 0.7, 'points_eligibility': 1.0, 'cart_affinity': 1.0, 'demographic_match': 0.5}","{'recency_boost': False, 'tier_multiplier': False}"
CUST0122,Standard,Fuel,3,OFFER007,Dairy Reward #7,Dairy,Both,15Free item,65.39,"{'transaction_affinity': 0.263, 'redemption_match': 0.7, 'points_eligibility': 1.0, 'cart_affinity': 1.0, 'demographic_match': 0.5}","{'recency_boost': False, 'tier_multiplier': False}"
CUST0123,Standard,Fuel,1,OFFER007,Dairy Reward #7,Dairy,Both,15Free item,62.08,"{'transaction_affinity': 0.153, 'redemption_match': 0.7, 'points_eligibility': 1.0, 'cart_affinity': 1.0, 'demographic_match': 0.5}","{'recency_boost': False, 'tier_multiplier': False}"
CUST0123,Standard,Fuel,2,OFFER014,Dairy Reward #14,Dairy,Both,50$ off,62.08,"{'transaction_affinity': 0.153, 'redemption_match': 0.7, 'points_eligibility': 1.0, 'cart_affinity': 1.0, 'demographic_match': 0.5}","{'recency_boost': False, 'tier_multiplier': False}"
CUST0123,Standard,Fuel,3,OFFER012,Produce Reward #12,Produce,Both,15$ off,61.8,"{'transaction_affinity': 0.143, 'redemption_match': 0.7, 'points_eligibility': 1.0, 'cart_affinity': 1.0, 'demographic_match': 0.5}","{'recency_boost': False, 'tier_multiplier': False}"
CUST0124,4U+,Grocery,1,OFFER008,Produce Reward #8,Produce,Grocery,25% off,100.0,"{'transaction_affinity': 0.167, 'redemption_match': 1.0, 'points_eligibility': 1.0, 'cart_affinity': 0.94, 'demographic_match': 0.5}","{'recency_boost': False, 'tier_multiplier': True}"
CUST0124,4U+,Grocery,2,OFFER011,Dairy Reward #11,Dairy,Grocery,5Free item,100.0,"{'transaction_affinity': 0.379, 'redemption_match': 1.0, 'points_eligibility': 1.0, 'cart_affinity': 0.94, 'demographic_match': 0.5}","{'recency_boost': False, 'tier_multiplier': True}"
CUST0124,4U+,Grocery,3,OFFER015,Snacks Reward #15,Snacks,Grocery,20Fuel cents/L,97.42,"{'transaction_affinity': 0.028, 'redemption_match': 1.0, 'points_eligibility': 1.0, 'cart_affinity': 0.94, 'demographic_match': 0.5}","{'recency_boost': False, 'tier_multiplier': True}"
CUST0125,Standard,Fuel,1,OFFER007,Dairy Reward #7,Dairy,Both,15Free item,68.94,"{'transaction_affinity': 0.281, 'redemption_match': 0.7, 'points_eligibility': 1.0, 'cart_affinity': 1.0, 'demographic_match': 0.8}","{'recency_boost': False, 'tier_multiplier': False}"
CUST0125,Standard,Fuel,2,OFFER014,Dairy Reward #14,Dairy,Both,50$ off,68.94,"{'transaction_affinity': 0.281, 'redemption_match': 0.7, 'points_eligibility': 1.0, 'cart_affinity': 1.0, 'demographic_match': 0.8}","{'recency_boost': False, 'tier_multiplier': False}"
CUST0125,Standard,Fuel,3,OFFER012,Produce Reward #12,Produce,Both,15$ off,60.5,"{'transaction_affinity': 0.0, 'redemption_match': 0.7, 'points_eligibility': 1.0, 'cart_affinity': 1.0, 'demographic_match': 0.8}","{'recency_boost': False, 'tier_multiplier': False}"
CUST0126,Standard,Grocery,1,OFFER009,Bakery Reward #9,Bakery,Grocery,25% off,72.73,"{'transaction_affinity': 0.288, 'redemption_match': 1.0, 'points_eligibility': 1.0, 'cart_affinity': 0.94, 'demographic_match': 0.5}","{'recency_boost': False, 'tier_multiplier': False}"
CUST0126,Standard,Grocery,2,OFFER003,Dairy Reward #3,Dairy,Grocery,50$ off,70.07,"{'transaction_affinity': 0.199, 'redemption_match': 1.0, 'points_eligibility': 1.0, 'cart_affinity': 0.94, 'demographic_match': 0.5}","{'recency_boost': False, 'tier_multiplier': False}"
CUST0126,Standard,Grocery,3,OFFER011,Dairy Reward #11,Dairy,Grocery,5Free item,70.07,"{'transaction_affinity': 0.199, 'redemption_match': 1.0, 'points_eligibility': 1.0, 'cart_affinity': 0.94, 'demographic_match': 0.5}","{'recency_boost': False, 'tier_multiplier': False}"
CUST0127,4U+,Grocery,1,OFFER008,Produce Reward #8,Produce,Grocery,25% off,100.0,"{'transaction_affinity': 0.24, 'redemption_match': 1.0, 'points_eligibility': 1.0, 'cart_affinity': 0.88, 'demographic_match': 0.5}","{'recency_boost': False, 'tier_multiplier': True}"
CUST0127,4U+,Grocery,2,OFFER011,Dairy Reward #11,Dairy,Grocery,5Free item,100.0,"{'transaction_affinity': 0.256, 'redemption_match': 1.0, 'points_eligibility': 1.0, 'cart_affinity': 0.88, 'demographic_match': 0.5}","{'recency_boost': False, 'tier_multiplier': True}"
CUST0127,4U+,Grocery,3,OFFER015,Snacks Reward #15,Snacks,Grocery,20Fuel cents/L,97.2,"{'transaction_affinity': 0.053, 'redemption_match': 1.0, 'points_eligibility': 1.0, 'cart_affinity': 0.88, 'demographic_match': 0.5}","{'recency_boost': False, 'tier_multiplier': True}"
CUST0128,Standard,Fuel,1,OFFER007,Dairy Reward #7,Dairy,Both,15Free item,67.0,"{'transaction_affinity': 0.217, 'redemption_match': 0.7, 'points_eligibility': 1.0, 'cart_affinity': 1.0, 'demographic_match': 0.8}","{'recency_boost': False, 'tier_multiplier': False}"
CUST0128,Standard,Fuel,2,OFFER014,Dairy Reward #14,Dairy,Both,50$ off,67.0,"{'transaction_affinity': 0.217, 'redemption_match': 0.7, 'points_eligibility': 1.0, 'cart_affinity': 1.0, 'demographic_match': 0.8}","{'recency_boost': False, 'tier_multiplier': False}"
CUST0128,Standard,Fuel,3,OFFER012,Produce Reward #12,Produce,Both,15$ off,60.5,"{'transaction_affinity': 0.0, 'redemption_match': 0.7, 'points_eligibility': 1.0, 'cart_affinity': 1.0, 'demographic_match': 0.8}","{'recency_boost': False, 'tier_multiplier': False}"
CUST0129,4U+,Grocery,1,OFFER008,Produce Reward #8,Produce,Grocery,25% off,100.0,"{'transaction_affinity': 0.0, 'redemption_match': 1.0, 'points_eligibility': 1.0, 'cart_affinity': 0.94, 'demographic_match': 0.8}","{'recency_boost': False, 'tier_multiplier': True}"
CUST0129,4U+,Grocery,2,OFFER011,Dairy Reward #11,Dairy,Grocery,5Free item,100.0,"{'transaction_affinity': 0.211, 'redemption_match': 1.0, 'points_eligibility': 1.0, 'cart_affinity': 0.94, 'demographic_match': 0.8}","{'recency_boost': False, 'tier_multiplier': True}"
CUST0129,4U+,Grocery,3,OFFER015,Snacks Reward #15,Snacks,Grocery,20Fuel cents/L,96.15,"{'transaction_affinity': 0.0, 'redemption_match': 1.0, 'points_eligibility': 1.0, 'cart_affinity': 0.94, 'demographic_match': 0.5}","{'recency_boost': False, 'tier_multiplier': True}"
CUST0130,Standard,Fuel,1,OFFER004,Beverages Reward #4,Beverages,Both,50% off,65.22,"{'transaction_affinity': 0.257, 'redemption_match': 0.7, 'points_eligibility': 1.0, 'cart_affinity': 1.0, 'demographic_match': 0.5}","{'recency_boost': False, 'tier_multiplier': False}"
CUST0130,Standard,Fuel,2,OFFER006,Beverages Reward #6,Beverages,Both,50Fuel cents/L,65.22,"{'transaction_affinity': 0.257, 'redemption_match': 0.7, 'points_eligibility': 1.0, 'cart_affinity': 1.0, 'demographic_match': 0.5}","{'recency_boost': False, 'tier_multiplier': False}"
CUST0130,Standard,Fuel,3,OFFER018,Beverages Reward #18,Beverages,Both,50$ off,65.22,"{'transaction_affinity': 0.257, 'redemption_match': 0.7, 'points_eligibility': 1.0, 'cart_affinity': 1.0, 'demographic_match': 0.5}","{'recency_boost': False, 'tier_multiplier': False}"
CUST0131,Standard,Grocery,1,OFFER003,Dairy Reward #3,Dairy,Grocery,50$ off,67.77,"{'transaction_affinity': 0.212, 'redemption_match': 1.0, 'points_eligibility': 1.0, 'cart_affinity': 0.76, 'demographic_match': 0.5}","{'recency_boost': False, 'tier_multiplier': False}"
CUST0131,Standard,Grocery,2,OFFER011,Dairy Reward #11,Dairy,Grocery,5Free item,67.77,"{'transaction_affinity': 0.212, 'redemption_match': 1.0, 'points_eligibility': 1.0, 'cart_affinity': 0.76, 'demographic_match': 0.5}","{'recency_boost': False, 'tier_multiplier': False}"
CUST0131,Standard,Grocery,3,OFFER020,Beverages Reward #20,Beverages,Grocery,5Free item,67.65,"{'transaction_affinity': 0.208, 'redemption_match': 1.0, 'points_eligibility': 1.0, 'cart_affinity': 0.76, 'demographic_match': 0.5}","{'recency_boost': False, 'tier_multiplier': False}"
CUST0132,4U+,Fuel,1,OFFER016,Bakery Reward #16,Bakery,eCommerce,25Free item,70.73,"{'transaction_affinity': 0.238, 'redemption_match': 0.6, 'points_eligibility': 1.0, 'cart_affinity': 0.0, 'demographic_match': 0.5}","{'recency_boost': False, 'tier_multiplier': True}"
CUST0132,4U+,Fuel,2,OFFER008,Produce Reward #8,Produce,Grocery,25% off,67.81,"{'transaction_affinity': 0.09, 'redemption_match': 0.1, 'points_eligibility': 1.0, 'cart_affinity': 1.0, 'demographic_match': 0.5}","{'recency_boost': False, 'tier_multiplier': True}"
CUST0132,4U+,Fuel,3,OFFER020,Beverages Reward #20,Beverages,Grocery,5Free item,65.01,"{'transaction_affinity': 0.028, 'redemption_match': 0.1, 'points_eligibility': 1.0, 'cart_affinity': 1.0, 'demographic_match': 0.5}","{'recency_boost': False, 'tier_multiplier': True}"
CUST0133,4U+,Fuel,1,OFFER011,Dairy Reward #11,Dairy,Grocery,5Free item,73.14,"{'transaction_affinity': 0.109, 'redemption_match': 0.1, 'points_eligibility': 1.0, 'cart_affinity': 1.0, 'demographic_match': 0.8}","{'recency_boost': False, 'tier_multiplier': True}"
CUST0133,4U+,Fuel,2,OFFER020,Beverages Reward #20,Beverages,Grocery,5Free item,71.87,"{'transaction_affinity': 0.18, 'redemption_match': 0.1, 'points_eligibility': 1.0, 'cart_affinity': 1.0, 'demographic_match': 0.5}","{'recency_boost': False, 'tier_multiplier': True}"
CUST0133,4U+,Fuel,3,OFFER005,Produce Reward #5,Produce,eCommerce,5$ off,69.28,"{'transaction_affinity': 0.106, 'redemption_match': 0.6, 'points_eligibility': 1.0, 'cart_affinity': 0.0, 'demographic_match': 0.8}","{'recency_boost': False, 'tier_multiplier': True}"
CUST0134,4U+,Fuel,1,OFFER011,Dairy Reward #11,Dairy,Grocery,5Free item,74.69,"{'transaction_affinity': 0.143, 'redemption_match': 0.1, 'points_eligibility': 1.0, 'cart_affinity': 1.0, 'demographic_match': 0.8}","{'recency_boost': False, 'tier_multiplier': True}"
CUST0134,4U+,Fuel,2,OFFER020,Beverages Reward #20,Beverages,Grocery,5Free item,65.0,"{'transaction_affinity': 0.028, 'redemption_match': 0.1, 'points_eligibility': 1.0, 'cart_affinity': 1.0, 'demographic_match': 0.5}","{'recency_boost': False, 'tier_multiplier': True}"
CUST0134,4U+,Fuel,3,OFFER007,Dairy Reward #7,Dairy,Both,15Free item,64.79,"{'transaction_affinity': 0.143, 'redemption_match': 0.7, 'points_eligibility': 1.0, 'cart_affinity': 1.0, 'demographic_match': 0.8}","{'recency_boost': False, 'tier_multiplier': False}"
CUST0135,Standard,Fuel,1,OFFER012,Produce Reward #12,Produce,Both,15$ off,75.84,"{'transaction_affinity': 0.09, 'redemption_match': 0.7, 'points_eligibility': 1.0, 'cart_affinity': 1.0, 'demographic_match': 0.8}","{'recency_boost': True, 'tier_multiplier': False}"
CUST0135,Standard,Fuel,2,OFFER019,Produce Reward #19,Produce,Both,5% off,75.84,"{'transaction_affinity': 0.09, 'redemption_match': 0.7, 'points_eligibility': 1.0, 'cart_affinity': 1.0, 'demographic_match': 0.8}","{'recency_boost': True, 'tier_multiplier': False}"
CUST0135,Standard,Fuel,3,OFFER007,Dairy Reward #7,Dairy,Both,15Free item,72.6,"{'transaction_affinity': 0.0, 'redemption_match': 0.7, 'points_eligibility': 1.0, 'cart_affinity': 1.0, 'demographic_match': 0.8}","{'recency_boost': True, 'tier_multiplier': False}"
CUST0136,Standard,Fuel,1,OFFER007,Dairy Reward #7,Dairy,Both,15Free item,59.36,"{'transaction_affinity': 0.062, 'redemption_match': 0.7, 'points_eligibility': 1.0, 'cart_affinity': 1.0, 'demographic_match': 0.5}","{'recency_boost': False, 'tier_multiplier': False}"
CUST0136,Standard,Fuel,2,OFFER014,Dairy Reward #14,Dairy,Both,50$ off,59.36,"{'transaction_affinity': 0.062, 'redemption_match': 0.7, 'points_eligibility': 1.0, 'cart_affinity': 1.0, 'demographic_match': 0.5}","{'recency_boost': False, 'tier_multiplier': False}"
CUST0136,Standard,Fuel,3,OFFER012,Produce Reward #12,Produce,Both,15$ off,59.2,"{'transaction_affinity': 0.057, 'redemption_match': 0.7, 'points_eligibility': 1.0, 'cart_affinity': 1.0, 'demographic_match': 0.5}","{'recency_boost': False, 'tier_multiplier': False}"
CUST0137,Standard,Fuel,1,OFFER012,Produce Reward #12,Produce,Both,15$ off,62.45,"{'transaction_affinity': 0.165, 'redemption_match': 0.7, 'points_eligibility': 1.0, 'cart_affinity': 1.0, 'demographic_match': 0.5}","{'recency_boost': False, 'tier_multiplier': False}"
CUST0137,Standard,Fuel,2,OFFER007,Dairy Reward #7,Dairy,Both,15Free item,60.14,"{'transaction_affinity': 0.088, 'redemption_match': 0.7, 'points_eligibility': 1.0, 'cart_affinity': 1.0, 'demographic_match': 0.5}","{'recency_boost': False, 'tier_multiplier': False}"
CUST0137,Standard,Fuel,3,OFFER014,Dairy Reward #14,Dairy,Both,50$ off,60.14,"{'transaction_affinity': 0.088, 'redemption_match': 0.7, 'points_eligibility': 1.0, 'cart_affinity': 1.0, 'demographic_match': 0.5}","{'recency_boost': False, 'tier_multiplier': False}"
CUST0138,4U+,Fuel,1,OFFER011,Dairy Reward #11,Dairy,Grocery,5Free item,71.46,"{'transaction_affinity': 0.071, 'redemption_match': 0.1, 'points_eligibility': 1.0, 'cart_affinity': 1.0, 'demographic_match': 0.8}","{'recency_boost': False, 'tier_multiplier': True}"
CUST0138,4U+,Fuel,2,OFFER008,Produce Reward #8,Produce,Grocery,25% off,70.2,"{'transaction_affinity': 0.043, 'redemption_match': 0.1, 'points_eligibility': 1.0, 'cart_affinity': 1.0, 'demographic_match': 0.8}","{'recency_boost': False, 'tier_multiplier': True}"
CUST0138,4U+,Fuel,3,OFFER015,Snacks Reward #15,Snacks,Grocery,20Fuel cents/L,68.69,"{'transaction_affinity': 0.11, 'redemption_match': 0.1, 'points_eligibility': 1.0, 'cart_affinity': 1.0, 'demographic_match': 0.5}","{'recency_boost': False, 'tier_multiplier': True}"
CUST0139,Standard,Grocery,1,OFFER008,Produce Reward #8,Produce,Grocery,25% off,78.08,"{'transaction_affinity': 0.526, 'redemption_match': 1.0, 'points_eligibility': 1.0, 'cart_affinity': 0.82, 'demographic_match': 0.5}","{'recency_boost': False, 'tier_multiplier': False}"
CUST0139,Standard,Grocery,2,OFFER005,Produce Reward #5,Produce,eCommerce,5$ off,72.28,"{'transaction_affinity': 0.526, 'redemption_match': 0.9, 'points_eligibility': 1.0, 'cart_affinity': 0.6, 'demographic_match': 0.5}","{'recency_boost': False, 'tier_multiplier': False}"
CUST0139,Standard,Grocery,3,OFFER010,Produce Reward #10,Produce,eCommerce,50% off,72.28,"{'transaction_affinity': 0.526, 'redemption_match': 0.9, 'points_eligibility': 1.0, 'cart_affinity': 0.6, 'demographic_match': 0.5}","{'recency_boost': False, 'tier_multiplier': False}"
CUST0140,Standard,Grocery,1,OFFER008,Produce Reward #8,Produce,Grocery,25% off,74.24,"{'transaction_affinity': 0.298, 'redemption_match': 1.0, 'points_eligibility': 1.0, 'cart_affinity': 0.82, 'demographic_match': 0.8}","{'recency_boost': False, 'tier_multiplier': False}"
CUST0140,Standard,Grocery,2,OFFER003,Dairy Reward #3,Dairy,Grocery,50$ off,72.26,"{'transaction_affinity': 0.232, 'redemption_match': 1.0, 'points_eligibility': 1.0, 'cart_affinity': 0.82, 'demographic_match': 0.8}","{'recency_boost': False, 'tier_multiplier': False}"
CUST0140,Standard,Grocery,3,OFFER011,Dairy Reward #11,Dairy,Grocery,5Free item,72.26,"{'transaction_affinity': 0.232, 'redemption_match': 1.0, 'points_eligibility': 1.0, 'cart_affinity': 0.82, 'demographic_match': 0.8}","{'recency_boost': False, 'tier_multiplier': False}"
CUST0141,Standard,Grocery,1,OFFER008,Produce Reward #8,Produce,Grocery,25% off,71.47,"{'transaction_affinity': 0.276, 'redemption_match': 1.0, 'points_eligibility': 1.0, 'cart_affinity': 0.88, 'demographic_match': 0.5}","{'recency_boost': False, 'tier_multiplier': False}"
CUST0141,Standard,Grocery,2,OFFER020,Beverages Reward #20,Beverages,Grocery,5Free item,67.04,"{'transaction_affinity': 0.128, 'redemption_match': 1.0, 'points_eligibility': 1.0, 'cart_affinity': 0.88, 'demographic_match': 0.5}","{'recency_boost': False, 'tier_multiplier': False}"
CUST0141,Standard,Grocery,3,OFFER009,Bakery Reward #9,Bakery,Grocery,25% off,67.03,"{'transaction_affinity': 0.128, 'redemption_match': 1.0, 'points_eligibility': 1.0, 'cart_affinity': 0.88, 'demographic_match': 0.5}","{'recency_boost': False, 'tier_multiplier': False}"
CUST0142,4U+,Grocery,1,OFFER009,Bakery Reward #9,Bakery,Grocery,25% off,73.3,"{'transaction_affinity': 0.367, 'redemption_match': 1.0, 'points_eligibility': 1.0, 'cart_affinity': 0.82, 'demographic_match': 0.5}","{'recency_boost': False, 'tier_multiplier': False}"
CUST0142,4U+,Grocery,2,OFFER016,Bakery Reward #16,Bakery,eCommerce,25Free item,71.25,"{'transaction_affinity': 0.367, 'redemption_match': 0.9, 'points_eligibility': 0.0, 'cart_affinity': 0.6, 'demographic_match': 0.5}","{'recency_boost': False, 'tier_multiplier': True}"
CUST0142,4U+,Grocery,3,OFFER008,Produce Reward #8,Produce,Grocery,25% off,71.03,"{'transaction_affinity': 0.169, 'redemption_match': 1.0, 'points_eligibility': 0.0, 'cart_affinity': 0.82, 'demographic_match': 0.5}","{'recency_boost': False, 'tier_multiplier': True}"
CUST0143,Standard,Fuel,1,OFFER007,Dairy Reward #7,Dairy,Both,15Free item,65.94,"{'transaction_affinity': 0.181, 'redemption_match': 0.7, 'points_eligibility': 1.0, 'cart_affinity': 1.0, 'demographic_match': 0.8}","{'recency_boost': False, 'tier_multiplier': False}"
CUST0143,Standard,Fuel,2,OFFER014,Dairy Reward #14,Dairy,Both,50$ off,65.94,"{'transaction_affinity': 0.181, 'redemption_match': 0.7, 'points_eligibility': 1.0, 'cart_affinity': 1.0, 'demographic_match': 0.8}","{'recency_boost': False, 'tier_multiplier': False}"
CUST0143,Standard,Fuel,3,OFFER012,Produce Reward #12,Produce,Both,15$ off,65.53,"{'transaction_affinity': 0.168, 'redemption_match': 0.7, 'points_eligibility': 1.0, 'cart_affinity': 1.0, 'demographic_match': 0.8}","{'recency_boost': False, 'tier_multiplier': False}"
CUST0144,Standard,Fuel,1,OFFER004,Beverages Reward #4,Beverages,Both,50% off,61.29,"{'transaction_affinity': 0.126, 'redemption_match': 0.7, 'points_eligibility': 1.0, 'cart_affinity': 1.0, 'demographic_match': 0.5}","{'recency_boost': False, 'tier_multiplier': False}"
CUST0144,Standard,Fuel,2,OFFER006,Beverages Reward #6,Beverages,Both,50Fuel cents/L,61.29,"{'transaction_affinity': 0.126, 'redemption_match': 0.7, 'points_eligibility': 1.0, 'cart_affinity': 1.0, 'demographic_match': 0.5}","{'recency_boost': False, 'tier_multiplier': False}"
CUST0144,Standard,Fuel,3,OFFER007,Dairy Reward #7,Dairy,Both,15Free item,59.57,"{'transaction_affinity': 0.069, 'redemption_match': 0.7, 'points_eligibility': 1.0, 'cart_affinity': 1.0, 'demographic_match': 0.5}","{'recency_boost': False, 'tier_multiplier': False}"
CUST0145,Standard,Grocery,1,OFFER008,Produce Reward #8,Produce,Grocery,25% off,73.18,"{'transaction_affinity': 0.263, 'redemption_match': 1.0, 'points_eligibility': 1.0, 'cart_affinity': 0.82, 'demographic_match': 0.8}","{'recency_boost': False, 'tier_multiplier': False}"
CUST0145,Standard,Grocery,2,OFFER009,Bakery Reward #9,Bakery,Grocery,25% off,69.32,"{'transaction_affinity': 0.234, 'redemption_match': 1.0, 'points_eligibility': 1.0, 'cart_affinity': 0.82, 'demographic_match': 0.5}","{'recency_boost': False, 'tier_multiplier': False}"
CUST0145,Standard,Grocery,3,OFFER003,Dairy Reward #3,Dairy,Grocery,50$ off,69.15,"{'transaction_affinity': 0.128, 'redemption_match': 1.0, 'points_eligibility': 1.0, 'cart_affinity': 0.82, 'demographic_match': 0.8}","{'recency_boost': False, 'tier_multiplier': False}"
CUST0146,Standard,Fuel,1,OFFER007,Dairy Reward #7,Dairy,Both,15Free item,61.21,"{'transaction_affinity': 0.124, 'redemption_match': 0.7, 'points_eligibility': 1.0, 'cart_affinity': 1.0, 'demographic_match': 0.5}","{'recency_boost': False, 'tier_multiplier': False}"
CUST0146,Standard,Fuel,2,OFFER014,Dairy Reward #14,Dairy,Both,50$ off,61.21,"{'transaction_affinity': 0.124, 'redemption_match': 0.7, 'points_eligibility': 1.0, 'cart_affinity': 1.0, 'demographic_match': 0.5}","{'recency_boost': False, 'tier_multiplier': False}"
CUST0146,Standard,Fuel,3,OFFER004,Beverages Reward #4,Beverages,Both,50% off,57.5,"{'transaction_affinity': 0.0, 'redemption_match': 0.7, 'points_eligibility': 1.0, 'cart_affinity': 1.0, 'demographic_match': 0.5}","{'recency_boost': False, 'tier_multiplier': False}"
CUST0147,Standard,Grocery,1,OFFER003,Dairy Reward #3,Dairy,Grocery,50$ off,74.3,"{'transaction_affinity': 0.21, 'redemption_match': 1.0, 'points_eligibility': 1.0, 'cart_affinity': 1.0, 'demographic_match': 0.8}","{'recency_boost': False, 'tier_multiplier': False}"
CUST0147,Standard,Grocery,2,OFFER011,Dairy Reward #11,Dairy,Grocery,5Free item,74.3,"{'transaction_affinity': 0.21, 'redemption_match': 1.0, 'points_eligibility': 1.0, 'cart_affinity': 1.0, 'demographic_match': 0.8}","{'recency_boost': False, 'tier_multiplier': False}"
CUST0147,Standard,Grocery,3,OFFER008,Produce Reward #8,Produce,Grocery,25% off,73.87,"{'transaction_affinity': 0.196, 'redemption_match': 1.0, 'points_eligibility': 1.0, 'cart_affinity': 1.0, 'demographic_match': 0.8}","{'recency_boost': False, 'tier_multiplier': False}"
CUST0148,Standard,Grocery,1,OFFER009,Bakery Reward #9,Bakery,Grocery,25% off,73.0,"{'transaction_affinity': 0.327, 'redemption_match': 1.0, 'points_eligibility': 1.0, 'cart_affinity': 0.88, 'demographic_match': 0.5}","{'recency_boost': False, 'tier_multiplier': False}"
CUST0148,Standard,Grocery,2,OFFER003,Dairy Reward #3,Dairy,Grocery,50$ off,69.53,"{'transaction_affinity': 0.211, 'redemption_match': 1.0, 'points_eligibility': 1.0, 'cart_affinity': 0.88, 'demographic_match': 0.5}","{'recency_boost': False, 'tier_multiplier': False}"
CUST0148,Standard,Grocery,3,OFFER011,Dairy Reward #11,Dairy,Grocery,5Free item,69.53,"{'transaction_affinity': 0.211, 'redemption_match': 1.0, 'points_eligibility': 1.0, 'cart_affinity': 0.88, 'demographic_match': 0.5}","{'recency_boost': False, 'tier_multiplier': False}"
CUST0149,Standard,Grocery,1,OFFER016,Bakery Reward #16,Bakery,eCommerce,25Free item,71.07,"{'transaction_affinity': 0.286, 'redemption_match': 0.9, 'points_eligibility': 1.0, 'cart_affinity': 1.0, 'demographic_match': 0.5}","{'recency_boost': False, 'tier_multiplier': False}"
CUST0149,Standard,Grocery,2,OFFER003,Dairy Reward #3,Dairy,Grocery,50$ off,70.59,"{'transaction_affinity': 0.236, 'redemption_match': 1.0, 'points_eligibility': 1.0, 'cart_affinity': 0.7, 'demographic_match': 0.8}","{'recency_boost': False, 'tier_multiplier': False}"
CUST0149,Standard,Grocery,3,OFFER011,Dairy Reward #11,Dairy,Grocery,5Free item,70.59,"{'transaction_affinity': 0.236, 'redemption_match': 1.0, 'points_eligibility': 1.0, 'cart_affinity': 0.7, 'demographic_match': 0.8}","{'recency_boost': False, 'tier_multiplier': False}"
CUST0150,Standard,Fuel,1,OFFER004,Beverages Reward #4,Beverages,Both,50% off,69.0,"{'transaction_affinity': 0.0, 'redemption_match': 0.7, 'points_eligibility': 1.0, 'cart_affinity': 1.0, 'demographic_match': 0.5}","{'recency_boost': True, 'tier_multiplier': False}"
CUST0150,Standard,Fuel,2,OFFER006,Beverages Reward #6,Beverages,Both,50Fuel cents/L,69.0,"{'transaction_affinity': 0.0, 'redemption_match': 0.7, 'points_eligibility': 1.0, 'cart_affinity': 1.0, 'demographic_match': 0.5}","{'recency_boost': True, 'tier_multiplier': False}"
CUST0150,Standard,Fuel,3,OFFER007,Dairy Reward #7,Dairy,Both,15Free item,69.0,"{'transaction_affinity': 0.0, 'redemption_match': 0.7, 'points_eligibility': 1.0, 'cart_affinity': 1.0, 'demographic_match': 0.5}","{'recency_boost': True, 'tier_multiplier': False}"
CUST0151,Standard,Fuel,1,OFFER012,Produce Reward #12,Produce,Both,15$ off,63.72,"{'transaction_affinity': 0.107, 'redemption_match': 0.7, 'points_eligibility': 1.0, 'cart_affinity': 1.0, 'demographic_match': 0.8}","{'recency_boost': False, 'tier_multiplier': False}"
CUST0151,Standard,Fuel,2,OFFER019,Produce Reward #19,Produce,Both,5% off,63.72,"{'transaction_affinity': 0.107, 'redemption_match': 0.7, 'points_eligibility': 1.0, 'cart_affinity': 1.0, 'demographic_match': 0.8}","{'recency_boost': False, 'tier_multiplier': False}"
CUST0151,Standard,Fuel,3,OFFER007,Dairy Reward #7,Dairy,Both,15Free item,63.62,"{'transaction_affinity': 0.104, 'redemption_match': 0.7, 'points_eligibility': 1.0, 'cart_affinity': 1.0, 'demographic_match': 0.8}","{'recency_boost': False, 'tier_multiplier': False}"
CUST0152,Standard,Fuel,1,OFFER006,Beverages Reward #6,Beverages,Both,50Fuel cents/L,58.61,"{'transaction_affinity': 0.037, 'redemption_match': 0.7, 'points_eligibility': 1.0, 'cart_affinity': 1.0, 'demographic_match': 0.5}","{'recency_boost': False, 'tier_multiplier': False}"
CUST0152,Standard,Fuel,2,OFFER012,Produce Reward #12,Produce,Both,15$ off,57.5,"{'transaction_affinity': 0.0, 'redemption_match': 0.7, 'points_eligibility': 1.0, 'cart_affinity': 1.0, 'demographic_match': 0.5}","{'recency_boost': False, 'tier_multiplier': False}"
CUST0152,Standard,Fuel,3,OFFER014,Dairy Reward #14,Dairy,Both,50$ off,57.5,"{'transaction_affinity': 0.0, 'redemption_match': 0.7, 'points_eligibility': 1.0, 'cart_affinity': 1.0, 'demographic_match': 0.5}","{'recency_boost': False, 'tier_multiplier': False}"
CUST0153,Standard,Grocery,1,OFFER001,Grocery Reward #1,Grocery,eCommerce,10Fuel cents/L,73.4,"{'transaction_affinity': 0.363, 'redemption_match': 0.9, 'points_eligibility': 1.0, 'cart_affinity': 1.0, 'demographic_match': 0.5}","{'recency_boost': False, 'tier_multiplier': False}"
CUST0153,Standard,Grocery,2,OFFER013,Grocery Reward #13,Grocery,eCommerce,10% off,73.4,"{'transaction_affinity': 0.363, 'redemption_match': 0.9, 'points_eligibility': 1.0, 'cart_affinity': 1.0, 'demographic_match': 0.5}","{'recency_boost': False, 'tier_multiplier': False}"
CUST0153,Standard,Grocery,3,OFFER016,Bakery Reward #16,Bakery,eCommerce,25Free item,69.33,"{'transaction_affinity': 0.228, 'redemption_match': 0.9, 'points_eligibility': 1.0, 'cart_affinity': 1.0, 'demographic_match': 0.5}","{'recency_boost': False, 'tier_multiplier': False}"
CUST0154,Standard,Grocery,1,OFFER003,Dairy Reward #3,Dairy,Grocery,50$ off,75.57,"{'transaction_affinity': 0.352, 'redemption_match': 1.0, 'points_eligibility': 1.0, 'cart_affinity': 1.0, 'demographic_match': 0.5}","{'recency_boost': False, 'tier_multiplier': False}"
CUST0154,Standard,Grocery,2,OFFER011,Dairy Reward #11,Dairy,Grocery,5Free item,75.57,"{'transaction_affinity': 0.352, 'redemption_match': 1.0, 'points_eligibility': 1.0, 'cart_affinity': 1.0, 'demographic_match': 0.5}","{'recency_boost': False, 'tier_multiplier': False}"
CUST0154,Standard,Grocery,3,OFFER009,Bakery Reward #9,Bakery,Grocery,25% off,69.66,"{'transaction_affinity': 0.155, 'redemption_match': 1.0, 'points_eligibility': 1.0, 'cart_affinity': 1.0, 'demographic_match': 0.5}","{'recency_boost': False, 'tier_multiplier': False}"
CUST0155,Standard,Fuel,1,OFFER012,Produce Reward #12,Produce,Both,15$ off,64.95,"{'transaction_affinity': 0.148, 'redemption_match': 0.7, 'points_eligibility': 1.0, 'cart_affinity': 1.0, 'demographic_match': 0.8}","{'recency_boost': False, 'tier_multiplier': False}"
CUST0155,Standard,Fuel,2,OFFER019,Produce Reward #19,Produce,Both,5% off,64.95,"{'transaction_affinity': 0.148, 'redemption_match': 0.7, 'points_eligibility': 1.0, 'cart_affinity': 1.0, 'demographic_match': 0.8}","{'recency_boost': False, 'tier_multiplier': False}"
CUST0155,Standard,Fuel,3,OFFER007,Dairy Reward #7,Dairy,Both,15Free item,60.5,"{'transaction_affinity': 0.0, 'redemption_match': 0.7, 'points_eligibility': 1.0, 'cart_affinity': 1.0, 'demographic_match': 0.8}","{'recency_boost': False, 'tier_multiplier': False}"
CUST0156,Standard,Grocery,1,OFFER005,Produce Reward #5,Produce,eCommerce,5$ off,70.51,"{'transaction_affinity': 0.367, 'redemption_match': 0.9, 'points_eligibility': 1.0, 'cart_affinity': 0.6, 'demographic_match': 0.8}","{'recency_boost': False, 'tier_multiplier': False}"
CUST0156,Standard,Grocery,2,OFFER010,Produce Reward #10,Produce,eCommerce,50% off,70.51,"{'transaction_affinity': 0.367, 'redemption_match': 0.9, 'points_eligibility': 1.0, 'cart_affinity': 0.6, 'demographic_match': 0.8}","{'recency_boost': False, 'tier_multiplier': False}"
CUST0156,Standard,Grocery,3,OFFER012,Produce Reward #12,Produce,Both,15$ off,68.81,"{'transaction_affinity': 0.367, 'redemption_match': 0.7, 'points_eligibility': 1.0, 'cart_affinity': 0.82, 'demographic_match': 0.8}","{'recency_boost': False, 'tier_multiplier': False}"
CUST0157,Standard,Fuel,1,OFFER014,Dairy Reward #14,Dairy,Both,50$ off,63.81,"{'transaction_affinity': 0.11, 'redemption_match': 0.7, 'points_eligibility': 1.0, 'cart_affinity': 1.0, 'demographic_match': 0.8}","{'recency_boost': False, 'tier_multiplier': False}"
CUST0157,Standard,Fuel,2,OFFER012,Produce Reward #12,Produce,Both,15$ off,60.74,"{'transaction_affinity': 0.008, 'redemption_match': 0.7, 'points_eligibility': 1.0, 'cart_affinity': 1.0, 'demographic_match': 0.8}","{'recency_boost': False, 'tier_multiplier': False}"
CUST0157,Standard,Fuel,3,OFFER006,Beverages Reward #6,Beverages,Both,50Fuel cents/L,58.76,"{'transaction_affinity': 0.042, 'redemption_match': 0.7, 'points_eligibility': 1.0, 'cart_affinity': 1.0, 'demographic_match': 0.5}","{'recency_boost': False, 'tier_multiplier': False}"
CUST0158,Standard,Fuel,1,OFFER007,Dairy Reward #7,Dairy,Both,15Free item,64.67,"{'transaction_affinity': 0.239, 'redemption_match': 0.7, 'points_eligibility': 1.0, 'cart_affinity': 1.0, 'demographic_match': 0.5}","{'recency_boost': False, 'tier_multiplier': False}"
CUST0158,Standard,Fuel,2,OFFER014,Dairy Reward #14,Dairy,Both,50$ off,64.67,"{'transaction_affinity': 0.239, 'redemption_match': 0.7, 'points_eligibility': 1.0, 'cart_affinity': 1.0, 'demographic_match': 0.5}","{'recency_boost': False, 'tier_multiplier': False}"
CUST0158,Standard,Fuel,3,OFFER004,Beverages Reward #4,Beverages,Both,50% off,59.78,"{'transaction_affinity': 0.076, 'redemption_match': 0.7, 'points_eligibility': 1.0, 'cart_affinity': 1.0, 'demographic_match': 0.5}","{'recency_boost': False, 'tier_multiplier': False}"
CUST0159,Standard,Fuel,1,OFFER007,Dairy Reward #7,Dairy,Both,15Free item,60.5,"{'transaction_affinity': 0.0, 'redemption_match': 0.7, 'points_eligibility': 1.0, 'cart_affinity': 1.0, 'demographic_match': 0.8}","{'recency_boost': False, 'tier_multiplier': False}"
CUST0159,Standard,Fuel,2,OFFER012,Produce Reward #12,Produce,Both,15$ off,60.5,"{'transaction_affinity': 0.0, 'redemption_match': 0.7, 'points_eligibility': 1.0, 'cart_affinity': 1.0, 'demographic_match': 0.8}","{'recency_boost': False, 'tier_multiplier': False}"
CUST0159,Standard,Fuel,3,OFFER014,Dairy Reward #14,Dairy,Both,50$ off,60.5,"{'transaction_affinity': 0.0, 'redemption_match': 0.7, 'points_eligibility': 1.0, 'cart_affinity': 1.0, 'demographic_match': 0.8}","{'recency_boost': False, 'tier_multiplier': False}"
CUST0160,Standard,Fuel,1,OFFER012,Produce Reward #12,Produce,Both,15$ off,59.26,"{'transaction_affinity': 0.059, 'redemption_match': 0.7, 'points_eligibility': 1.0, 'cart_affinity': 1.0, 'demographic_match': 0.5}","{'recency_boost': False, 'tier_multiplier': False}"
CUST0160,Standard,Fuel,2,OFFER014,Dairy Reward #14,Dairy,Both,50$ off,57.57,"{'transaction_affinity': 0.002, 'redemption_match': 0.7, 'points_eligibility': 1.0, 'cart_affinity': 1.0, 'demographic_match': 0.5}","{'recency_boost': False, 'tier_multiplier': False}"
CUST0160,Standard,Fuel,3,OFFER006,Beverages Reward #6,Beverages,Both,50Fuel cents/L,57.5,"{'transaction_affinity': 0.0, 'redemption_match': 0.7, 'points_eligibility': 1.0, 'cart_affinity': 1.0, 'demographic_match': 0.5}","{'recency_boost': False, 'tier_multiplier': False}"
CUST0161,Standard,Grocery,1,OFFER001,Grocery Reward #1,Grocery,eCommerce,10Fuel cents/L,80.15,"{'transaction_affinity': 0.488, 'redemption_match': 0.9, 'points_eligibility': 1.0, 'cart_affinity': 1.0, 'demographic_match': 0.8}","{'recency_boost': False, 'tier_multiplier': False}"
CUST0161,Standard,Grocery,2,OFFER003,Dairy Reward #3,Dairy,Grocery,50$ off,70.9,"{'transaction_affinity': 0.247, 'redemption_match': 1.0, 'points_eligibility': 1.0, 'cart_affinity': 0.7, 'demographic_match': 0.8}","{'recency_boost': False, 'tier_multiplier': False}"
CUST0161,Standard,Grocery,3,OFFER011,Dairy Reward #11,Dairy,Grocery,5Free item,70.9,"{'transaction_affinity': 0.247, 'redemption_match': 1.0, 'points_eligibility': 1.0, 'cart_affinity': 0.7, 'demographic_match': 0.8}","{'recency_boost': False, 'tier_multiplier': False}"
CUST0162,Standard,Fuel,1,OFFER012,Produce Reward #12,Produce,Both,15$ off,63.06,"{'transaction_affinity': 0.085, 'redemption_match': 0.7, 'points_eligibility': 1.0, 'cart_affinity': 1.0, 'demographic_match': 0.8}","{'recency_boost': False, 'tier_multiplier': False}"
CUST0162,Standard,Fuel,2,OFFER019,Produce Reward #19,Produce,Both,5% off,63.06,"{'transaction_affinity': 0.085, 'redemption_match': 0.7, 'points_eligibility': 1.0, 'cart_affinity': 1.0, 'demographic_match': 0.8}","{'recency_boost': False, 'tier_multiplier': False}"
CUST0162,Standard,Fuel,3,OFFER007,Dairy Reward #7,Dairy,Both,15Free item,61.75,"{'transaction_affinity': 0.042, 'redemption_match': 0.7, 'points_eligibility': 1.0, 'cart_affinity': 1.0, 'demographic_match': 0.8}","{'recency_boost': False, 'tier_multiplier': False}"
CUST0163,4U+,Fuel,1,OFFER020,Beverages Reward #20,Beverages,Grocery,5Free item,71.61,"{'transaction_affinity': 0.175, 'redemption_match': 0.1, 'points_eligibility': 1.0, 'cart_affinity': 1.0, 'demographic_match': 0.5}","{'recency_boost': False, 'tier_multiplier': True}"
CUST0163,4U+,Fuel,2,OFFER011,Dairy Reward #11,Dairy,Grocery,5Free item,67.32,"{'transaction_affinity': 0.079, 'redemption_match': 0.1, 'points_eligibility': 1.0, 'cart_affinity': 1.0, 'demographic_match': 0.5}","{'recency_boost': False, 'tier_multiplier': True}"
CUST0163,4U+,Fuel,3,OFFER005,Produce Reward #5,Produce,eCommerce,5$ off,64.06,"{'transaction_affinity': 0.09, 'redemption_match': 0.6, 'points_eligibility': 1.0, 'cart_affinity': 0.0, 'demographic_match': 0.5}","{'recency_boost': False, 'tier_multiplier': True}"
CUST0164,Standard,Fuel,1,OFFER007,Dairy Reward #7,Dairy,Both,15Free item,67.28,"{'transaction_affinity': 0.326, 'redemption_match': 0.7, 'points_eligibility': 1.0, 'cart_affinity': 1.0, 'demographic_match': 0.5}","{'recency_boost': False, 'tier_multiplier': False}"
CUST0164,Standard,Fuel,2,OFFER014,Dairy Reward #14,Dairy,Both,50$ off,67.28,"{'transaction_affinity': 0.326, 'redemption_match': 0.7, 'points_eligibility': 1.0, 'cart_affinity': 1.0, 'demographic_match': 0.5}","{'recency_boost': False, 'tier_multiplier': False}"
CUST0164,Standard,Fuel,3,OFFER004,Beverages Reward #4,Beverages,Both,50% off,57.5,"{'transaction_affinity': 0.0, 'redemption_match': 0.7, 'points_eligibility': 1.0, 'cart_affinity': 1.0, 'demographic_match': 0.5}","{'recency_boost': False, 'tier_multiplier': False}"
CUST0165,4U+,Fuel,1,OFFER011,Dairy Reward #11,Dairy,Grocery,5Free item,67.98,"{'transaction_affinity': 0.094, 'redemption_match': 0.1, 'points_eligibility': 1.0, 'cart_affinity': 1.0, 'demographic_match': 0.5}","{'recency_boost': False, 'tier_multiplier': True}"
CUST0165,4U+,Fuel,2,OFFER020,Beverages Reward #20,Beverages,Grocery,5Free item,67.32,"{'transaction_affinity': 0.079, 'redemption_match': 0.1, 'points_eligibility': 1.0, 'cart_affinity': 1.0, 'demographic_match': 0.5}","{'recency_boost': False, 'tier_multiplier': True}"
CUST0165,4U+,Fuel,3,OFFER007,Dairy Reward #7,Dairy,Both,15Free item,60.32,"{'transaction_affinity': 0.094, 'redemption_match': 0.7, 'points_eligibility': 1.0, 'cart_affinity': 1.0, 'demographic_match': 0.5}","{'recency_boost': False, 'tier_multiplier': False}"
CUST0166,Standard,Grocery,1,OFFER008,Produce Reward #8,Produce,Grocery,25% off,70.63,"{'transaction_affinity': 0.308, 'redemption_match': 1.0, 'points_eligibility': 1.0, 'cart_affinity': 0.76, 'demographic_match': 0.5}","{'recency_boost': False, 'tier_multiplier': False}"
CUST0166,Standard,Grocery,2,OFFER005,Produce Reward #5,Produce,eCommerce,5$ off,68.73,"{'transaction_affinity': 0.308, 'redemption_match': 0.9, 'points_eligibility': 1.0, 'cart_affinity': 0.8, 'demographic_match': 0.5}","{'recency_boost': False, 'tier_multiplier': False}"
CUST0166,Standard,Grocery,3,OFFER010,Produce Reward #10,Produce,eCommerce,50% off,68.73,"{'transaction_affinity': 0.308, 'redemption_match': 0.9, 'points_eligibility': 1.0, 'cart_affinity': 0.8, 'demographic_match': 0.5}","{'recency_boost': False, 'tier_multiplier': False}"
CUST0167,4U+,Fuel,1,OFFER020,Beverages Reward #20,Beverages,Grocery,5Free item,69.53,"{'transaction_affinity': 0.128, 'redemption_match': 0.1, 'points_eligibility': 1.0, 'cart_affinity': 1.0, 'demographic_match': 0.5}","{'recency_boost': False, 'tier_multiplier': True}"
CUST0167,4U+,Fuel,2,OFFER005,Produce Reward #5,Produce,eCommerce,5$ off,64.22,"{'transaction_affinity': 0.094, 'redemption_match': 0.6, 'points_eligibility': 1.0, 'cart_affinity': 0.0, 'demographic_match': 0.5}","{'recency_boost': False, 'tier_multiplier': True}"
CUST0167,4U+,Fuel,3,OFFER011,Dairy Reward #11,Dairy,Grocery,5Free item,63.75,"{'transaction_affinity': 0.0, 'redemption_match': 0.1, 'points_eligibility': 1.0, 'cart_affinity': 1.0, 'demographic_match': 0.5}","{'recency_boost': False, 'tier_multiplier': True}"
CUST0168,4U+,Fuel,1,OFFER020,Beverages Reward #20,Beverages,Grocery,5Free item,74.91,"{'transaction_affinity': 0.248, 'redemption_match': 0.1, 'points_eligibility': 1.0, 'cart_affinity': 1.0, 'demographic_match': 0.5}","{'recency_boost': False, 'tier_multiplier': True}"
CUST0168,4U+,Fuel,2,OFFER015,Snacks Reward #15,Snacks,Grocery,20Fuel cents/L,68.19,"{'transaction_affinity': 0.099, 'redemption_match': 0.1, 'points_eligibility': 1.0, 'cart_affinity': 1.0, 'demographic_match': 0.5}","{'recency_boost': False, 'tier_multiplier': True}"
CUST0168,4U+,Fuel,3,OFFER016,Bakery Reward #16,Bakery,eCommerce,25Free item,66.36,"{'transaction_affinity': 0.141, 'redemption_match': 0.6, 'points_eligibility': 1.0, 'cart_affinity': 0.0, 'demographic_match': 0.5}","{'recency_boost': False, 'tier_multiplier': True}"
CUST0169,Standard,Grocery,1,OFFER001,Grocery Reward #1,Grocery,eCommerce,10Fuel cents/L,73.65,"{'transaction_affinity': 0.272, 'redemption_match': 0.9, 'points_eligibility': 1.0, 'cart_affinity': 1.0, 'demographic_match': 0.8}","{'recency_boost': False, 'tier_multiplier': False}"
CUST0169,Standard,Grocery,2,OFFER013,Grocery Reward #13,Grocery,eCommerce,10% off,73.65,"{'transaction_affinity': 0.272, 'redemption_match': 0.9, 'points_eligibility': 1.0, 'cart_affinity': 1.0, 'demographic_match': 0.8}","{'recency_boost': False, 'tier_multiplier': False}"
CUST0169,Standard,Grocery,3,OFFER005,Produce Reward #5,Produce,eCommerce,5$ off,73.57,"{'transaction_affinity': 0.269, 'redemption_match': 0.9, 'points_eligibility': 1.0, 'cart_affinity': 1.0, 'demographic_match': 0.8}","{'recency_boost': False, 'tier_multiplier': False}"
CUST0170,4U+,Fuel,1,OFFER020,Beverages Reward #20,Beverages,Grocery,5Free item,72.73,"{'transaction_affinity': 0.2, 'redemption_match': 0.1, 'points_eligibility': 1.0, 'cart_affinity': 1.0, 'demographic_match': 0.5}","{'recency_boost': False, 'tier_multiplier': True}"
CUST0170,4U+,Fuel,2,OFFER011,Dairy Reward #11,Dairy,Grocery,5Free item,68.46,"{'transaction_affinity': 0.105, 'redemption_match': 0.1, 'points_eligibility': 1.0, 'cart_affinity': 1.0, 'demographic_match': 0.5}","{'recency_boost': False, 'tier_multiplier': True}"
CUST0170,4U+,Fuel,3,OFFER004,Beverages Reward #4,Beverages,Both,50% off,63.49,"{'transaction_affinity': 0.2, 'redemption_match': 0.7, 'points_eligibility': 1.0, 'cart_affinity': 1.0, 'demographic_match': 0.5}","{'recency_boost': False, 'tier_multiplier': False}"
CUST0171,Standard,Fuel,1,OFFER004,Beverages Reward #4,Beverages,Both,50% off,71.86,"{'transaction_affinity': 0.079, 'redemption_match': 0.7, 'points_eligibility': 1.0, 'cart_affinity': 1.0, 'demographic_match': 0.5}","{'recency_boost': True, 'tier_multiplier': False}"
CUST0171,Standard,Fuel,2,OFFER006,Beverages Reward #6,Beverages,Both,50Fuel cents/L,71.86,"{'transaction_affinity': 0.079, 'redemption_match': 0.7, 'points_eligibility': 1.0, 'cart_affinity': 1.0, 'demographic_match': 0.5}","{'recency_boost': True, 'tier_multiplier': False}"
CUST0171,Standard,Fuel,3,OFFER018,Beverages Reward #18,Beverages,Both,50$ off,71.86,"{'transaction_affinity': 0.079, 'redemption_match': 0.7, 'points_eligibility': 1.0, 'cart_affinity': 1.0, 'demographic_match': 0.5}","{'recency_boost': True, 'tier_multiplier': False}"
CUST0172,Standard,Grocery,1,OFFER020,Beverages Reward #20,Beverages,Grocery,5Free item,69.88,"{'transaction_affinity': 0.223, 'redemption_match': 1.0, 'points_eligibility': 1.0, 'cart_affinity': 0.88, 'demographic_match': 0.5}","{'recency_boost': False, 'tier_multiplier': False}"
CUST0172,Standard,Grocery,2,OFFER003,Dairy Reward #3,Dairy,Grocery,50$ off,69.66,"{'transaction_affinity': 0.215, 'redemption_match': 1.0, 'points_eligibility': 1.0, 'cart_affinity': 0.88, 'demographic_match': 0.5}","{'recency_boost': False, 'tier_multiplier': False}"
CUST0172,Standard,Grocery,3,OFFER011,Dairy Reward #11,Dairy,Grocery,5Free item,69.66,"{'transaction_affinity': 0.215, 'redemption_match': 1.0, 'points_eligibility': 1.0, 'cart_affinity': 0.88, 'demographic_match': 0.5}","{'recency_boost': False, 'tier_multiplier': False}"
CUST0173,Standard,Grocery,1,OFFER001,Grocery Reward #1,Grocery,eCommerce,10Fuel cents/L,74.84,"{'transaction_affinity': 0.411, 'redemption_match': 0.9, 'points_eligibility': 1.0, 'cart_affinity': 1.0, 'demographic_match': 0.5}","{'recency_boost': False, 'tier_multiplier': False}"
CUST0173,Standard,Grocery,2,OFFER013,Grocery Reward #13,Grocery,eCommerce,10% off,74.84,"{'transaction_affinity': 0.411, 'redemption_match': 0.9, 'points_eligibility': 1.0, 'cart_affinity': 1.0, 'demographic_match': 0.5}","{'recency_boost': False, 'tier_multiplier': False}"
CUST0173,Standard,Grocery,3,OFFER009,Bakery Reward #9,Bakery,Grocery,25% off,69.87,"{'transaction_affinity': 0.312, 'redemption_match': 1.0, 'points_eligibility': 1.0, 'cart_affinity': 0.7, 'demographic_match': 0.5}","{'recency_boost': False, 'tier_multiplier': False}"
CUST0174,Standard,Fuel,1,OFFER007,Dairy Reward #7,Dairy,Both,15Free item,66.63,"{'transaction_affinity': 0.204, 'redemption_match': 0.7, 'points_eligibility': 1.0, 'cart_affinity': 1.0, 'demographic_match': 0.8}","{'recency_boost': False, 'tier_multiplier': False}"
CUST0174,Standard,Fuel,2,OFFER014,Dairy Reward #14,Dairy,Both,50$ off,66.63,"{'transaction_affinity': 0.204, 'redemption_match': 0.7, 'points_eligibility': 1.0, 'cart_affinity': 1.0, 'demographic_match': 0.8}","{'recency_boost': False, 'tier_multiplier': False}"
CUST0174,Standard,Fuel,3,OFFER004,Beverages Reward #4,Beverages,Both,50% off,61.29,"{'transaction_affinity': 0.126, 'redemption_match': 0.7, 'points_eligibility': 1.0, 'cart_affinity': 1.0, 'demographic_match': 0.5}","{'recency_boost': False, 'tier_multiplier': False}"
CUST0175,Standard,Grocery,1,OFFER003,Dairy Reward #3,Dairy,Grocery,50$ off,67.6,"{'transaction_affinity': 0.207, 'redemption_match': 1.0, 'points_eligibility': 1.0, 'cart_affinity': 0.76, 'demographic_match': 0.5}","{'recency_boost': False, 'tier_multiplier': False}"
CUST0175,Standard,Grocery,2,OFFER011,Dairy Reward #11,Dairy,Grocery,5Free item,67.6,"{'transaction_affinity': 0.207, 'redemption_match': 1.0, 'points_eligibility': 1.0, 'cart_affinity': 0.76, 'demographic_match': 0.5}","{'recency_boost': False, 'tier_multiplier': False}"
CUST0175,Standard,Grocery,3,OFFER009,Bakery Reward #9,Bakery,Grocery,25% off,66.39,"{'transaction_affinity': 0.166, 'redemption_match': 1.0, 'points_eligibility': 1.0, 'cart_affinity': 0.76, 'demographic_match': 0.5}","{'recency_boost': False, 'tier_multiplier': False}"
CUST0176,Standard,Fuel,1,OFFER007,Dairy Reward #7,Dairy,Both,15Free item,65.45,"{'transaction_affinity': 0.165, 'redemption_match': 0.7, 'points_eligibility': 1.0, 'cart_affinity': 1.0, 'demographic_match': 0.8}","{'recency_boost': False, 'tier_multiplier': False}"
CUST0176,Standard,Fuel,2,OFFER014,Dairy Reward #14,Dairy,Both,50$ off,65.45,"{'transaction_affinity': 0.165, 'redemption_match': 0.7, 'points_eligibility': 1.0, 'cart_affinity': 1.0, 'demographic_match': 0.8}","{'recency_boost': False, 'tier_multiplier': False}"
CUST0176,Standard,Fuel,3,OFFER004,Beverages Reward #4,Beverages,Both,50% off,63.95,"{'transaction_affinity': 0.215, 'redemption_match': 0.7, 'points_eligibility': 1.0, 'cart_affinity': 1.0, 'demographic_match': 0.5}","{'recency_boost': False, 'tier_multiplier': False}"
CUST0177,Standard,Fuel,1,OFFER004,Beverages Reward #4,Beverages,Both,50% off,63.23,"{'transaction_affinity': 0.191, 'redemption_match': 0.7, 'points_eligibility': 1.0, 'cart_affinity': 1.0, 'demographic_match': 0.5}","{'recency_boost': False, 'tier_multiplier': False}"
CUST0177,Standard,Fuel,2,OFFER006,Beverages Reward #6,Beverages,Both,50Fuel cents/L,63.23,"{'transaction_affinity': 0.191, 'redemption_match': 0.7, 'points_eligibility': 1.0, 'cart_affinity': 1.0, 'demographic_match': 0.5}","{'recency_boost': False, 'tier_multiplier': False}"
CUST0177,Standard,Fuel,3,OFFER018,Beverages Reward #18,Beverages,Both,50$ off,63.23,"{'transaction_affinity': 0.191, 'redemption_match': 0.7, 'points_eligibility': 1.0, 'cart_affinity': 1.0, 'demographic_match': 0.5}","{'recency_boost': False, 'tier_multiplier': False}"
CUST0178,Standard,Fuel,1,OFFER007,Dairy Reward #7,Dairy,Both,15Free item,62.52,"{'transaction_affinity': 0.167, 'redemption_match': 0.7, 'points_eligibility': 1.0, 'cart_affinity': 1.0, 'demographic_match': 0.5}","{'recency_boost': False, 'tier_multiplier': False}"
CUST0178,Standard,Fuel,2,OFFER014,Dairy Reward #14,Dairy,Both,50$ off,62.52,"{'transaction_affinity': 0.167, 'redemption_match': 0.7, 'points_eligibility': 1.0, 'cart_affinity': 1.0, 'demographic_match': 0.5}","{'recency_boost': False, 'tier_multiplier': False}"
CUST0178,Standard,Fuel,3,OFFER004,Beverages Reward #4,Beverages,Both,50% off,61.93,"{'transaction_affinity': 0.148, 'redemption_match': 0.7, 'points_eligibility': 1.0, 'cart_affinity': 1.0, 'demographic_match': 0.5}","{'recency_boost': False, 'tier_multiplier': False}"
CUST0179,Standard,Grocery,1,OFFER008,Produce Reward #8,Produce,Grocery,25% off,74.74,"{'transaction_affinity': 0.325, 'redemption_match': 1.0, 'points_eligibility': 1.0, 'cart_affinity': 1.0, 'demographic_match': 0.5}","{'recency_boost': False, 'tier_multiplier': False}"
CUST0179,Standard,Grocery,2,OFFER009,Bakery Reward #9,Bakery,Grocery,25% off,72.8,"{'transaction_affinity': 0.26, 'redemption_match': 1.0, 'points_eligibility': 1.0, 'cart_affinity': 1.0, 'demographic_match': 0.5}","{'recency_boost': False, 'tier_multiplier': False}"
CUST0179,Standard,Grocery,3,OFFER003,Dairy Reward #3,Dairy,Grocery,50$ off,71.97,"{'transaction_affinity': 0.232, 'redemption_match': 1.0, 'points_eligibility': 1.0, 'cart_affinity': 1.0, 'demographic_match': 0.5}","{'recency_boost': False, 'tier_multiplier': False}"
CUST0180,Standard,Fuel,1,OFFER004,Beverages Reward #4,Beverages,Both,50% off,60.85,"{'transaction_affinity': 0.112, 'redemption_match': 0.7, 'points_eligibility': 1.0, 'cart_affinity': 1.0, 'demographic_match': 0.5}","{'recency_boost': False, 'tier_multiplier': False}"
CUST0180,Standard,Fuel,2,OFFER006,Beverages Reward #6,Beverages,Both,50Fuel cents/L,60.85,"{'transaction_affinity': 0.112, 'redemption_match': 0.7, 'points_eligibility': 1.0, 'cart_affinity': 1.0, 'demographic_match': 0.5}","{'recency_boost': False, 'tier_multiplier': False}"
CUST0180,Standard,Fuel,3,OFFER007,Dairy Reward #7,Dairy,Both,15Free item,59.66,"{'transaction_affinity': 0.072, 'redemption_match': 0.7, 'points_eligibility': 1.0, 'cart_affinity': 1.0, 'demographic_match': 0.5}","{'recency_boost': False, 'tier_multiplier': False}"
CUST0181,4U+,Grocery,1,OFFER008,Produce Reward #8,Produce,Grocery,25% off,100.0,"{'transaction_affinity': 0.235, 'redemption_match': 1.0, 'points_eligibility': 1.0, 'cart_affinity': 0.82, 'demographic_match': 0.5}","{'recency_boost': False, 'tier_multiplier': True}"
CUST0181,4U+,Grocery,2,OFFER020,Beverages Reward #20,Beverages,Grocery,5Free item,100.0,"{'transaction_affinity': 0.263, 'redemption_match': 1.0, 'points_eligibility': 1.0, 'cart_affinity': 0.82, 'demographic_match': 0.5}","{'recency_boost': False, 'tier_multiplier': True}"
CUST0181,4U+,Grocery,3,OFFER005,Produce Reward #5,Produce,eCommerce,5$ off,95.34,"{'transaction_affinity': 0.235, 'redemption_match': 0.9, 'points_eligibility': 1.0, 'cart_affinity': 0.6, 'demographic_match': 0.5}","{'recency_boost': False, 'tier_multiplier': True}"
CUST0182,Standard,Grocery,1,OFFER009,Bakery Reward #9,Bakery,Grocery,25% off,74.07,"{'transaction_affinity': 0.392, 'redemption_match': 1.0, 'points_eligibility': 1.0, 'cart_affinity': 0.82, 'demographic_match': 0.5}","{'recency_boost': False, 'tier_multiplier': False}"
CUST0182,Standard,Grocery,2,OFFER003,Dairy Reward #3,Dairy,Grocery,50$ off,71.95,"{'transaction_affinity': 0.222, 'redemption_match': 1.0, 'points_eligibility': 1.0, 'cart_affinity': 0.82, 'demographic_match': 0.8}","{'recency_boost': False, 'tier_multiplier': False}"
CUST0182,Standard,Grocery,3,OFFER011,Dairy Reward #11,Dairy,Grocery,5Free item,71.95,"{'transaction_affinity': 0.222, 'redemption_match': 1.0, 'points_eligibility': 1.0, 'cart_affinity': 0.82, 'demographic_match': 0.8}","{'recency_boost': False, 'tier_multiplier': False}"
CUST0183,Standard,Fuel,1,OFFER012,Produce Reward #12,Produce,Both,15$ off,64.52,"{'transaction_affinity': 0.134, 'redemption_match': 0.7, 'points_eligibility': 1.0, 'cart_affinity': 1.0, 'demographic_match': 0.8}","{'recency_boost': False, 'tier_multiplier': False}"
CUST0183,Standard,Fuel,2,OFFER019,Produce Reward #19,Produce,Both,5% off,64.52,"{'transaction_affinity': 0.134, 'redemption_match': 0.7, 'points_eligibility': 1.0, 'cart_affinity': 1.0, 'demographic_match': 0.8}","{'recency_boost': False, 'tier_multiplier': False}"
CUST0183,Standard,Fuel,3,OFFER004,Beverages Reward #4,Beverages,Both,50% off,63.96,"{'transaction_affinity': 0.215, 'redemption_match': 0.7, 'points_eligibility': 1.0, 'cart_affinity': 1.0, 'demographic_match': 0.5}","{'recency_boost': False, 'tier_multiplier': False}"
CUST0184,Standard,Grocery,1,OFFER009,Bakery Reward #9,Bakery,Grocery,25% off,83.78,"{'transaction_affinity': 0.191, 'redemption_match': 1.0, 'points_eligibility': 1.0, 'cart_affinity': 0.94, 'demographic_match': 0.5}","{'recency_boost': True, 'tier_multiplier': False}"
CUST0184,Standard,Grocery,2,OFFER003,Dairy Reward #3,Dairy,Grocery,50$ off,83.57,"{'transaction_affinity': 0.185, 'redemption_match': 1.0, 'points_eligibility': 1.0, 'cart_affinity': 0.94, 'demographic_match': 0.5}","{'recency_boost': True, 'tier_multiplier': False}"
CUST0184,Standard,Grocery,3,OFFER011,Dairy Reward #11,Dairy,Grocery,5Free item,83.57,"{'transaction_affinity': 0.185, 'redemption_match': 1.0, 'points_eligibility': 1.0, 'cart_affinity': 0.94, 'demographic_match': 0.5}","{'recency_boost': True, 'tier_multiplier': False}"
CUST0185,4U+,Fuel,1,OFFER011,Dairy Reward #11,Dairy,Grocery,5Free item,72.15,"{'transaction_affinity': 0.087, 'redemption_match': 0.1, 'points_eligibility': 1.0, 'cart_affinity': 1.0, 'demographic_match': 0.8}","{'recency_boost': False, 'tier_multiplier': True}"
CUST0185,4U+,Fuel,2,OFFER008,Produce Reward #8,Produce,Grocery,25% off,70.4,"{'transaction_affinity': 0.048, 'redemption_match': 0.1, 'points_eligibility': 1.0, 'cart_affinity': 1.0, 'demographic_match': 0.8}","{'recency_boost': False, 'tier_multiplier': True}"
CUST0185,4U+,Fuel,3,OFFER020,Beverages Reward #20,Beverages,Grocery,5Free item,69.53,"{'transaction_affinity': 0.128, 'redemption_match': 0.1, 'points_eligibility': 1.0, 'cart_affinity': 1.0, 'demographic_match': 0.5}","{'recency_boost': False, 'tier_multiplier': True}"
CUST0186,Standard,Grocery,1,OFFER003,Dairy Reward #3,Dairy,Grocery,50$ off,72.2,"{'transaction_affinity': 0.33, 'redemption_match': 1.0, 'points_eligibility': 1.0, 'cart_affinity': 0.82, 'demographic_match': 0.5}","{'recency_boost': False, 'tier_multiplier': False}"
CUST0186,Standard,Grocery,2,OFFER011,Dairy Reward #11,Dairy,Grocery,5Free item,72.2,"{'transaction_affinity': 0.33, 'redemption_match': 1.0, 'points_eligibility': 1.0, 'cart_affinity': 0.82, 'demographic_match': 0.5}","{'recency_boost': False, 'tier_multiplier': False}"
CUST0186,Standard,Grocery,3,OFFER009,Bakery Reward #9,Bakery,Grocery,25% off,70.35,"{'transaction_affinity': 0.268, 'redemption_match': 1.0, 'points_eligibility': 1.0, 'cart_affinity': 0.82, 'demographic_match': 0.5}","{'recency_boost': False, 'tier_multiplier': False}"
CUST0187,4U+,Grocery,1,OFFER008,Produce Reward #8,Produce,Grocery,25% off,100.0,"{'transaction_affinity': 0.365, 'redemption_match': 1.0, 'points_eligibility': 1.0, 'cart_affinity': 0.94, 'demographic_match': 0.5}","{'recency_boost': False, 'tier_multiplier': True}"
CUST0187,4U+,Grocery,2,OFFER011,Dairy Reward #11,Dairy,Grocery,5Free item,100.0,"{'transaction_affinity': 0.137, 'redemption_match': 1.0, 'points_eligibility': 1.0, 'cart_affinity': 0.94, 'demographic_match': 0.5}","{'recency_boost': False, 'tier_multiplier': True}"
CUST0187,4U+,Grocery,3,OFFER015,Snacks Reward #15,Snacks,Grocery,20Fuel cents/L,96.15,"{'transaction_affinity': 0.0, 'redemption_match': 1.0, 'points_eligibility': 1.0, 'cart_affinity': 0.94, 'demographic_match': 0.5}","{'recency_boost': False, 'tier_multiplier': True}"
CUST0188,4U+,Grocery,1,OFFER011,Dairy Reward #11,Dairy,Grocery,5Free item,100.0,"{'transaction_affinity': 0.201, 'redemption_match': 1.0, 'points_eligibility': 1.0, 'cart_affinity': 0.76, 'demographic_match': 0.5}","{'recency_boost': False, 'tier_multiplier': True}"
CUST0188,4U+,Grocery,2,OFFER020,Beverages Reward #20,Beverages,Grocery,5Free item,93.66,"{'transaction_affinity': 0.035, 'redemption_match': 1.0, 'points_eligibility': 1.0, 'cart_affinity': 0.76, 'demographic_match': 0.5}","{'recency_boost': False, 'tier_multiplier': True}"
CUST0188,4U+,Grocery,3,OFFER005,Produce Reward #5,Produce,eCommerce,5$ off,90.45,"{'transaction_affinity': 0.027, 'redemption_match': 0.9, 'points_eligibility': 1.0, 'cart_affinity': 0.8, 'demographic_match': 0.5}","{'recency_boost': False, 'tier_multiplier': True}"
CUST0189,Standard,Grocery,1,OFFER008,Produce Reward #8,Produce,Grocery,25% off,76.57,"{'transaction_affinity': 0.316, 'redemption_match': 1.0, 'points_eligibility': 1.0, 'cart_affinity': 0.94, 'demographic_match': 0.8}","{'recency_boost': False, 'tier_multiplier': False}"
CUST0189,Standard,Grocery,2,OFFER003,Dairy Reward #3,Dairy,Grocery,50$ off,75.89,"{'transaction_affinity': 0.293, 'redemption_match': 1.0, 'points_eligibility': 1.0, 'cart_affinity': 0.94, 'demographic_match': 0.8}","{'recency_boost': False, 'tier_multiplier': False}"
CUST0189,Standard,Grocery,3,OFFER011,Dairy Reward #11,Dairy,Grocery,5Free item,75.89,"{'transaction_affinity': 0.293, 'redemption_match': 1.0, 'points_eligibility': 1.0, 'cart_affinity': 0.94, 'demographic_match': 0.8}","{'recency_boost': False, 'tier_multiplier': False}"
CUST0190,Standard,Fuel,1,OFFER004,Beverages Reward #4,Beverages,Both,50% off,64.47,"{'transaction_affinity': 0.232, 'redemption_match': 0.7, 'points_eligibility': 1.0, 'cart_affinity': 1.0, 'demographic_match': 0.5}","{'recency_boost': False, 'tier_multiplier': False}"
CUST0190,Standard,Fuel,2,OFFER006,Beverages Reward #6,Beverages,Both,50Fuel cents/L,64.47,"{'transaction_affinity': 0.232, 'redemption_match': 0.7, 'points_eligibility': 1.0, 'cart_affinity': 1.0, 'demographic_match': 0.5}","{'recency_boost': False, 'tier_multiplier': False}"
CUST0190,Standard,Fuel,3,OFFER018,Beverages Reward #18,Beverages,Both,50$ off,64.47,"{'transaction_affinity': 0.232, 'redemption_match': 0.7, 'points_eligibility': 1.0, 'cart_affinity': 1.0, 'demographic_match': 0.5}","{'recency_boost': False, 'tier_multiplier': False}"
CUST0191,Standard,Fuel,1,OFFER012,Produce Reward #12,Produce,Both,15$ off,66.83,"{'transaction_affinity': 0.211, 'redemption_match': 0.7, 'points_eligibility': 1.0, 'cart_affinity': 1.0, 'demographic_match': 0.8}","{'recency_boost': False, 'tier_multiplier': False}"
CUST0191,Standard,Fuel,2,OFFER019,Produce Reward #19,Produce,Both,5% off,66.83,"{'transaction_affinity': 0.211, 'redemption_match': 0.7, 'points_eligibility': 1.0, 'cart_affinity': 1.0, 'demographic_match': 0.8}","{'recency_boost': False, 'tier_multiplier': False}"
CUST0191,Standard,Fuel,3,OFFER004,Beverages Reward #4,Beverages,Both,50% off,64.84,"{'transaction_affinity': 0.245, 'redemption_match': 0.7, 'points_eligibility': 1.0, 'cart_affinity': 1.0, 'demographic_match': 0.5}","{'recency_boost': False, 'tier_multiplier': False}"
CUST0192,4U+,Grocery,1,OFFER005,Produce Reward #5,Produce,eCommerce,5$ off,100.0,"{'transaction_affinity': 0.256, 'redemption_match': 0.9, 'points_eligibility': 1.0, 'cart_affinity': 1.0, 'demographic_match': 0.5}","{'recency_boost': False, 'tier_multiplier': True}"
CUST0192,4U+,Grocery,2,OFFER008,Produce Reward #8,Produce,Grocery,25% off,100.0,"{'transaction_affinity': 0.256, 'redemption_match': 1.0, 'points_eligibility': 1.0, 'cart_affinity': 0.7, 'demographic_match': 0.5}","{'recency_boost': False, 'tier_multiplier': True}"
CUST0192,4U+,Grocery,3,OFFER016,Bakery Reward #16,Bakery,eCommerce,25Free item,100.0,"{'transaction_affinity': 0.224, 'redemption_match': 0.9, 'points_eligibility': 1.0, 'cart_affinity': 1.0, 'demographic_match': 0.5}","{'recency_boost': False, 'tier_multiplier': True}"
CUST0193,Standard,Grocery,1,OFFER005,Produce Reward #5,Produce,eCommerce,5$ off,74.41,"{'transaction_affinity': 0.397, 'redemption_match': 0.9, 'points_eligibility': 1.0, 'cart_affinity': 1.0, 'demographic_match': 0.5}","{'recency_boost': False, 'tier_multiplier': False}"
CUST0193,Standard,Grocery,2,OFFER010,Produce Reward #10,Produce,eCommerce,50% off,74.41,"{'transaction_affinity': 0.397, 'redemption_match': 0.9, 'points_eligibility': 1.0, 'cart_affinity': 1.0, 'demographic_match': 0.5}","{'recency_boost': False, 'tier_multiplier': False}"
CUST0193,Standard,Grocery,3,OFFER008,Produce Reward #8,Produce,Grocery,25% off,72.41,"{'transaction_affinity': 0.397, 'redemption_match': 1.0, 'points_eligibility': 1.0, 'cart_affinity': 0.7, 'demographic_match': 0.5}","{'recency_boost': False, 'tier_multiplier': False}"
CUST0194,Standard,Fuel,1,OFFER007,Dairy Reward #7,Dairy,Both,15Free item,59.25,"{'transaction_affinity': 0.058, 'redemption_match': 0.7, 'points_eligibility': 1.0, 'cart_affinity': 1.0, 'demographic_match': 0.5}","{'recency_boost': False, 'tier_multiplier': False}"
CUST0194,Standard,Fuel,2,OFFER014,Dairy Reward #14,Dairy,Both,50$ off,59.25,"{'transaction_affinity': 0.058, 'redemption_match': 0.7, 'points_eligibility': 1.0, 'cart_affinity': 1.0, 'demographic_match': 0.5}","{'recency_boost': False, 'tier_multiplier': False}"
CUST0194,Standard,Fuel,3,OFFER004,Beverages Reward #4,Beverages,Both,50% off,59.19,"{'transaction_affinity': 0.056, 'redemption_match': 0.7, 'points_eligibility': 1.0, 'cart_affinity': 1.0, 'demographic_match': 0.5}","{'recency_boost': False, 'tier_multiplier': False}"
CUST0195,Standard,Fuel,1,OFFER012,Produce Reward #12,Produce,Both,15$ off,64.21,"{'transaction_affinity': 0.224, 'redemption_match': 0.7, 'points_eligibility': 1.0, 'cart_affinity': 1.0, 'demographic_match': 0.5}","{'recency_boost': False, 'tier_multiplier': False}"
CUST0195,Standard,Fuel,2,OFFER019,Produce Reward #19,Produce,Both,5% off,64.21,"{'transaction_affinity': 0.224, 'redemption_match': 0.7, 'points_eligibility': 1.0, 'cart_affinity': 1.0, 'demographic_match': 0.5}","{'recency_boost': False, 'tier_multiplier': False}"
CUST0195,Standard,Fuel,3,OFFER007,Dairy Reward #7,Dairy,Both,15Free item,62.13,"{'transaction_affinity': 0.154, 'redemption_match': 0.7, 'points_eligibility': 1.0, 'cart_affinity': 1.0, 'demographic_match': 0.5}","{'recency_boost': False, 'tier_multiplier': False}"
CUST0196,4U+,Grocery,1,OFFER008,Produce Reward #8,Produce,Grocery,25% off,100.0,"{'transaction_affinity': 0.188, 'redemption_match': 1.0, 'points_eligibility': 1.0, 'cart_affinity': 0.76, 'demographic_match': 0.5}","{'recency_boost': False, 'tier_multiplier': True}"
CUST0196,4U+,Grocery,2,OFFER011,Dairy Reward #11,Dairy,Grocery,5Free item,100.0,"{'transaction_affinity': 0.241, 'redemption_match': 1.0, 'points_eligibility': 1.0, 'cart_affinity': 0.76, 'demographic_match': 0.5}","{'recency_boost': False, 'tier_multiplier': True}"
CUST0196,4U+,Grocery,3,OFFER005,Produce Reward #5,Produce,eCommerce,5$ off,97.73,"{'transaction_affinity': 0.188, 'redemption_match': 0.9, 'points_eligibility': 1.0, 'cart_affinity': 0.8, 'demographic_match': 0.5}","{'recency_boost': False, 'tier_multiplier': True}"
CUST0197,Standard,Grocery,1,OFFER020,Beverages Reward #20,Beverages,Grocery,5Free item,75.6,"{'transaction_affinity': 0.443, 'redemption_match': 1.0, 'points_eligibility': 1.0, 'cart_affinity': 0.82, 'demographic_match': 0.5}","{'recency_boost': False, 'tier_multiplier': False}"
CUST0197,Standard,Grocery,2,OFFER002,Beverages Reward #2,Beverages,eCommerce,10% off,69.8,"{'transaction_affinity': 0.443, 'redemption_match': 0.9, 'points_eligibility': 1.0, 'cart_affinity': 0.6, 'demographic_match': 0.5}","{'recency_boost': False, 'tier_multiplier': False}"
CUST0197,Standard,Grocery,3,OFFER009,Bakery Reward #9,Bakery,Grocery,25% off,69.39,"{'transaction_affinity': 0.236, 'redemption_match': 1.0, 'points_eligibility': 1.0, 'cart_affinity': 0.82, 'demographic_match': 0.5}","{'recency_boost': False, 'tier_multiplier': False}"
CUST0198,Standard,Fuel,1,OFFER007,Dairy Reward #7,Dairy,Both,15Free item,68.53,"{'transaction_affinity': 0.268, 'redemption_match': 0.7, 'points_eligibility': 1.0, 'cart_affinity': 1.0, 'demographic_match': 0.8}","{'recency_boost': False, 'tier_multiplier': False}"
CUST0198,Standard,Fuel,2,OFFER014,Dairy Reward #14,Dairy,Both,50$ off,68.53,"{'transaction_affinity': 0.268, 'redemption_match': 0.7, 'points_eligibility': 1.0, 'cart_affinity': 1.0, 'demographic_match': 0.8}","{'recency_boost': False, 'tier_multiplier': False}"
CUST0198,Standard,Fuel,3,OFFER012,Produce Reward #12,Produce,Both,15$ off,62.22,"{'transaction_affinity': 0.057, 'redemption_match': 0.7, 'points_eligibility': 1.0, 'cart_affinity': 1.0, 'demographic_match': 0.8}","{'recency_boost': False, 'tier_multiplier': False}"
CUST0199,4U+,Grocery,1,OFFER008,Produce Reward #8,Produce,Grocery,25% off,100.0,"{'transaction_affinity': 0.117, 'redemption_match': 1.0, 'points_eligibility': 1.0, 'cart_affinity': 0.88, 'demographic_match': 0.5}","{'recency_boost': False, 'tier_multiplier': True}"
CUST0199,4U+,Grocery,2,OFFER011,Dairy Reward #11,Dairy,Grocery,5Free item,100.0,"{'transaction_affinity': 0.23, 'redemption_match': 1.0, 'points_eligibility': 1.0, 'cart_affinity': 0.88, 'demographic_match': 0.5}","{'recency_boost': False, 'tier_multiplier': True}"
CUST0199,4U+,Grocery,3,OFFER016,Bakery Reward #16,Bakery,eCommerce,25Free item,95.17,"{'transaction_affinity': 0.332, 'redemption_match': 0.9, 'points_eligibility': 1.0, 'cart_affinity': 0.4, 'demographic_match': 0.5}","{'recency_boost': False, 'tier_multiplier': True}"
CUST0200,Standard,Grocery,1,OFFER001,Grocery Reward #1,Grocery,eCommerce,10Fuel cents/L,71.87,"{'transaction_affinity': 0.312, 'redemption_match': 0.9, 'points_eligibility': 1.0, 'cart_affinity': 1.0, 'demographic_match': 0.5}","{'recency_boost': False, 'tier_multiplier': False}"
CUST0200,Standard,Grocery,2,OFFER013,Grocery Reward #13,Grocery,eCommerce,10% off,71.87,"{'transaction_affinity': 0.312, 'redemption_match': 0.9, 'points_eligibility': 1.0, 'cart_affinity': 1.0, 'demographic_match': 0.5}","{'recency_boost': False, 'tier_multiplier': False}"
CUST0200,Standard,Grocery,3,OFFER005,Produce Reward #5,Produce,eCommerce,5$ off,71.62,"{'transaction_affinity': 0.304, 'redemption_match': 0.9, 'points_eligibility': 1.0, 'cart_affinity': 1.0, 'demographic_match': 0.5}","{'recency_boost': False, 'tier_multiplier': False}"
CUST0201,Standard,Fuel,1,OFFER004,Beverages Reward #4,Beverages,Both,50% off,57.5,"{'transaction_affinity': 0.0, 'redemption_match': 0.7, 'points_eligibility': 1.0, 'cart_affinity': 1.0, 'demographic_match': 0.5}","{'recency_boost': False, 'tier_multiplier': False}"
CUST0201,Standard,Fuel,2,OFFER006,Beverages Reward #6,Beverages,Both,50Fuel cents/L,57.5,"{'transaction_affinity': 0.0, 'redemption_match': 0.7, 'points_eligibility': 1.0, 'cart_affinity': 1.0, 'demographic_match': 0.5}","{'recency_boost': False, 'tier_multiplier': False}"
CUST0201,Standard,Fuel,3,OFFER007,Dairy Reward #7,Dairy,Both,15Free item,57.5,"{'transaction_affinity': 0.0, 'redemption_match': 0.7, 'points_eligibility': 1.0, 'cart_affinity': 1.0, 'demographic_match': 0.5}","{'recency_boost': False, 'tier_multiplier': False}"
CUST0202,Standard,Fuel,1,OFFER012,Produce Reward #12,Produce,Both,15$ off,63.26,"{'transaction_affinity': 0.192, 'redemption_match': 0.7, 'points_eligibility': 1.0, 'cart_affinity': 1.0, 'demographic_match': 0.5}","{'recency_boost': False, 'tier_multiplier': False}"
CUST0202,Standard,Fuel,2,OFFER019,Produce Reward #19,Produce,Both,5% off,63.26,"{'transaction_affinity': 0.192, 'redemption_match': 0.7, 'points_eligibility': 1.0, 'cart_affinity': 1.0, 'demographic_match': 0.5}","{'recency_boost': False, 'tier_multiplier': False}"
CUST0202,Standard,Fuel,3,OFFER004,Beverages Reward #4,Beverages,Both,50% off,59.27,"{'transaction_affinity': 0.059, 'redemption_match': 0.7, 'points_eligibility': 1.0, 'cart_affinity': 1.0, 'demographic_match': 0.5}","{'recency_boost': False, 'tier_multiplier': False}"
CUST0203,Standard,Grocery,1,OFFER003,Dairy Reward #3,Dairy,Grocery,50$ off,79.58,"{'transaction_affinity': 0.546, 'redemption_match': 1.0, 'points_eligibility': 1.0, 'cart_affinity': 0.88, 'demographic_match': 0.5}","{'recency_boost': False, 'tier_multiplier': False}"
CUST0203,Standard,Grocery,2,OFFER011,Dairy Reward #11,Dairy,Grocery,5Free item,79.58,"{'transaction_affinity': 0.546, 'redemption_match': 1.0, 'points_eligibility': 1.0, 'cart_affinity': 0.88, 'demographic_match': 0.5}","{'recency_boost': False, 'tier_multiplier': False}"
CUST0203,Standard,Grocery,3,OFFER007,Dairy Reward #7,Dairy,Both,15Free item,72.08,"{'transaction_affinity': 0.546, 'redemption_match': 0.7, 'points_eligibility': 1.0, 'cart_affinity': 0.88, 'demographic_match': 0.5}","{'recency_boost': False, 'tier_multiplier': False}"
CUST0204,4U+,Grocery,1,OFFER005,Produce Reward #5,Produce,eCommerce,5$ off,100.0,"{'transaction_affinity': 0.207, 'redemption_match': 0.9, 'points_eligibility': 1.0, 'cart_affinity': 1.0, 'demographic_match': 0.5}","{'recency_boost': False, 'tier_multiplier': True}"
CUST0204,4U+,Grocery,2,OFFER008,Produce Reward #8,Produce,Grocery,25% off,100.0,"{'transaction_affinity': 0.207, 'redemption_match': 1.0, 'points_eligibility': 1.0, 'cart_affinity': 0.7, 'demographic_match': 0.5}","{'recency_boost': False, 'tier_multiplier': True}"
CUST0204,4U+,Grocery,3,OFFER011,Dairy Reward #11,Dairy,Grocery,5Free item,100.0,"{'transaction_affinity': 0.368, 'redemption_match': 1.0, 'points_eligibility': 1.0, 'cart_affinity': 0.7, 'demographic_match': 0.5}","{'recency_boost': False, 'tier_multiplier': True}"
CUST0205,Standard,Fuel,1,OFFER012,Produce Reward #12,Produce,Both,15$ off,64.13,"{'transaction_affinity': 0.121, 'redemption_match': 0.7, 'points_eligibility': 1.0, 'cart_affinity': 1.0, 'demographic_match': 0.8}","{'recency_boost': False, 'tier_multiplier': False}"
CUST0205,Standard,Fuel,2,OFFER019,Produce Reward #19,Produce,Both,5% off,64.13,"{'transaction_affinity': 0.121, 'redemption_match': 0.7, 'points_eligibility': 1.0, 'cart_affinity': 1.0, 'demographic_match': 0.8}","{'recency_boost': False, 'tier_multiplier': False}"
CUST0205,Standard,Fuel,3,OFFER004,Beverages Reward #4,Beverages,Both,50% off,61.01,"{'transaction_affinity': 0.117, 'redemption_match': 0.7, 'points_eligibility': 1.0, 'cart_affinity': 1.0, 'demographic_match': 0.5}","{'recency_boost': False, 'tier_multiplier': False}"
CUST0206,4U+,Fuel,1,OFFER011,Dairy Reward #11,Dairy,Grocery,5Free item,75.35,"{'transaction_affinity': 0.158, 'redemption_match': 0.1, 'points_eligibility': 1.0, 'cart_affinity': 1.0, 'demographic_match': 0.8}","{'recency_boost': False, 'tier_multiplier': True}"
CUST0206,4U+,Fuel,2,OFFER016,Bakery Reward #16,Bakery,eCommerce,25Free item,71.33,"{'transaction_affinity': 0.252, 'redemption_match': 0.6, 'points_eligibility': 1.0, 'cart_affinity': 0.0, 'demographic_match': 0.5}","{'recency_boost': False, 'tier_multiplier': True}"
CUST0206,4U+,Fuel,3,OFFER008,Produce Reward #8,Produce,Grocery,25% off,68.25,"{'transaction_affinity': 0.0, 'redemption_match': 0.1, 'points_eligibility': 1.0, 'cart_affinity': 1.0, 'demographic_match': 0.8}","{'recency_boost': False, 'tier_multiplier': True}"
CUST0207,Standard,Fuel,1,OFFER012,Produce Reward #12,Produce,Both,15$ off,61.63,"{'transaction_affinity': 0.038, 'redemption_match': 0.7, 'points_eligibility': 1.0, 'cart_affinity': 1.0, 'demographic_match': 0.8}","{'recency_boost': False, 'tier_multiplier': False}"
CUST0207,Standard,Fuel,2,OFFER019,Produce Reward #19,Produce,Both,5% off,61.63,"{'transaction_affinity': 0.038, 'redemption_match': 0.7, 'points_eligibility': 1.0, 'cart_affinity': 1.0, 'demographic_match': 0.8}","{'recency_boost': False, 'tier_multiplier': False}"
CUST0207,Standard,Fuel,3,OFFER004,Beverages Reward #4,Beverages,Both,50% off,60.67,"{'transaction_affinity': 0.106, 'redemption_match': 0.7, 'points_eligibility': 1.0, 'cart_affinity': 1.0, 'demographic_match': 0.5}","{'recency_boost': False, 'tier_multiplier': False}"
CUST0208,Standard,Fuel,1,OFFER007,Dairy Reward #7,Dairy,Both,15Free item,60.26,"{'transaction_affinity': 0.092, 'redemption_match': 0.7, 'points_eligibility': 1.0, 'cart_affinity': 1.0, 'demographic_match': 0.5}","{'recency_boost': False, 'tier_multiplier': False}"
CUST0208,Standard,Fuel,2,OFFER014,Dairy Reward #14,Dairy,Both,50$ off,60.26,"{'transaction_affinity': 0.092, 'redemption_match': 0.7, 'points_eligibility': 1.0, 'cart_affinity': 1.0, 'demographic_match': 0.5}","{'recency_boost': False, 'tier_multiplier': False}"
CUST0208,Standard,Fuel,3,OFFER012,Produce Reward #12,Produce,Both,15$ off,59.61,"{'transaction_affinity': 0.07, 'redemption_match': 0.7, 'points_eligibility': 1.0, 'cart_affinity': 1.0, 'demographic_match': 0.5}","{'recency_boost': False, 'tier_multiplier': False}"
CUST0209,Standard,Grocery,1,OFFER003,Dairy Reward #3,Dairy,Grocery,50$ off,75.43,"{'transaction_affinity': 0.308, 'redemption_match': 1.0, 'points_eligibility': 1.0, 'cart_affinity': 0.88, 'demographic_match': 0.8}","{'recency_boost': False, 'tier_multiplier': False}"
CUST0209,Standard,Grocery,2,OFFER011,Dairy Reward #11,Dairy,Grocery,5Free item,75.43,"{'transaction_affinity': 0.308, 'redemption_match': 1.0, 'points_eligibility': 1.0, 'cart_affinity': 0.88, 'demographic_match': 0.8}","{'recency_boost': False, 'tier_multiplier': False}"
CUST0209,Standard,Grocery,3,OFFER008,Produce Reward #8,Produce,Grocery,25% off,71.55,"{'transaction_affinity': 0.178, 'redemption_match': 1.0, 'points_eligibility': 1.0, 'cart_affinity': 0.88, 'demographic_match': 0.8}","{'recency_boost': False, 'tier_multiplier': False}"
CUST0210,4U+,Fuel,1,OFFER016,Bakery Reward #16,Bakery,eCommerce,25Free item,68.04,"{'transaction_affinity': 0.179, 'redemption_match': 0.6, 'points_eligibility': 1.0, 'cart_affinity': 0.0, 'demographic_match': 0.5}","{'recency_boost': False, 'tier_multiplier': True}"
CUST0210,4U+,Fuel,2,OFFER008,Produce Reward #8,Produce,Grocery,25% off,67.88,"{'transaction_affinity': 0.092, 'redemption_match': 0.1, 'points_eligibility': 1.0, 'cart_affinity': 1.0, 'demographic_match': 0.5}","{'recency_boost': False, 'tier_multiplier': True}"
CUST0210,4U+,Fuel,3,OFFER011,Dairy Reward #11,Dairy,Grocery,5Free item,67.21,"{'transaction_affinity': 0.077, 'redemption_match': 0.1, 'points_eligibility': 1.0, 'cart_affinity': 1.0, 'demographic_match': 0.5}","{'recency_boost': False, 'tier_multiplier': True}"
CUST0211,Standard,Grocery,1,OFFER009,Bakery Reward #9,Bakery,Grocery,25% off,69.45,"{'transaction_affinity': 0.268, 'redemption_match': 1.0, 'points_eligibility': 1.0, 'cart_affinity': 0.76, 'demographic_match': 0.5}","{'recency_boost': False, 'tier_multiplier': False}"
CUST0211,Standard,Grocery,2,OFFER008,Produce Reward #8,Produce,Grocery,25% off,68.78,"{'transaction_affinity': 0.246, 'redemption_match': 1.0, 'points_eligibility': 1.0, 'cart_affinity': 0.76, 'demographic_match': 0.5}","{'recency_boost': False, 'tier_multiplier': False}"
CUST0211,Standard,Grocery,3,OFFER016,Bakery Reward #16,Bakery,eCommerce,25Free item,67.55,"{'transaction_affinity': 0.268, 'redemption_match': 0.9, 'points_eligibility': 1.0, 'cart_affinity': 0.8, 'demographic_match': 0.5}","{'recency_boost': False, 'tier_multiplier': False}"
CUST0212,Standard,Fuel,1,OFFER004,Beverages Reward #4,Beverages,Both,50% off,60.65,"{'transaction_affinity': 0.105, 'redemption_match': 0.7, 'points_eligibility': 1.0, 'cart_affinity': 1.0, 'demographic_match': 0.5}","{'recency_boost': False, 'tier_multiplier': False}"
CUST0212,Standard,Fuel,2,OFFER006,Beverages Reward #6,Beverages,Both,50Fuel cents/L,60.65,"{'transaction_affinity': 0.105, 'redemption_match': 0.7, 'points_eligibility': 1.0, 'cart_affinity': 1.0, 'demographic_match': 0.5}","{'recency_boost': False, 'tier_multiplier': False}"
CUST0212,Standard,Fuel,3,OFFER018,Beverages Reward #18,Beverages,Both,50$ off,60.65,"{'transaction_affinity': 0.105, 'redemption_match': 0.7, 'points_eligibility': 1.0, 'cart_affinity': 1.0, 'demographic_match': 0.5}","{'recency_boost': False, 'tier_multiplier': False}"
CUST0213,Standard,Grocery,1,OFFER009,Bakery Reward #9,Bakery,Grocery,25% off,75.37,"{'transaction_affinity': 0.376, 'redemption_match': 1.0, 'points_eligibility': 1.0, 'cart_affinity': 0.94, 'demographic_match': 0.5}","{'recency_boost': False, 'tier_multiplier': False}"
CUST0213,Standard,Grocery,2,OFFER003,Dairy Reward #3,Dairy,Grocery,50$ off,70.03,"{'transaction_affinity': 0.098, 'redemption_match': 1.0, 'points_eligibility': 1.0, 'cart_affinity': 0.94, 'demographic_match': 0.8}","{'recency_boost': False, 'tier_multiplier': False}"
CUST0213,Standard,Grocery,3,OFFER011,Dairy Reward #11,Dairy,Grocery,5Free item,70.03,"{'transaction_affinity': 0.098, 'redemption_match': 1.0, 'points_eligibility': 1.0, 'cart_affinity': 0.94, 'demographic_match': 0.8}","{'recency_boost': False, 'tier_multiplier': False}"
CUST0214,4U+,Fuel,1,OFFER008,Produce Reward #8,Produce,Grocery,25% off,72.18,"{'transaction_affinity': 0.087, 'redemption_match': 0.1, 'points_eligibility': 1.0, 'cart_affinity': 1.0, 'demographic_match': 0.8}","{'recency_boost': False, 'tier_multiplier': True}"
CUST0214,4U+,Fuel,2,OFFER011,Dairy Reward #11,Dairy,Grocery,5Free item,72.02,"{'transaction_affinity': 0.084, 'redemption_match': 0.1, 'points_eligibility': 1.0, 'cart_affinity': 1.0, 'demographic_match': 0.8}","{'recency_boost': False, 'tier_multiplier': True}"
CUST0214,4U+,Fuel,3,OFFER015,Snacks Reward #15,Snacks,Grocery,20Fuel cents/L,70.02,"{'transaction_affinity': 0.139, 'redemption_match': 0.1, 'points_eligibility': 1.0, 'cart_affinity': 1.0, 'demographic_match': 0.5}","{'recency_boost': False, 'tier_multiplier': True}"
CUST0215,4U+,Grocery,1,OFFER008,Produce Reward #8,Produce,Grocery,25% off,100.0,"{'transaction_affinity': 0.419, 'redemption_match': 1.0, 'points_eligibility': 1.0, 'cart_affinity': 1.0, 'demographic_match': 0.5}","{'recency_boost': False, 'tier_multiplier': True}"
CUST0215,4U+,Grocery,2,OFFER020,Beverages Reward #20,Beverages,Grocery,5Free item,100.0,"{'transaction_affinity': 0.107, 'redemption_match': 1.0, 'points_eligibility': 1.0, 'cart_affinity': 1.0, 'demographic_match': 0.5}","{'recency_boost': False, 'tier_multiplier': True}"
CUST0215,4U+,Grocery,3,OFFER011,Dairy Reward #11,Dairy,Grocery,5Free item,97.5,"{'transaction_affinity': 0.0, 'redemption_match': 1.0, 'points_eligibility': 1.0, 'cart_affinity': 1.0, 'demographic_match': 0.5}","{'recency_boost': False, 'tier_multiplier': True}"
CUST0216,Standard,Grocery,1,OFFER005,Produce Reward #5,Produce,eCommerce,5$ off,69.42,"{'transaction_affinity': 0.231, 'redemption_match': 0.9, 'points_eligibility': 1.0, 'cart_affinity': 1.0, 'demographic_match': 0.5}","{'recency_boost': False, 'tier_multiplier': False}"
CUST0216,Standard,Grocery,2,OFFER010,Produce Reward #10,Produce,eCommerce,50% off,69.42,"{'transaction_affinity': 0.231, 'redemption_match': 0.9, 'points_eligibility': 1.0, 'cart_affinity': 1.0, 'demographic_match': 0.5}","{'recency_boost': False, 'tier_multiplier': False}"
CUST0216,Standard,Grocery,3,OFFER016,Bakery Reward #16,Bakery,eCommerce,25Free item,69.26,"{'transaction_affinity': 0.225, 'redemption_match': 0.9, 'points_eligibility': 1.0, 'cart_affinity': 1.0, 'demographic_match': 0.5}","{'recency_boost': False, 'tier_multiplier': False}"
CUST0217,Standard,Grocery,1,OFFER009,Bakery Reward #9,Bakery,Grocery,25% off,75.89,"{'transaction_affinity': 0.423, 'redemption_match': 1.0, 'points_eligibility': 1.0, 'cart_affinity': 0.88, 'demographic_match': 0.5}","{'recency_boost': False, 'tier_multiplier': False}"
CUST0217,Standard,Grocery,2,OFFER008,Produce Reward #8,Produce,Grocery,25% off,71.77,"{'transaction_affinity': 0.286, 'redemption_match': 1.0, 'points_eligibility': 1.0, 'cart_affinity': 0.88, 'demographic_match': 0.5}","{'recency_boost': False, 'tier_multiplier': False}"
CUST0217,Standard,Grocery,3,OFFER016,Bakery Reward #16,Bakery,eCommerce,25Free item,66.19,"{'transaction_affinity': 0.423, 'redemption_match': 0.9, 'points_eligibility': 1.0, 'cart_affinity': 0.4, 'demographic_match': 0.5}","{'recency_boost': False, 'tier_multiplier': False}"
CUST0218,Standard,Grocery,1,OFFER003,Dairy Reward #3,Dairy,Grocery,50$ off,75.61,"{'transaction_affinity': 0.254, 'redemption_match': 1.0, 'points_eligibility': 1.0, 'cart_affinity': 1.0, 'demographic_match': 0.8}","{'recency_boost': False, 'tier_multiplier': False}"
CUST0218,Standard,Grocery,2,OFFER011,Dairy Reward #11,Dairy,Grocery,5Free item,75.61,"{'transaction_affinity': 0.254, 'redemption_match': 1.0, 'points_eligibility': 1.0, 'cart_affinity': 1.0, 'demographic_match': 0.8}","{'recency_boost': False, 'tier_multiplier': False}"
CUST0218,Standard,Grocery,3,OFFER001,Grocery Reward #1,Grocery,eCommerce,10Fuel cents/L,71.04,"{'transaction_affinity': 0.685, 'redemption_match': 0.9, 'points_eligibility': 1.0, 'cart_affinity': 0.0, 'demographic_match': 0.8}","{'recency_boost': False, 'tier_multiplier': False}"
CUST0219,4U+,Grocery,1,OFFER011,Dairy Reward #11,Dairy,Grocery,5Free item,100.0,"{'transaction_affinity': 0.145, 'redemption_match': 1.0, 'points_eligibility': 1.0, 'cart_affinity': 1.0, 'demographic_match': 0.5}","{'recency_boost': False, 'tier_multiplier': True}"
CUST0219,4U+,Grocery,2,OFFER020,Beverages Reward #20,Beverages,Grocery,5Free item,100.0,"{'transaction_affinity': 0.056, 'redemption_match': 1.0, 'points_eligibility': 1.0, 'cart_affinity': 1.0, 'demographic_match': 0.5}","{'recency_boost': False, 'tier_multiplier': True}"
CUST0219,4U+,Grocery,3,OFFER005,Produce Reward #5,Produce,eCommerce,5$ off,79.01,"{'transaction_affinity': 0.173, 'redemption_match': 0.9, 'points_eligibility': 1.0, 'cart_affinity': 0.0, 'demographic_match': 0.5}","{'recency_boost': False, 'tier_multiplier': True}"
CUST0220,Standard,Fuel,1,OFFER012,Produce Reward #12,Produce,Both,15$ off,60.28,"{'transaction_affinity': 0.093, 'redemption_match': 0.7, 'points_eligibility': 1.0, 'cart_affinity': 1.0, 'demographic_match': 0.5}","{'recency_boost': False, 'tier_multiplier': False}"
CUST0220,Standard,Fuel,2,OFFER019,Produce Reward #19,Produce,Both,5% off,60.28,"{'transaction_affinity': 0.093, 'redemption_match': 0.7, 'points_eligibility': 1.0, 'cart_affinity': 1.0, 'demographic_match': 0.5}","{'recency_boost': False, 'tier_multiplier': False}"
CUST0220,Standard,Fuel,3,OFFER004,Beverages Reward #4,Beverages,Both,50% off,57.5,"{'transaction_affinity': 0.0, 'redemption_match': 0.7, 'points_eligibility': 1.0, 'cart_affinity': 1.0, 'demographic_match': 0.5}","{'recency_boost': False, 'tier_multiplier': False}"
CUST0221,4U+,Fuel,1,OFFER011,Dairy Reward #11,Dairy,Grocery,5Free item,71.41,"{'transaction_affinity': 0.07, 'redemption_match': 0.1, 'points_eligibility': 1.0, 'cart_affinity': 1.0, 'demographic_match': 0.8}","{'recency_boost': False, 'tier_multiplier': True}"
CUST0221,4U+,Fuel,2,OFFER020,Beverages Reward #20,Beverages,Grocery,5Free item,66.24,"{'transaction_affinity': 0.055, 'redemption_match': 0.1, 'points_eligibility': 1.0, 'cart_affinity': 1.0, 'demographic_match': 0.5}","{'recency_boost': False, 'tier_multiplier': True}"
CUST0221,4U+,Fuel,3,OFFER005,Produce Reward #5,Produce,eCommerce,5$ off,64.5,"{'transaction_affinity': 0.0, 'redemption_match': 0.6, 'points_eligibility': 1.0, 'cart_affinity': 0.0, 'demographic_match': 0.8}","{'recency_boost': False, 'tier_multiplier': True}"
CUST0222,Standard,Grocery,1,OFFER005,Produce Reward #5,Produce,eCommerce,5$ off,84.96,"{'transaction_affinity': 0.277, 'redemption_match': 0.9, 'points_eligibility': 1.0, 'cart_affinity': 1.0, 'demographic_match': 0.5}","{'recency_boost': True, 'tier_multiplier': False}"
CUST0222,Standard,Grocery,2,OFFER010,Produce Reward #10,Produce,eCommerce,50% off,84.96,"{'transaction_affinity': 0.277, 'redemption_match': 0.9, 'points_eligibility': 1.0, 'cart_affinity': 1.0, 'demographic_match': 0.5}","{'recency_boost': True, 'tier_multiplier': False}"
CUST0222,Standard,Grocery,3,OFFER003,Dairy Reward #3,Dairy,Grocery,50$ off,82.68,"{'transaction_affinity': 0.28, 'redemption_match': 1.0, 'points_eligibility': 1.0, 'cart_affinity': 0.7, 'demographic_match': 0.5}","{'recency_boost': True, 'tier_multiplier': False}"
CUST0223,Standard,Fuel,1,OFFER007,Dairy Reward #7,Dairy,Both,15Free item,61.87,"{'transaction_affinity': 0.146, 'redemption_match': 0.7, 'points_eligibility': 1.0, 'cart_affinity': 1.0, 'demographic_match': 0.5}","{'recency_boost': False, 'tier_multiplier': False}"
CUST0223,Standard,Fuel,2,OFFER014,Dairy Reward #14,Dairy,Both,50$ off,61.87,"{'transaction_affinity': 0.146, 'redemption_match': 0.7, 'points_eligibility': 1.0, 'cart_affinity': 1.0, 'demographic_match': 0.5}","{'recency_boost': False, 'tier_multiplier': False}"
CUST0223,Standard,Fuel,3,OFFER004,Beverages Reward #4,Beverages,Both,50% off,60.93,"{'transaction_affinity': 0.114, 'redemption_match': 0.7, 'points_eligibility': 1.0, 'cart_affinity': 1.0, 'demographic_match': 0.5}","{'recency_boost': False, 'tier_multiplier': False}"
CUST0224,Standard,Fuel,1,OFFER012,Produce Reward #12,Produce,Both,15$ off,60.34,"{'transaction_affinity': 0.095, 'redemption_match': 0.7, 'points_eligibility': 1.0, 'cart_affinity': 1.0, 'demographic_match': 0.5}","{'recency_boost': False, 'tier_multiplier': False}"
CUST0224,Standard,Fuel,2,OFFER006,Beverages Reward #6,Beverages,Both,50Fuel cents/L,59.47,"{'transaction_affinity': 0.066, 'redemption_match': 0.7, 'points_eligibility': 1.0, 'cart_affinity': 1.0, 'demographic_match': 0.5}","{'recency_boost': False, 'tier_multiplier': False}"
CUST0224,Standard,Fuel,3,OFFER014,Dairy Reward #14,Dairy,Both,50$ off,57.5,"{'transaction_affinity': 0.0, 'redemption_match': 0.7, 'points_eligibility': 1.0, 'cart_affinity': 1.0, 'demographic_match': 0.5}","{'recency_boost': False, 'tier_multiplier': False}"
CUST0225,4U+,Grocery,1,OFFER008,Produce Reward #8,Produce,Grocery,25% off,100.0,"{'transaction_affinity': 0.262, 'redemption_match': 1.0, 'points_eligibility': 1.0, 'cart_affinity': 0.82, 'demographic_match': 0.5}","{'recency_boost': False, 'tier_multiplier': True}"
CUST0225,4U+,Grocery,2,OFFER020,Beverages Reward #20,Beverages,Grocery,5Free item,100.0,"{'transaction_affinity': 0.15, 'redemption_match': 1.0, 'points_eligibility': 1.0, 'cart_affinity': 0.82, 'demographic_match': 0.5}","{'recency_boost': False, 'tier_multiplier': True}"
CUST0225,4U+,Grocery,3,OFFER011,Dairy Reward #11,Dairy,Grocery,5Free item,98.62,"{'transaction_affinity': 0.115, 'redemption_match': 1.0, 'points_eligibility': 1.0, 'cart_affinity': 0.82, 'demographic_match': 0.5}","{'recency_boost': False, 'tier_multiplier': True}"
CUST0226,Standard,Fuel,1,OFFER012,Produce Reward #12,Produce,Both,15$ off,63.35,"{'transaction_affinity': 0.195, 'redemption_match': 0.7, 'points_eligibility': 1.0, 'cart_affinity': 1.0, 'demographic_match': 0.5}","{'recency_boost': False, 'tier_multiplier': False}"
CUST0226,Standard,Fuel,2,OFFER014,Dairy Reward #14,Dairy,Both,50$ off,61.18,"{'transaction_affinity': 0.123, 'redemption_match': 0.7, 'points_eligibility': 1.0, 'cart_affinity': 1.0, 'demographic_match': 0.5}","{'recency_boost': False, 'tier_multiplier': False}"
CUST0226,Standard,Fuel,3,OFFER006,Beverages Reward #6,Beverages,Both,50Fuel cents/L,57.5,"{'transaction_affinity': 0.0, 'redemption_match': 0.7, 'points_eligibility': 1.0, 'cart_affinity': 1.0, 'demographic_match': 0.5}","{'recency_boost': False, 'tier_multiplier': False}"
CUST0227,4U+,Grocery,1,OFFER008,Produce Reward #8,Produce,Grocery,25% off,100.0,"{'transaction_affinity': 0.14, 'redemption_match': 1.0, 'points_eligibility': 1.0, 'cart_affinity': 1.0, 'demographic_match': 0.8}","{'recency_boost': True, 'tier_multiplier': True}"
CUST0227,4U+,Grocery,2,OFFER011,Dairy Reward #11,Dairy,Grocery,5Free item,100.0,"{'transaction_affinity': 0.132, 'redemption_match': 1.0, 'points_eligibility': 1.0, 'cart_affinity': 1.0, 'demographic_match': 0.8}","{'recency_boost': True, 'tier_multiplier': True}"
CUST0227,4U+,Grocery,3,OFFER015,Snacks Reward #15,Snacks,Grocery,20Fuel cents/L,100.0,"{'transaction_affinity': 0.041, 'redemption_match': 1.0, 'points_eligibility': 1.0, 'cart_affinity': 1.0, 'demographic_match': 0.5}","{'recency_boost': True, 'tier_multiplier': True}"
CUST0228,Standard,Grocery,1,OFFER008,Produce Reward #8,Produce,Grocery,25% off,72.47,"{'transaction_affinity': 0.339, 'redemption_match': 1.0, 'points_eligibility': 1.0, 'cart_affinity': 0.82, 'demographic_match': 0.5}","{'recency_boost': False, 'tier_multiplier': False}"
CUST0228,Standard,Grocery,2,OFFER009,Bakery Reward #9,Bakery,Grocery,25% off,69.89,"{'transaction_affinity': 0.253, 'redemption_match': 1.0, 'points_eligibility': 1.0, 'cart_affinity': 0.82, 'demographic_match': 0.5}","{'recency_boost': False, 'tier_multiplier': False}"
CUST0228,Standard,Grocery,3,OFFER003,Dairy Reward #3,Dairy,Grocery,50$ off,66.82,"{'transaction_affinity': 0.151, 'redemption_match': 1.0, 'points_eligibility': 1.0, 'cart_affinity': 0.82, 'demographic_match': 0.5}","{'recency_boost': False, 'tier_multiplier': False}"
CUST0229,4U+,Grocery,1,OFFER016,Bakery Reward #16,Bakery,eCommerce,25Free item,100.0,"{'transaction_affinity': 0.286, 'redemption_match': 0.9, 'points_eligibility': 1.0, 'cart_affinity': 0.8, 'demographic_match': 0.5}","{'recency_boost': False, 'tier_multiplier': True}"
CUST0229,4U+,Grocery,2,OFFER020,Beverages Reward #20,Beverages,Grocery,5Free item,100.0,"{'transaction_affinity': 0.184, 'redemption_match': 1.0, 'points_eligibility': 1.0, 'cart_affinity': 0.76, 'demographic_match': 0.5}","{'recency_boost': False, 'tier_multiplier': True}"
CUST0229,4U+,Grocery,3,OFFER008,Produce Reward #8,Produce,Grocery,25% off,99.12,"{'transaction_affinity': 0.156, 'redemption_match': 1.0, 'points_eligibility': 1.0, 'cart_affinity': 0.76, 'demographic_match': 0.5}","{'recency_boost': False, 'tier_multiplier': True}"
CUST0230,Standard,Grocery,1,OFFER003,Dairy Reward #3,Dairy,Grocery,50$ off,70.22,"{'transaction_affinity': 0.234, 'redemption_match': 1.0, 'points_eligibility': 1.0, 'cart_affinity': 0.88, 'demographic_match': 0.5}","{'recency_boost': False, 'tier_multiplier': False}"
CUST0230,Standard,Grocery,2,OFFER011,Dairy Reward #11,Dairy,Grocery,5Free item,70.22,"{'transaction_affinity': 0.234, 'redemption_match': 1.0, 'points_eligibility': 1.0, 'cart_affinity': 0.88, 'demographic_match': 0.5}","{'recency_boost': False, 'tier_multiplier': False}"
CUST0230,Standard,Grocery,3,OFFER009,Bakery Reward #9,Bakery,Grocery,25% off,69.96,"{'transaction_affinity': 0.225, 'redemption_match': 1.0, 'points_eligibility': 1.0, 'cart_affinity': 0.88, 'demographic_match': 0.5}","{'recency_boost': False, 'tier_multiplier': False}"
CUST0231,Standard,Fuel,1,OFFER012,Produce Reward #12,Produce,Both,15$ off,66.98,"{'transaction_affinity': 0.216, 'redemption_match': 0.7, 'points_eligibility': 1.0, 'cart_affinity': 1.0, 'demographic_match': 0.8}","{'recency_boost': False, 'tier_multiplier': False}"
CUST0231,Standard,Fuel,2,OFFER019,Produce Reward #19,Produce,Both,5% off,66.98,"{'transaction_affinity': 0.216, 'redemption_match': 0.7, 'points_eligibility': 1.0, 'cart_affinity': 1.0, 'demographic_match': 0.8}","{'recency_boost': False, 'tier_multiplier': False}"
CUST0231,Standard,Fuel,3,OFFER007,Dairy Reward #7,Dairy,Both,15Free item,63.23,"{'transaction_affinity': 0.091, 'redemption_match': 0.7, 'points_eligibility': 1.0, 'cart_affinity': 1.0, 'demographic_match': 0.8}","{'recency_boost': False, 'tier_multiplier': False}"
CUST0232,4U+,Fuel,1,OFFER011,Dairy Reward #11,Dairy,Grocery,5Free item,69.18,"{'transaction_affinity': 0.121, 'redemption_match': 0.1, 'points_eligibility': 1.0, 'cart_affinity': 1.0, 'demographic_match': 0.5}","{'recency_boost': False, 'tier_multiplier': True}"
CUST0232,4U+,Fuel,2,OFFER020,Beverages Reward #20,Beverages,Grocery,5Free item,68.89,"{'transaction_affinity': 0.114, 'redemption_match': 0.1, 'points_eligibility': 1.0, 'cart_affinity': 1.0, 'demographic_match': 0.5}","{'recency_boost': False, 'tier_multiplier': True}"
CUST0232,4U+,Fuel,3,OFFER015,Snacks Reward #15,Snacks,Grocery,20Fuel cents/L,64.82,"{'transaction_affinity': 0.024, 'redemption_match': 0.1, 'points_eligibility': 1.0, 'cart_affinity': 1.0, 'demographic_match': 0.5}","{'recency_boost': False, 'tier_multiplier': True}"
CUST0233,Standard,Grocery,1,OFFER016,Bakery Reward #16,Bakery,eCommerce,25Free item,69.26,"{'transaction_affinity': 0.225, 'redemption_match': 0.9, 'points_eligibility': 1.0, 'cart_affinity': 1.0, 'demographic_match': 0.5}","{'recency_boost': False, 'tier_multiplier': False}"
CUST0233,Standard,Grocery,2,OFFER002,Beverages Reward #2,Beverages,eCommerce,10% off,68.0,"{'transaction_affinity': 0.183, 'redemption_match': 0.9, 'points_eligibility': 1.0, 'cart_affinity': 1.0, 'demographic_match': 0.5}","{'recency_boost': False, 'tier_multiplier': False}"
CUST0233,Standard,Grocery,3,OFFER009,Bakery Reward #9,Bakery,Grocery,25% off,67.26,"{'transaction_affinity': 0.225, 'redemption_match': 1.0, 'points_eligibility': 1.0, 'cart_affinity': 0.7, 'demographic_match': 0.5}","{'recency_boost': False, 'tier_multiplier': False}"
CUST0234,Standard,Fuel,1,OFFER014,Dairy Reward #14,Dairy,Both,50$ off,62.24,"{'transaction_affinity': 0.158, 'redemption_match': 0.7, 'points_eligibility': 1.0, 'cart_affinity': 1.0, 'demographic_match': 0.5}","{'recency_boost': False, 'tier_multiplier': False}"
CUST0234,Standard,Fuel,2,OFFER012,Produce Reward #12,Produce,Both,15$ off,59.39,"{'transaction_affinity': 0.063, 'redemption_match': 0.7, 'points_eligibility': 1.0, 'cart_affinity': 1.0, 'demographic_match': 0.5}","{'recency_boost': False, 'tier_multiplier': False}"
CUST0234,Standard,Fuel,3,OFFER006,Beverages Reward #6,Beverages,Both,50Fuel cents/L,59.12,"{'transaction_affinity': 0.054, 'redemption_match': 0.7, 'points_eligibility': 1.0, 'cart_affinity': 1.0, 'demographic_match': 0.5}","{'recency_boost': False, 'tier_multiplier': False}"
CUST0235,Standard,Fuel,1,OFFER007,Dairy Reward #7,Dairy,Both,15Free item,61.66,"{'transaction_affinity': 0.039, 'redemption_match': 0.7, 'points_eligibility': 1.0, 'cart_affinity': 1.0, 'demographic_match': 0.8}","{'recency_boost': False, 'tier_multiplier': False}"
CUST0235,Standard,Fuel,2,OFFER014,Dairy Reward #14,Dairy,Both,50$ off,61.66,"{'transaction_affinity': 0.039, 'redemption_match': 0.7, 'points_eligibility': 1.0, 'cart_affinity': 1.0, 'demographic_match': 0.8}","{'recency_boost': False, 'tier_multiplier': False}"
CUST0235,Standard,Fuel,3,OFFER012,Produce Reward #12,Produce,Both,15$ off,61.02,"{'transaction_affinity': 0.017, 'redemption_match': 0.7, 'points_eligibility': 1.0, 'cart_affinity': 1.0, 'demographic_match': 0.8}","{'recency_boost': False, 'tier_multiplier': False}"
CUST0236,Standard,Fuel,1,OFFER012,Produce Reward #12,Produce,Both,15$ off,63.44,"{'transaction_affinity': 0.098, 'redemption_match': 0.7, 'points_eligibility': 1.0, 'cart_affinity': 1.0, 'demographic_match': 0.8}","{'recency_boost': False, 'tier_multiplier': False}"
CUST0236,Standard,Fuel,2,OFFER019,Produce Reward #19,Produce,Both,5% off,63.44,"{'transaction_affinity': 0.098, 'redemption_match': 0.7, 'points_eligibility': 1.0, 'cart_affinity': 1.0, 'demographic_match': 0.8}","{'recency_boost': False, 'tier_multiplier': False}"
CUST0236,Standard,Fuel,3,OFFER007,Dairy Reward #7,Dairy,Both,15Free item,62.67,"{'transaction_affinity': 0.072, 'redemption_match': 0.7, 'points_eligibility': 1.0, 'cart_affinity': 1.0, 'demographic_match': 0.8}","{'recency_boost': False, 'tier_multiplier': False}"
CUST0237,Standard,Grocery,1,OFFER003,Dairy Reward #3,Dairy,Grocery,50$ off,84.65,"{'transaction_affinity': 0.555, 'redemption_match': 1.0, 'points_eligibility': 1.0, 'cart_affinity': 1.0, 'demographic_match': 0.8}","{'recency_boost': False, 'tier_multiplier': False}"
CUST0237,Standard,Grocery,2,OFFER011,Dairy Reward #11,Dairy,Grocery,5Free item,84.65,"{'transaction_affinity': 0.555, 'redemption_match': 1.0, 'points_eligibility': 1.0, 'cart_affinity': 1.0, 'demographic_match': 0.8}","{'recency_boost': False, 'tier_multiplier': False}"
CUST0237,Standard,Grocery,3,OFFER007,Dairy Reward #7,Dairy,Both,15Free item,77.15,"{'transaction_affinity': 0.555, 'redemption_match': 0.7, 'points_eligibility': 1.0, 'cart_affinity': 1.0, 'demographic_match': 0.8}","{'recency_boost': False, 'tier_multiplier': False}"
CUST0238,Standard,Grocery,1,OFFER003,Dairy Reward #3,Dairy,Grocery,50$ off,74.21,"{'transaction_affinity': 0.367, 'redemption_match': 1.0, 'points_eligibility': 1.0, 'cart_affinity': 0.88, 'demographic_match': 0.5}","{'recency_boost': False, 'tier_multiplier': False}"
CUST0238,Standard,Grocery,2,OFFER011,Dairy Reward #11,Dairy,Grocery,5Free item,74.21,"{'transaction_affinity': 0.367, 'redemption_match': 1.0, 'points_eligibility': 1.0, 'cart_affinity': 0.88, 'demographic_match': 0.5}","{'recency_boost': False, 'tier_multiplier': False}"
CUST0238,Standard,Grocery,3,OFFER008,Produce Reward #8,Produce,Grocery,25% off,70.48,"{'transaction_affinity': 0.243, 'redemption_match': 1.0, 'points_eligibility': 1.0, 'cart_affinity': 0.88, 'demographic_match': 0.5}","{'recency_boost': False, 'tier_multiplier': False}"
CUST0239,4U+,Fuel,1,OFFER008,Produce Reward #8,Produce,Grocery,25% off,71.69,"{'transaction_affinity': 0.177, 'redemption_match': 0.1, 'points_eligibility': 1.0, 'cart_affinity': 1.0, 'demographic_match': 0.5}","{'recency_boost': False, 'tier_multiplier': True}"
CUST0239,4U+,Fuel,2,OFFER011,Dairy Reward #11,Dairy,Grocery,5Free item,69.07,"{'transaction_affinity': 0.118, 'redemption_match': 0.1, 'points_eligibility': 1.0, 'cart_affinity': 1.0, 'demographic_match': 0.5}","{'recency_boost': False, 'tier_multiplier': True}"
CUST0239,4U+,Fuel,3,OFFER016,Bakery Reward #16,Bakery,eCommerce,25Free item,68.05,"{'transaction_affinity': 0.179, 'redemption_match': 0.6, 'points_eligibility': 1.0, 'cart_affinity': 0.0, 'demographic_match': 0.5}","{'recency_boost': False, 'tier_multiplier': True}"
CUST0240,Standard,Grocery,1,OFFER016,Bakery Reward #16,Bakery,eCommerce,25Free item,71.28,"{'transaction_affinity': 0.293, 'redemption_match': 0.9, 'points_eligibility': 1.0, 'cart_affinity': 1.0, 'demographic_match': 0.5}","{'recency_boost': False, 'tier_multiplier': False}"
CUST0240,Standard,Grocery,2,OFFER009,Bakery Reward #9,Bakery,Grocery,25% off,69.28,"{'transaction_affinity': 0.293, 'redemption_match': 1.0, 'points_eligibility': 1.0, 'cart_affinity': 0.7, 'demographic_match': 0.5}","{'recency_boost': False, 'tier_multiplier': False}"
CUST0240,Standard,Grocery,3,OFFER001,Grocery Reward #1,Grocery,eCommerce,10Fuel cents/L,67.24,"{'transaction_affinity': 0.158, 'redemption_match': 0.9, 'points_eligibility': 1.0, 'cart_affinity': 1.0, 'demographic_match': 0.5}","{'recency_boost': False, 'tier_multiplier': False}"
CUST0241,Standard,Grocery,1,OFFER009,Bakery Reward #9,Bakery,Grocery,25% off,73.46,"{'transaction_affinity': 0.312, 'redemption_match': 1.0, 'points_eligibility': 1.0, 'cart_affinity': 0.94, 'demographic_match': 0.5}","{'recency_boost': False, 'tier_multiplier': False}"
CUST0241,Standard,Grocery,2,OFFER003,Dairy Reward #3,Dairy,Grocery,50$ off,73.06,"{'transaction_affinity': 0.199, 'redemption_match': 1.0, 'points_eligibility': 1.0, 'cart_affinity': 0.94, 'demographic_match': 0.8}","{'recency_boost': False, 'tier_multiplier': False}"
CUST0241,Standard,Grocery,3,OFFER011,Dairy Reward #11,Dairy,Grocery,5Free item,73.06,"{'transaction_affinity': 0.199, 'redemption_match': 1.0, 'points_eligibility': 1.0, 'cart_affinity': 0.94, 'demographic_match': 0.8}","{'recency_boost': False, 'tier_multiplier': False}"
CUST0242,Standard,Fuel,1,OFFER007,Dairy Reward #7,Dairy,Both,15Free item,61.23,"{'transaction_affinity': 0.124, 'redemption_match': 0.7, 'points_eligibility': 1.0, 'cart_affinity': 1.0, 'demographic_match': 0.5}","{'recency_boost': False, 'tier_multiplier': False}"
CUST0242,Standard,Fuel,2,OFFER014,Dairy Reward #14,Dairy,Both,50$ off,61.23,"{'transaction_affinity': 0.124, 'redemption_match': 0.7, 'points_eligibility': 1.0, 'cart_affinity': 1.0, 'demographic_match': 0.5}","{'recency_boost': False, 'tier_multiplier': False}"
CUST0242,Standard,Fuel,3,OFFER004,Beverages Reward #4,Beverages,Both,50% off,58.62,"{'transaction_affinity': 0.037, 'redemption_match': 0.7, 'points_eligibility': 1.0, 'cart_affinity': 1.0, 'demographic_match': 0.5}","{'recency_boost': False, 'tier_multiplier': False}"
CUST0243,Standard,Grocery,1,OFFER009,Bakery Reward #9,Bakery,Grocery,25% off,79.4,"{'transaction_affinity': 0.54, 'redemption_match': 1.0, 'points_eligibility': 1.0, 'cart_affinity': 0.88, 'demographic_match': 0.5}","{'recency_boost': False, 'tier_multiplier': False}"
CUST0243,Standard,Grocery,2,OFFER016,Bakery Reward #16,Bakery,eCommerce,25Free item,69.7,"{'transaction_affinity': 0.54, 'redemption_match': 0.9, 'points_eligibility': 1.0, 'cart_affinity': 0.4, 'demographic_match': 0.5}","{'recency_boost': False, 'tier_multiplier': False}"
CUST0243,Standard,Grocery,3,OFFER003,Dairy Reward #3,Dairy,Grocery,50$ off,68.49,"{'transaction_affinity': 0.176, 'redemption_match': 1.0, 'points_eligibility': 1.0, 'cart_affinity': 0.88, 'demographic_match': 0.5}","{'recency_boost': False, 'tier_multiplier': False}"
CUST0244,4U+,Grocery,1,OFFER005,Produce Reward #5,Produce,eCommerce,5$ off,100.0,"{'transaction_affinity': 0.346, 'redemption_match': 0.9, 'points_eligibility': 1.0, 'cart_affinity': 1.0, 'demographic_match': 0.5}","{'recency_boost': False, 'tier_multiplier': True}"
CUST0244,4U+,Grocery,2,OFFER008,Produce Reward #8,Produce,Grocery,25% off,100.0,"{'transaction_affinity': 0.346, 'redemption_match': 1.0, 'points_eligibility': 1.0, 'cart_affinity': 0.7, 'demographic_match': 0.5}","{'recency_boost': False, 'tier_multiplier': True}"
CUST0244,4U+,Grocery,3,OFFER011,Dairy Reward #11,Dairy,Grocery,5Free item,99.96,"{'transaction_affinity': 0.205, 'redemption_match': 1.0, 'points_eligibility': 1.0, 'cart_affinity': 0.7, 'demographic_match': 0.5}","{'recency_boost': False, 'tier_multiplier': True}"
CUST0245,4U+,Grocery,1,OFFER005,Produce Reward #5,Produce,eCommerce,5$ off,100.0,"{'transaction_affinity': 0.163, 'redemption_match': 0.9, 'points_eligibility': 1.0, 'cart_affinity': 0.8, 'demographic_match': 0.8}","{'recency_boost': False, 'tier_multiplier': True}"
CUST0245,4U+,Grocery,2,OFFER008,Produce Reward #8,Produce,Grocery,25% off,100.0,"{'transaction_affinity': 0.163, 'redemption_match': 1.0, 'points_eligibility': 1.0, 'cart_affinity': 0.76, 'demographic_match': 0.8}","{'recency_boost': False, 'tier_multiplier': True}"
CUST0245,4U+,Grocery,3,OFFER011,Dairy Reward #11,Dairy,Grocery,5Free item,100.0,"{'transaction_affinity': 0.186, 'redemption_match': 1.0, 'points_eligibility': 1.0, 'cart_affinity': 0.76, 'demographic_match': 0.8}","{'recency_boost': False, 'tier_multiplier': True}"
CUST0246,Standard,Grocery,1,OFFER008,Produce Reward #8,Produce,Grocery,25% off,88.23,"{'transaction_affinity': 0.344, 'redemption_match': 1.0, 'points_eligibility': 1.0, 'cart_affinity': 0.88, 'demographic_match': 0.5}","{'recency_boost': True, 'tier_multiplier': False}"
CUST0246,Standard,Grocery,2,OFFER009,Bakery Reward #9,Bakery,Grocery,25% off,85.13,"{'transaction_affinity': 0.258, 'redemption_match': 1.0, 'points_eligibility': 1.0, 'cart_affinity': 0.88, 'demographic_match': 0.5}","{'recency_boost': True, 'tier_multiplier': False}"
CUST0246,Standard,Grocery,3,OFFER003,Dairy Reward #3,Dairy,Grocery,50$ off,84.49,"{'transaction_affinity': 0.24, 'redemption_match': 1.0, 'points_eligibility': 1.0, 'cart_affinity': 0.88, 'demographic_match': 0.5}","{'recency_boost': True, 'tier_multiplier': False}"
CUST0247,Standard,Grocery,1,OFFER003,Dairy Reward #3,Dairy,Grocery,50$ off,79.02,"{'transaction_affinity': 0.527, 'redemption_match': 1.0, 'points_eligibility': 1.0, 'cart_affinity': 0.88, 'demographic_match': 0.5}","{'recency_boost': False, 'tier_multiplier': False}"
CUST0247,Standard,Grocery,2,OFFER011,Dairy Reward #11,Dairy,Grocery,5Free item,79.02,"{'transaction_affinity': 0.527, 'redemption_match': 1.0, 'points_eligibility': 1.0, 'cart_affinity': 0.88, 'demographic_match': 0.5}","{'recency_boost': False, 'tier_multiplier': False}"
CUST0247,Standard,Grocery,3,OFFER007,Dairy Reward #7,Dairy,Both,15Free item,71.52,"{'transaction_affinity': 0.527, 'redemption_match': 0.7, 'points_eligibility': 1.0, 'cart_affinity': 0.88, 'demographic_match': 0.5}","{'recency_boost': False, 'tier_multiplier': False}"
CUST0248,Standard,Fuel,1,OFFER007,Dairy Reward #7,Dairy,Both,15Free item,60.17,"{'transaction_affinity': 0.089, 'redemption_match': 0.7, 'points_eligibility': 1.0, 'cart_affinity': 1.0, 'demographic_match': 0.5}","{'recency_boost': False, 'tier_multiplier': False}"
CUST0248,Standard,Fuel,2,OFFER014,Dairy Reward #14,Dairy,Both,50$ off,60.17,"{'transaction_affinity': 0.089, 'redemption_match': 0.7, 'points_eligibility': 1.0, 'cart_affinity': 1.0, 'demographic_match': 0.5}","{'recency_boost': False, 'tier_multiplier': False}"
CUST0248,Standard,Fuel,3,OFFER004,Beverages Reward #4,Beverages,Both,50% off,57.5,"{'transaction_affinity': 0.0, 'redemption_match': 0.7, 'points_eligibility': 1.0, 'cart_affinity': 1.0, 'demographic_match': 0.5}","{'recency_boost': False, 'tier_multiplier': False}"
CUST0249,Standard,Fuel,1,OFFER012,Produce Reward #12,Produce,Both,15$ off,61.54,"{'transaction_affinity': 0.135, 'redemption_match': 0.7, 'points_eligibility': 1.0, 'cart_affinity': 1.0, 'demographic_match': 0.5}","{'recency_boost': False, 'tier_multiplier': False}"
CUST0249,Standard,Fuel,2,OFFER019,Produce Reward #19,Produce,Both,5% off,61.54,"{'transaction_affinity': 0.135, 'redemption_match': 0.7, 'points_eligibility': 1.0, 'cart_affinity': 1.0, 'demographic_match': 0.5}","{'recency_boost': False, 'tier_multiplier': False}"
CUST0249,Standard,Fuel,3,OFFER007,Dairy Reward #7,Dairy,Both,15Free item,59.7,"{'transaction_affinity': 0.073, 'redemption_match': 0.7, 'points_eligibility': 1.0, 'cart_affinity': 1.0, 'demographic_match': 0.5}","{'recency_boost': False, 'tier_multiplier': False}"
CUST0250,Standard,Fuel,1,OFFER004,Beverages Reward #4,Beverages,Both,50% off,74.27,"{'transaction_affinity': 0.146, 'redemption_match': 0.7, 'points_eligibility': 1.0, 'cart_affinity': 1.0, 'demographic_match': 0.5}","{'recency_boost': True, 'tier_multiplier': False}"
CUST0250,Standard,Fuel,2,OFFER006,Beverages Reward #6,Beverages,Both,50Fuel cents/L,74.27,"{'transaction_affinity': 0.146, 'redemption_match': 0.7, 'points_eligibility': 1.0, 'cart_affinity': 1.0, 'demographic_match': 0.5}","{'recency_boost': True, 'tier_multiplier': False}"
CUST0250,Standard,Fuel,3,OFFER007,Dairy Reward #7,Dairy,Both,15Free item,72.53,"{'transaction_affinity': 0.098, 'redemption_match': 0.7, 'points_eligibility': 1.0, 'cart_affinity': 1.0, 'demographic_match': 0.5}","{'recency_boost': True, 'tier_multiplier': False}"
CUST0251,4U+,Fuel,1,OFFER015,Snacks Reward #15,Snacks,Grocery,20Fuel cents/L,70.95,"{'transaction_affinity': 0.16, 'redemption_match': 0.1, 'points_eligibility': 1.0, 'cart_affinity': 1.0, 'demographic_match': 0.5}","{'recency_boost': False, 'tier_multiplier': True}"
CUST0251,4U+,Fuel,2,OFFER020,Beverages Reward #20,Beverages,Grocery,5Free item,68.18,"{'transaction_affinity': 0.098, 'redemption_match': 0.1, 'points_eligibility': 1.0, 'cart_affinity': 1.0, 'demographic_match': 0.5}","{'recency_boost': False, 'tier_multiplier': True}"
CUST0251,4U+,Fuel,3,OFFER008,Produce Reward #8,Produce,Grocery,25% off,65.94,"{'transaction_affinity': 0.049, 'redemption_match': 0.1, 'points_eligibility': 1.0, 'cart_affinity': 1.0, 'demographic_match': 0.5}","{'recency_boost': False, 'tier_multiplier': True}"
CUST0252,4U+,Fuel,1,OFFER008,Produce Reward #8,Produce,Grocery,25% off,70.06,"{'transaction_affinity': 0.14, 'redemption_match': 0.1, 'points_eligibility': 1.0, 'cart_affinity': 1.0, 'demographic_match': 0.5}","{'recency_boost': False, 'tier_multiplier': True}"
CUST0252,4U+,Fuel,2,OFFER015,Snacks Reward #15,Snacks,Grocery,20Fuel cents/L,68.56,"{'transaction_affinity': 0.107, 'redemption_match': 0.1, 'points_eligibility': 1.0, 'cart_affinity': 1.0, 'demographic_match': 0.5}","{'recency_boost': False, 'tier_multiplier': True}"
CUST0252,4U+,Fuel,3,OFFER020,Beverages Reward #20,Beverages,Grocery,5Free item,67.13,"{'transaction_affinity': 0.075, 'redemption_match': 0.1, 'points_eligibility': 1.0, 'cart_affinity': 1.0, 'demographic_match': 0.5}","{'recency_boost': False, 'tier_multiplier': True}"
CUST0253,Standard,Grocery,1,OFFER003,Dairy Reward #3,Dairy,Grocery,50$ off,78.52,"{'transaction_affinity': 0.571, 'redemption_match': 1.0, 'points_eligibility': 1.0, 'cart_affinity': 0.76, 'demographic_match': 0.5}","{'recency_boost': False, 'tier_multiplier': False}"
CUST0253,Standard,Grocery,2,OFFER011,Dairy Reward #11,Dairy,Grocery,5Free item,78.52,"{'transaction_affinity': 0.571, 'redemption_match': 1.0, 'points_eligibility': 1.0, 'cart_affinity': 0.76, 'demographic_match': 0.5}","{'recency_boost': False, 'tier_multiplier': False}"
CUST0253,Standard,Grocery,3,OFFER007,Dairy Reward #7,Dairy,Both,15Free item,71.02,"{'transaction_affinity': 0.571, 'redemption_match': 0.7, 'points_eligibility': 1.0, 'cart_affinity': 0.76, 'demographic_match': 0.5}","{'recency_boost': False, 'tier_multiplier': False}"
CUST0254,Standard,Grocery,1,OFFER003,Dairy Reward #3,Dairy,Grocery,50$ off,73.33,"{'transaction_affinity': 0.298, 'redemption_match': 1.0, 'points_eligibility': 1.0, 'cart_affinity': 0.76, 'demographic_match': 0.8}","{'recency_boost': False, 'tier_multiplier': False}"
CUST0254,Standard,Grocery,2,OFFER011,Dairy Reward #11,Dairy,Grocery,5Free item,73.33,"{'transaction_affinity': 0.298, 'redemption_match': 1.0, 'points_eligibility': 1.0, 'cart_affinity': 0.76, 'demographic_match': 0.8}","{'recency_boost': False, 'tier_multiplier': False}"
CUST0254,Standard,Grocery,3,OFFER009,Bakery Reward #9,Bakery,Grocery,25% off,68.72,"{'transaction_affinity': 0.244, 'redemption_match': 1.0, 'points_eligibility': 1.0, 'cart_affinity': 0.76, 'demographic_match': 0.5}","{'recency_boost': False, 'tier_multiplier': False}"
CUST0255,Standard,Fuel,1,OFFER012,Produce Reward #12,Produce,Both,15$ off,64.14,"{'transaction_affinity': 0.121, 'redemption_match': 0.7, 'points_eligibility': 1.0, 'cart_affinity': 1.0, 'demographic_match': 0.8}","{'recency_boost': False, 'tier_multiplier': False}"
CUST0255,Standard,Fuel,2,OFFER019,Produce Reward #19,Produce,Both,5% off,64.14,"{'transaction_affinity': 0.121, 'redemption_match': 0.7, 'points_eligibility': 1.0, 'cart_affinity': 1.0, 'demographic_match': 0.8}","{'recency_boost': False, 'tier_multiplier': False}"
CUST0255,Standard,Fuel,3,OFFER007,Dairy Reward #7,Dairy,Both,15Free item,63.79,"{'transaction_affinity': 0.11, 'redemption_match': 0.7, 'points_eligibility': 1.0, 'cart_affinity': 1.0, 'demographic_match': 0.8}","{'recency_boost': False, 'tier_multiplier': False}"
CUST0256,Standard,Fuel,1,OFFER007,Dairy Reward #7,Dairy,Both,15Free item,61.55,"{'transaction_affinity': 0.135, 'redemption_match': 0.7, 'points_eligibility': 1.0, 'cart_affinity': 1.0, 'demographic_match': 0.5}","{'recency_boost': False, 'tier_multiplier': False}"
CUST0256,Standard,Fuel,2,OFFER014,Dairy Reward #14,Dairy,Both,50$ off,61.55,"{'transaction_affinity': 0.135, 'redemption_match': 0.7, 'points_eligibility': 1.0, 'cart_affinity': 1.0, 'demographic_match': 0.5}","{'recency_boost': False, 'tier_multiplier': False}"
CUST0256,Standard,Fuel,3,OFFER004,Beverages Reward #4,Beverages,Both,50% off,59.78,"{'transaction_affinity': 0.076, 'redemption_match': 0.7, 'points_eligibility': 1.0, 'cart_affinity': 1.0, 'demographic_match': 0.5}","{'recency_boost': False, 'tier_multiplier': False}"
CUST0257,Standard,Grocery,1,OFFER001,Grocery Reward #1,Grocery,eCommerce,10Fuel cents/L,73.09,"{'transaction_affinity': 0.353, 'redemption_match': 0.9, 'points_eligibility': 1.0, 'cart_affinity': 0.8, 'demographic_match': 0.8}","{'recency_boost': False, 'tier_multiplier': False}"
CUST0257,Standard,Grocery,2,OFFER013,Grocery Reward #13,Grocery,eCommerce,10% off,73.09,"{'transaction_affinity': 0.353, 'redemption_match': 0.9, 'points_eligibility': 1.0, 'cart_affinity': 0.8, 'demographic_match': 0.8}","{'recency_boost': False, 'tier_multiplier': False}"
CUST0257,Standard,Grocery,3,OFFER008,Produce Reward #8,Produce,Grocery,25% off,72.2,"{'transaction_affinity': 0.26, 'redemption_match': 1.0, 'points_eligibility': 1.0, 'cart_affinity': 0.76, 'demographic_match': 0.8}","{'recency_boost': False, 'tier_multiplier': False}"
CUST0258,4U+,Grocery,1,OFFER005,Produce Reward #5,Produce,eCommerce,5$ off,100.0,"{'transaction_affinity': 0.301, 'redemption_match': 0.9, 'points_eligibility': 1.0, 'cart_affinity': 0.6, 'demographic_match': 0.5}","{'recency_boost': True, 'tier_multiplier': True}"
CUST0258,4U+,Grocery,2,OFFER008,Produce Reward #8,Produce,Grocery,25% off,100.0,"{'transaction_affinity': 0.301, 'redemption_match': 1.0, 'points_eligibility': 1.0, 'cart_affinity': 0.82, 'demographic_match': 0.5}","{'recency_boost': True, 'tier_multiplier': True}"
CUST0258,4U+,Grocery,3,OFFER011,Dairy Reward #11,Dairy,Grocery,5Free item,100.0,"{'transaction_affinity': 0.079, 'redemption_match': 1.0, 'points_eligibility': 1.0, 'cart_affinity': 0.82, 'demographic_match': 0.5}","{'recency_boost': True, 'tier_multiplier': True}"
CUST0259,Standard,Grocery,1,OFFER005,Produce Reward #5,Produce,eCommerce,5$ off,86.94,"{'transaction_affinity': 0.232, 'redemption_match': 0.9, 'points_eligibility': 1.0, 'cart_affinity': 1.0, 'demographic_match': 0.8}","{'recency_boost': True, 'tier_multiplier': False}"
CUST0259,Standard,Grocery,2,OFFER010,Produce Reward #10,Produce,eCommerce,50% off,86.94,"{'transaction_affinity': 0.232, 'redemption_match': 0.9, 'points_eligibility': 1.0, 'cart_affinity': 1.0, 'demographic_match': 0.8}","{'recency_boost': True, 'tier_multiplier': False}"
CUST0259,Standard,Grocery,3,OFFER001,Grocery Reward #1,Grocery,eCommerce,10Fuel cents/L,84.73,"{'transaction_affinity': 0.17, 'redemption_match': 0.9, 'points_eligibility': 1.0, 'cart_affinity': 1.0, 'demographic_match': 0.8}","{'recency_boost': True, 'tier_multiplier': False}"
CUST0260,4U+,Grocery,1,OFFER005,Produce Reward #5,Produce,eCommerce,5$ off,100.0,"{'transaction_affinity': 0.315, 'redemption_match': 0.9, 'points_eligibility': 1.0, 'cart_affinity': 0.4, 'demographic_match': 0.5}","{'recency_boost': True, 'tier_multiplier': True}"
CUST0260,4U+,Grocery,2,OFFER008,Produce Reward #8,Produce,Grocery,25% off,100.0,"{'transaction_affinity': 0.315, 'redemption_match': 1.0, 'points_eligibility': 1.0, 'cart_affinity': 0.88, 'demographic_match': 0.5}","{'recency_boost': True, 'tier_multiplier': True}"
CUST0260,4U+,Grocery,3,OFFER011,Dairy Reward #11,Dairy,Grocery,5Free item,100.0,"{'transaction_affinity': 0.0, 'redemption_match': 1.0, 'points_eligibility': 1.0, 'cart_affinity': 0.88, 'demographic_match': 0.5}","{'recency_boost': True, 'tier_multiplier': True}"
CUST0261,Standard,Grocery,1,OFFER008,Produce Reward #8,Produce,Grocery,25% off,87.0,"{'transaction_affinity': 0.37, 'redemption_match': 1.0, 'points_eligibility': 1.0, 'cart_affinity': 0.76, 'demographic_match': 0.5}","{'recency_boost': True, 'tier_multiplier': False}"
CUST0261,Standard,Grocery,2,OFFER005,Produce Reward #5,Produce,eCommerce,5$ off,84.72,"{'transaction_affinity': 0.37, 'redemption_match': 0.9, 'points_eligibility': 1.0, 'cart_affinity': 0.8, 'demographic_match': 0.5}","{'recency_boost': True, 'tier_multiplier': False}"
CUST0261,Standard,Grocery,3,OFFER010,Produce Reward #10,Produce,eCommerce,50% off,84.72,"{'transaction_affinity': 0.37, 'redemption_match': 0.9, 'points_eligibility': 1.0, 'cart_affinity': 0.8, 'demographic_match': 0.5}","{'recency_boost': True, 'tier_multiplier': False}"
CUST0262,Standard,Grocery,1,OFFER009,Bakery Reward #9,Bakery,Grocery,25% off,67.38,"{'transaction_affinity': 0.199, 'redemption_match': 1.0, 'points_eligibility': 1.0, 'cart_affinity': 0.76, 'demographic_match': 0.5}","{'recency_boost': False, 'tier_multiplier': False}"
CUST0262,Standard,Grocery,2,OFFER017,Snacks Reward #17,Snacks,Grocery,15Fuel cents/L,67.3,"{'transaction_affinity': 0.197, 'redemption_match': 1.0, 'points_eligibility': 1.0, 'cart_affinity': 0.76, 'demographic_match': 0.5}","{'recency_boost': False, 'tier_multiplier': False}"
CUST0262,Standard,Grocery,3,OFFER003,Dairy Reward #3,Dairy,Grocery,50$ off,67.13,"{'transaction_affinity': 0.191, 'redemption_match': 1.0, 'points_eligibility': 1.0, 'cart_affinity': 0.76, 'demographic_match': 0.5}","{'recency_boost': False, 'tier_multiplier': False}"
CUST0263,Standard,Fuel,1,OFFER012,Produce Reward #12,Produce,Both,15$ off,64.99,"{'transaction_affinity': 0.15, 'redemption_match': 0.7, 'points_eligibility': 1.0, 'cart_affinity': 1.0, 'demographic_match': 0.8}","{'recency_boost': False, 'tier_multiplier': False}"
CUST0263,Standard,Fuel,2,OFFER004,Beverages Reward #4,Beverages,Both,50% off,63.51,"{'transaction_affinity': 0.2, 'redemption_match': 0.7, 'points_eligibility': 1.0, 'cart_affinity': 1.0, 'demographic_match': 0.5}","{'recency_boost': False, 'tier_multiplier': False}"
CUST0263,Standard,Fuel,3,OFFER006,Beverages Reward #6,Beverages,Both,50Fuel cents/L,63.51,"{'transaction_affinity': 0.2, 'redemption_match': 0.7, 'points_eligibility': 1.0, 'cart_affinity': 1.0, 'demographic_match': 0.5}","{'recency_boost': False, 'tier_multiplier': False}"
CUST0264,Standard,Fuel,1,OFFER004,Beverages Reward #4,Beverages,Both,50% off,57.5,"{'transaction_affinity': 0.0, 'redemption_match': 0.7, 'points_eligibility': 1.0, 'cart_affinity': 1.0, 'demographic_match': 0.5}","{'recency_boost': False, 'tier_multiplier': False}"
CUST0264,Standard,Fuel,2,OFFER006,Beverages Reward #6,Beverages,Both,50Fuel cents/L,57.5,"{'transaction_affinity': 0.0, 'redemption_match': 0.7, 'points_eligibility': 1.0, 'cart_affinity': 1.0, 'demographic_match': 0.5}","{'recency_boost': False, 'tier_multiplier': False}"
CUST0264,Standard,Fuel,3,OFFER007,Dairy Reward #7,Dairy,Both,15Free item,57.5,"{'transaction_affinity': 0.0, 'redemption_match': 0.7, 'points_eligibility': 1.0, 'cart_affinity': 1.0, 'demographic_match': 0.5}","{'recency_boost': False, 'tier_multiplier': False}"
CUST0265,Standard,Fuel,1,OFFER012,Produce Reward #12,Produce,Both,15$ off,58.14,"{'transaction_affinity': 0.021, 'redemption_match': 0.7, 'points_eligibility': 1.0, 'cart_affinity': 1.0, 'demographic_match': 0.5}","{'recency_boost': False, 'tier_multiplier': False}"
CUST0265,Standard,Fuel,2,OFFER019,Produce Reward #19,Produce,Both,5% off,58.14,"{'transaction_affinity': 0.021, 'redemption_match': 0.7, 'points_eligibility': 1.0, 'cart_affinity': 1.0, 'demographic_match': 0.5}","{'recency_boost': False, 'tier_multiplier': False}"
CUST0265,Standard,Fuel,3,OFFER004,Beverages Reward #4,Beverages,Both,50% off,57.5,"{'transaction_affinity': 0.0, 'redemption_match': 0.7, 'points_eligibility': 1.0, 'cart_affinity': 1.0, 'demographic_match': 0.5}","{'recency_boost': False, 'tier_multiplier': False}"
CUST0266,Standard,Grocery,1,OFFER003,Dairy Reward #3,Dairy,Grocery,50$ off,71.19,"{'transaction_affinity': 0.266, 'redemption_match': 1.0, 'points_eligibility': 1.0, 'cart_affinity': 0.88, 'demographic_match': 0.5}","{'recency_boost': False, 'tier_multiplier': False}"
CUST0266,Standard,Grocery,2,OFFER011,Dairy Reward #11,Dairy,Grocery,5Free item,71.19,"{'transaction_affinity': 0.266, 'redemption_match': 1.0, 'points_eligibility': 1.0, 'cart_affinity': 0.88, 'demographic_match': 0.5}","{'recency_boost': False, 'tier_multiplier': False}"
CUST0266,Standard,Grocery,3,OFFER009,Bakery Reward #9,Bakery,Grocery,25% off,71.11,"{'transaction_affinity': 0.264, 'redemption_match': 1.0, 'points_eligibility': 1.0, 'cart_affinity': 0.88, 'demographic_match': 0.5}","{'recency_boost': False, 'tier_multiplier': False}"
CUST0267,Standard,Grocery,1,OFFER009,Bakery Reward #9,Bakery,Grocery,25% off,68.42,"{'transaction_affinity': 0.174, 'redemption_match': 1.0, 'points_eligibility': 1.0, 'cart_affinity': 0.88, 'demographic_match': 0.5}","{'recency_boost': False, 'tier_multiplier': False}"
CUST0267,Standard,Grocery,2,OFFER015,Snacks Reward #15,Snacks,Grocery,20Fuel cents/L,67.3,"{'transaction_affinity': 0.137, 'redemption_match': 1.0, 'points_eligibility': 1.0, 'cart_affinity': 0.88, 'demographic_match': 0.5}","{'recency_boost': False, 'tier_multiplier': False}"
CUST0267,Standard,Grocery,3,OFFER017,Snacks Reward #17,Snacks,Grocery,15Fuel cents/L,67.3,"{'transaction_affinity': 0.137, 'redemption_match': 1.0, 'points_eligibility': 1.0, 'cart_affinity': 0.88, 'demographic_match': 0.5}","{'recency_boost': False, 'tier_multiplier': False}"
CUST0268,Standard,Grocery,1,OFFER008,Produce Reward #8,Produce,Grocery,25% off,70.9,"{'transaction_affinity': 0.257, 'redemption_match': 1.0, 'points_eligibility': 1.0, 'cart_affinity': 0.88, 'demographic_match': 0.5}","{'recency_boost': False, 'tier_multiplier': False}"
CUST0268,Standard,Grocery,2,OFFER003,Dairy Reward #3,Dairy,Grocery,50$ off,69.56,"{'transaction_affinity': 0.212, 'redemption_match': 1.0, 'points_eligibility': 1.0, 'cart_affinity': 0.88, 'demographic_match': 0.5}","{'recency_boost': False, 'tier_multiplier': False}"
CUST0268,Standard,Grocery,3,OFFER011,Dairy Reward #11,Dairy,Grocery,5Free item,69.56,"{'transaction_affinity': 0.212, 'redemption_match': 1.0, 'points_eligibility': 1.0, 'cart_affinity': 0.88, 'demographic_match': 0.5}","{'recency_boost': False, 'tier_multiplier': False}"
CUST0269,Standard,Fuel,1,OFFER012,Produce Reward #12,Produce,Both,15$ off,63.44,"{'transaction_affinity': 0.098, 'redemption_match': 0.7, 'points_eligibility': 1.0, 'cart_affinity': 1.0, 'demographic_match': 0.8}","{'recency_boost': False, 'tier_multiplier': False}"
CUST0269,Standard,Fuel,2,OFFER019,Produce Reward #19,Produce,Both,5% off,63.44,"{'transaction_affinity': 0.098, 'redemption_match': 0.7, 'points_eligibility': 1.0, 'cart_affinity': 1.0, 'demographic_match': 0.8}","{'recency_boost': False, 'tier_multiplier': False}"
CUST0269,Standard,Fuel,3,OFFER007,Dairy Reward #7,Dairy,Both,15Free item,60.5,"{'transaction_affinity': 0.0, 'redemption_match': 0.7, 'points_eligibility': 1.0, 'cart_affinity': 1.0, 'demographic_match': 0.8}","{'recency_boost': False, 'tier_multiplier': False}"
CUST0270,4U+,Fuel,1,OFFER015,Snacks Reward #15,Snacks,Grocery,20Fuel cents/L,85.29,"{'transaction_affinity': 0.163, 'redemption_match': 0.1, 'points_eligibility': 1.0, 'cart_affinity': 1.0, 'demographic_match': 0.5}","{'recency_boost': True, 'tier_multiplier': True}"
CUST0270,4U+,Fuel,2,OFFER008,Produce Reward #8,Produce,Grocery,25% off,76.5,"{'transaction_affinity': 0.0, 'redemption_match': 0.1, 'points_eligibility': 1.0, 'cart_affinity': 1.0, 'demographic_match': 0.5}","{'recency_boost': True, 'tier_multiplier': True}"
CUST0270,4U+,Fuel,3,OFFER011,Dairy Reward #11,Dairy,Grocery,5Free item,76.5,"{'transaction_affinity': 0.0, 'redemption_match': 0.1, 'points_eligibility': 1.0, 'cart_affinity': 1.0, 'demographic_match': 0.5}","{'recency_boost': True, 'tier_multiplier': True}"
CUST0271,Standard,Grocery,1,OFFER008,Produce Reward #8,Produce,Grocery,25% off,78.07,"{'transaction_affinity': 0.366, 'redemption_match': 1.0, 'points_eligibility': 1.0, 'cart_affinity': 0.94, 'demographic_match': 0.8}","{'recency_boost': False, 'tier_multiplier': False}"
CUST0271,Standard,Grocery,2,OFFER003,Dairy Reward #3,Dairy,Grocery,50$ off,70.74,"{'transaction_affinity': 0.121, 'redemption_match': 1.0, 'points_eligibility': 1.0, 'cart_affinity': 0.94, 'demographic_match': 0.8}","{'recency_boost': False, 'tier_multiplier': False}"
CUST0271,Standard,Grocery,3,OFFER011,Dairy Reward #11,Dairy,Grocery,5Free item,70.74,"{'transaction_affinity': 0.121, 'redemption_match': 1.0, 'points_eligibility': 1.0, 'cart_affinity': 0.94, 'demographic_match': 0.8}","{'recency_boost': False, 'tier_multiplier': False}"
CUST0272,4U+,Fuel,1,OFFER011,Dairy Reward #11,Dairy,Grocery,5Free item,71.2,"{'transaction_affinity': 0.066, 'redemption_match': 0.1, 'points_eligibility': 1.0, 'cart_affinity': 1.0, 'demographic_match': 0.8}","{'recency_boost': False, 'tier_multiplier': True}"
CUST0272,4U+,Fuel,2,OFFER020,Beverages Reward #20,Beverages,Grocery,5Free item,70.38,"{'transaction_affinity': 0.147, 'redemption_match': 0.1, 'points_eligibility': 1.0, 'cart_affinity': 1.0, 'demographic_match': 0.5}","{'recency_boost': False, 'tier_multiplier': True}"
CUST0272,4U+,Fuel,3,OFFER008,Produce Reward #8,Produce,Grocery,25% off,68.25,"{'transaction_affinity': 0.0, 'redemption_match': 0.1, 'points_eligibility': 1.0, 'cart_affinity': 1.0, 'demographic_match': 0.8}","{'recency_boost': False, 'tier_multiplier': True}"
CUST0273,4U+,Grocery,1,OFFER005,Produce Reward #5,Produce,eCommerce,5$ off,100.0,"{'transaction_affinity': 0.252, 'redemption_match': 0.9, 'points_eligibility': 1.0, 'cart_affinity': 0.8, 'demographic_match': 0.5}","{'recency_boost': False, 'tier_multiplier': True}"
CUST0273,4U+,Grocery,2,OFFER008,Produce Reward #8,Produce,Grocery,25% off,100.0,"{'transaction_affinity': 0.252, 'redemption_match': 1.0, 'points_eligibility': 1.0, 'cart_affinity': 0.76, 'demographic_match': 0.5}","{'recency_boost': False, 'tier_multiplier': True}"
CUST0273,4U+,Grocery,3,OFFER016,Bakery Reward #16,Bakery,eCommerce,25Free item,96.41,"{'transaction_affinity': 0.159, 'redemption_match': 0.9, 'points_eligibility': 1.0, 'cart_affinity': 0.8, 'demographic_match': 0.5}","{'recency_boost': False, 'tier_multiplier': True}"
CUST0274,Standard,Grocery,1,OFFER003,Dairy Reward #3,Dairy,Grocery,50$ off,75.69,"{'transaction_affinity': 0.286, 'redemption_match': 1.0, 'points_eligibility': 1.0, 'cart_affinity': 0.94, 'demographic_match': 0.8}","{'recency_boost': False, 'tier_multiplier': False}"
CUST0274,Standard,Grocery,2,OFFER011,Dairy Reward #11,Dairy,Grocery,5Free item,75.69,"{'transaction_affinity': 0.286, 'redemption_match': 1.0, 'points_eligibility': 1.0, 'cart_affinity': 0.94, 'demographic_match': 0.8}","{'recency_boost': False, 'tier_multiplier': False}"
CUST0274,Standard,Grocery,3,OFFER008,Produce Reward #8,Produce,Grocery,25% off,74.7,"{'transaction_affinity': 0.253, 'redemption_match': 1.0, 'points_eligibility': 1.0, 'cart_affinity': 0.94, 'demographic_match': 0.8}","{'recency_boost': False, 'tier_multiplier': False}"
CUST0275,Standard,Fuel,1,OFFER004,Beverages Reward #4,Beverages,Both,50% off,61.6,"{'transaction_affinity': 0.137, 'redemption_match': 0.7, 'points_eligibility': 1.0, 'cart_affinity': 1.0, 'demographic_match': 0.5}","{'recency_boost': False, 'tier_multiplier': False}"
CUST0275,Standard,Fuel,2,OFFER006,Beverages Reward #6,Beverages,Both,50Fuel cents/L,61.6,"{'transaction_affinity': 0.137, 'redemption_match': 0.7, 'points_eligibility': 1.0, 'cart_affinity': 1.0, 'demographic_match': 0.5}","{'recency_boost': False, 'tier_multiplier': False}"
CUST0275,Standard,Fuel,3,OFFER018,Beverages Reward #18,Beverages,Both,50$ off,61.6,"{'transaction_affinity': 0.137, 'redemption_match': 0.7, 'points_eligibility': 1.0, 'cart_affinity': 1.0, 'demographic_match': 0.5}","{'recency_boost': False, 'tier_multiplier': False}"
CUST0276,Standard,Grocery,1,OFFER009,Bakery Reward #9,Bakery,Grocery,25% off,68.77,"{'transaction_affinity': 0.186, 'redemption_match': 1.0, 'points_eligibility': 1.0, 'cart_affinity': 0.88, 'demographic_match': 0.5}","{'recency_boost': False, 'tier_multiplier': False}"
CUST0276,Standard,Grocery,2,OFFER001,Grocery Reward #1,Grocery,eCommerce,10Fuel cents/L,68.73,"{'transaction_affinity': 0.508, 'redemption_match': 0.9, 'points_eligibility': 1.0, 'cart_affinity': 0.4, 'demographic_match': 0.5}","{'recency_boost': False, 'tier_multiplier': False}"
CUST0276,Standard,Grocery,3,OFFER013,Grocery Reward #13,Grocery,eCommerce,10% off,68.73,"{'transaction_affinity': 0.508, 'redemption_match': 0.9, 'points_eligibility': 1.0, 'cart_affinity': 0.4, 'demographic_match': 0.5}","{'recency_boost': False, 'tier_multiplier': False}"
CUST0277,Standard,Grocery,1,OFFER009,Bakery Reward #9,Bakery,Grocery,25% off,70.06,"{'transaction_affinity': 0.319, 'redemption_match': 1.0, 'points_eligibility': 1.0, 'cart_affinity': 0.7, 'demographic_match': 0.5}","{'recency_boost': False, 'tier_multiplier': False}"
CUST0277,Standard,Grocery,2,OFFER005,Produce Reward #5,Produce,eCommerce,5$ off,69.45,"{'transaction_affinity': 0.232, 'redemption_match': 0.9, 'points_eligibility': 1.0, 'cart_affinity': 1.0, 'demographic_match': 0.5}","{'recency_boost': False, 'tier_multiplier': False}"
CUST0277,Standard,Grocery,3,OFFER010,Produce Reward #10,Produce,eCommerce,50% off,69.45,"{'transaction_affinity': 0.232, 'redemption_match': 0.9, 'points_eligibility': 1.0, 'cart_affinity': 1.0, 'demographic_match': 0.5}","{'recency_boost': False, 'tier_multiplier': False}"
CUST0278,4U+,Fuel,1,OFFER008,Produce Reward #8,Produce,Grocery,25% off,74.56,"{'transaction_affinity': 0.14, 'redemption_match': 0.1, 'points_eligibility': 1.0, 'cart_affinity': 1.0, 'demographic_match': 0.8}","{'recency_boost': False, 'tier_multiplier': True}"
CUST0278,4U+,Fuel,2,OFFER020,Beverages Reward #20,Beverages,Grocery,5Free item,71.31,"{'transaction_affinity': 0.168, 'redemption_match': 0.1, 'points_eligibility': 1.0, 'cart_affinity': 1.0, 'demographic_match': 0.5}","{'recency_boost': False, 'tier_multiplier': True}"
CUST0278,4U+,Fuel,3,OFFER005,Produce Reward #5,Produce,eCommerce,5$ off,70.81,"{'transaction_affinity': 0.14, 'redemption_match': 0.6, 'points_eligibility': 1.0, 'cart_affinity': 0.0, 'demographic_match': 0.8}","{'recency_boost': False, 'tier_multiplier': True}"
CUST0279,Standard,Fuel,1,OFFER004,Beverages Reward #4,Beverages,Both,50% off,62.15,"{'transaction_affinity': 0.155, 'redemption_match': 0.7, 'points_eligibility': 1.0, 'cart_affinity': 1.0, 'demographic_match': 0.5}","{'recency_boost': False, 'tier_multiplier': False}"
CUST0279,Standard,Fuel,2,OFFER006,Beverages Reward #6,Beverages,Both,50Fuel cents/L,62.15,"{'transaction_affinity': 0.155, 'redemption_match': 0.7, 'points_eligibility': 1.0, 'cart_affinity': 1.0, 'demographic_match': 0.5}","{'recency_boost': False, 'tier_multiplier': False}"
CUST0279,Standard,Fuel,3,OFFER018,Beverages Reward #18,Beverages,Both,50$ off,62.15,"{'transaction_affinity': 0.155, 'redemption_match': 0.7, 'points_eligibility': 1.0, 'cart_affinity': 1.0, 'demographic_match': 0.5}","{'recency_boost': False, 'tier_multiplier': False}"
CUST0280,Standard,Fuel,1,OFFER012,Produce Reward #12,Produce,Both,15$ off,61.07,"{'transaction_affinity': 0.119, 'redemption_match': 0.7, 'points_eligibility': 1.0, 'cart_affinity': 1.0, 'demographic_match': 0.5}","{'recency_boost': False, 'tier_multiplier': False}"
CUST0280,Standard,Fuel,2,OFFER014,Dairy Reward #14,Dairy,Both,50$ off,60.75,"{'transaction_affinity': 0.108, 'redemption_match': 0.7, 'points_eligibility': 1.0, 'cart_affinity': 1.0, 'demographic_match': 0.5}","{'recency_boost': False, 'tier_multiplier': False}"
CUST0280,Standard,Fuel,3,OFFER006,Beverages Reward #6,Beverages,Both,50Fuel cents/L,58.85,"{'transaction_affinity': 0.045, 'redemption_match': 0.7, 'points_eligibility': 1.0, 'cart_affinity': 1.0, 'demographic_match': 0.5}","{'recency_boost': False, 'tier_multiplier': False}"
CUST0281,Standard,Fuel,1,OFFER014,Dairy Reward #14,Dairy,Both,50$ off,61.86,"{'transaction_affinity': 0.045, 'redemption_match': 0.7, 'points_eligibility': 1.0, 'cart_affinity': 1.0, 'demographic_match': 0.8}","{'recency_boost': False, 'tier_multiplier': False}"
CUST0281,Standard,Fuel,2,OFFER003,Dairy Reward #3,Dairy,Grocery,50$ off,46.86,"{'transaction_affinity': 0.045, 'redemption_match': 0.1, 'points_eligibility': 1.0, 'cart_affinity': 1.0, 'demographic_match': 0.8}","{'recency_boost': False, 'tier_multiplier': False}"
CUST0281,Standard,Fuel,3,OFFER010,Produce Reward #10,Produce,eCommerce,50% off,46.31,"{'transaction_affinity': 0.11, 'redemption_match': 0.6, 'points_eligibility': 1.0, 'cart_affinity': 0.0, 'demographic_match': 0.8}","{'recency_boost': False, 'tier_multiplier': False}"
CUST0282,4U+,Grocery,1,OFFER008,Produce Reward #8,Produce,Grocery,25% off,100.0,"{'transaction_affinity': 0.109, 'redemption_match': 1.0, 'points_eligibility': 1.0, 'cart_affinity': 1.0, 'demographic_match': 0.8}","{'recency_boost': False, 'tier_multiplier': True}"
CUST0282,4U+,Grocery,2,OFFER011,Dairy Reward #11,Dairy,Grocery,5Free item,100.0,"{'transaction_affinity': 0.401, 'redemption_match': 1.0, 'points_eligibility': 1.0, 'cart_affinity': 1.0, 'demographic_match': 0.8}","{'recency_boost': False, 'tier_multiplier': True}"
CUST0282,4U+,Grocery,3,OFFER015,Snacks Reward #15,Snacks,Grocery,20Fuel cents/L,100.0,"{'transaction_affinity': 0.059, 'redemption_match': 1.0, 'points_eligibility': 1.0, 'cart_affinity': 1.0, 'demographic_match': 0.5}","{'recency_boost': False, 'tier_multiplier': True}"
CUST0283,Standard,Fuel,1,OFFER007,Dairy Reward #7,Dairy,Both,15Free item,72.6,"{'transaction_affinity': 0.0, 'redemption_match': 0.7, 'points_eligibility': 1.0, 'cart_affinity': 1.0, 'demographic_match': 0.8}","{'recency_boost': True, 'tier_multiplier': False}"
CUST0283,Standard,Fuel,2,OFFER012,Produce Reward #12,Produce,Both,15$ off,72.6,"{'transaction_affinity': 0.0, 'redemption_match': 0.7, 'points_eligibility': 1.0, 'cart_affinity': 1.0, 'demographic_match': 0.8}","{'recency_boost': True, 'tier_multiplier': False}"
CUST0283,Standard,Fuel,3,OFFER014,Dairy Reward #14,Dairy,Both,50$ off,72.6,"{'transaction_affinity': 0.0, 'redemption_match': 0.7, 'points_eligibility': 1.0, 'cart_affinity': 1.0, 'demographic_match': 0.8}","{'recency_boost': True, 'tier_multiplier': False}"
CUST0284,Standard,Grocery,1,OFFER015,Snacks Reward #15,Snacks,Grocery,20Fuel cents/L,72.94,"{'transaction_affinity': 0.325, 'redemption_match': 1.0, 'points_eligibility': 1.0, 'cart_affinity': 0.88, 'demographic_match': 0.5}","{'recency_boost': False, 'tier_multiplier': False}"
CUST0284,Standard,Grocery,2,OFFER017,Snacks Reward #17,Snacks,Grocery,15Fuel cents/L,72.94,"{'transaction_affinity': 0.325, 'redemption_match': 1.0, 'points_eligibility': 1.0, 'cart_affinity': 0.88, 'demographic_match': 0.5}","{'recency_boost': False, 'tier_multiplier': False}"
CUST0284,Standard,Grocery,3,OFFER009,Bakery Reward #9,Bakery,Grocery,25% off,72.67,"{'transaction_affinity': 0.316, 'redemption_match': 1.0, 'points_eligibility': 1.0, 'cart_affinity': 0.88, 'demographic_match': 0.5}","{'recency_boost': False, 'tier_multiplier': False}"
CUST0285,Standard,Grocery,1,OFFER003,Dairy Reward #3,Dairy,Grocery,50$ off,73.23,"{'transaction_affinity': 0.304, 'redemption_match': 1.0, 'points_eligibility': 1.0, 'cart_affinity': 0.94, 'demographic_match': 0.5}","{'recency_boost': False, 'tier_multiplier': False}"
CUST0285,Standard,Grocery,2,OFFER011,Dairy Reward #11,Dairy,Grocery,5Free item,73.23,"{'transaction_affinity': 0.304, 'redemption_match': 1.0, 'points_eligibility': 1.0, 'cart_affinity': 0.94, 'demographic_match': 0.5}","{'recency_boost': False, 'tier_multiplier': False}"
CUST0285,Standard,Grocery,3,OFFER008,Produce Reward #8,Produce,Grocery,25% off,68.37,"{'transaction_affinity': 0.142, 'redemption_match': 1.0, 'points_eligibility': 1.0, 'cart_affinity': 0.94, 'demographic_match': 0.5}","{'recency_boost': False, 'tier_multiplier': False}"
CUST0286,4U+,Grocery,1,OFFER008,Produce Reward #8,Produce,Grocery,25% off,100.0,"{'transaction_affinity': 0.145, 'redemption_match': 1.0, 'points_eligibility': 1.0, 'cart_affinity': 0.82, 'demographic_match': 0.8}","{'recency_boost': False, 'tier_multiplier': True}"
CUST0286,4U+,Grocery,2,OFFER011,Dairy Reward #11,Dairy,Grocery,5Free item,100.0,"{'transaction_affinity': 0.337, 'redemption_match': 1.0, 'points_eligibility': 1.0, 'cart_affinity': 0.82, 'demographic_match': 0.8}","{'recency_boost': False, 'tier_multiplier': True}"
CUST0286,4U+,Grocery,3,OFFER005,Produce Reward #5,Produce,eCommerce,5$ off,95.79,"{'transaction_affinity': 0.145, 'redemption_match': 0.9, 'points_eligibility': 1.0, 'cart_affinity': 0.6, 'demographic_match': 0.8}","{'recency_boost': False, 'tier_multiplier': True}"
CUST0287,Standard,Fuel,1,OFFER014,Dairy Reward #14,Dairy,Both,50$ off,64.12,"{'transaction_affinity': 0.121, 'redemption_match': 0.7, 'points_eligibility': 1.0, 'cart_affinity': 1.0, 'demographic_match': 0.8}","{'recency_boost': False, 'tier_multiplier': False}"
CUST0287,Standard,Fuel,2,OFFER012,Produce Reward #12,Produce,Both,15$ off,63.4,"{'transaction_affinity': 0.097, 'redemption_match': 0.7, 'points_eligibility': 1.0, 'cart_affinity': 1.0, 'demographic_match': 0.8}","{'recency_boost': False, 'tier_multiplier': False}"
CUST0287,Standard,Fuel,3,OFFER003,Dairy Reward #3,Dairy,Grocery,50$ off,49.12,"{'transaction_affinity': 0.121, 'redemption_match': 0.1, 'points_eligibility': 1.0, 'cart_affinity': 1.0, 'demographic_match': 0.8}","{'recency_boost': False, 'tier_multiplier': False}"
CUST0288,Standard,Fuel,1,OFFER012,Produce Reward #12,Produce,Both,15$ off,66.8,"{'transaction_affinity': 0.31, 'redemption_match': 0.7, 'points_eligibility': 1.0, 'cart_affinity': 1.0, 'demographic_match': 0.5}","{'recency_boost': False, 'tier_multiplier': False}"
CUST0288,Standard,Fuel,2,OFFER019,Produce Reward #19,Produce,Both,5% off,66.8,"{'transaction_affinity': 0.31, 'redemption_match': 0.7, 'points_eligibility': 1.0, 'cart_affinity': 1.0, 'demographic_match': 0.5}","{'recency_boost': False, 'tier_multiplier': False}"
CUST0288,Standard,Fuel,3,OFFER007,Dairy Reward #7,Dairy,Both,15Free item,66.13,"{'transaction_affinity': 0.288, 'redemption_match': 0.7, 'points_eligibility': 1.0, 'cart_affinity': 1.0, 'demographic_match': 0.5}","{'recency_boost': False, 'tier_multiplier': False}"
CUST0289,Standard,Fuel,1,OFFER004,Beverages Reward #4,Beverages,Both,50% off,64.68,"{'transaction_affinity': 0.239, 'redemption_match': 0.7, 'points_eligibility': 1.0, 'cart_affinity': 1.0, 'demographic_match': 0.5}","{'recency_boost': False, 'tier_multiplier': False}"
CUST0289,Standard,Fuel,2,OFFER006,Beverages Reward #6,Beverages,Both,50Fuel cents/L,64.68,"{'transaction_affinity': 0.239, 'redemption_match': 0.7, 'points_eligibility': 1.0, 'cart_affinity': 1.0, 'demographic_match': 0.5}","{'recency_boost': False, 'tier_multiplier': False}"
CUST0289,Standard,Fuel,3,OFFER018,Beverages Reward #18,Beverages,Both,50$ off,64.68,"{'transaction_affinity': 0.239, 'redemption_match': 0.7, 'points_eligibility': 1.0, 'cart_affinity': 1.0, 'demographic_match': 0.5}","{'recency_boost': False, 'tier_multiplier': False}"
CUST0290,4U+,Fuel,1,OFFER008,Produce Reward #8,Produce,Grocery,25% off,72.1,"{'transaction_affinity': 0.086, 'redemption_match': 0.1, 'points_eligibility': 1.0, 'cart_affinity': 1.0, 'demographic_match': 0.8}","{'recency_boost': False, 'tier_multiplier': True}"
CUST0290,4U+,Fuel,2,OFFER011,Dairy Reward #11,Dairy,Grocery,5Free item,69.06,"{'transaction_affinity': 0.018, 'redemption_match': 0.1, 'points_eligibility': 1.0, 'cart_affinity': 1.0, 'demographic_match': 0.8}","{'recency_boost': False, 'tier_multiplier': True}"
CUST0290,4U+,Fuel,3,OFFER005,Produce Reward #5,Produce,eCommerce,5$ off,68.35,"{'transaction_affinity': 0.086, 'redemption_match': 0.6, 'points_eligibility': 1.0, 'cart_affinity': 0.0, 'demographic_match': 0.8}","{'recency_boost': False, 'tier_multiplier': True}"
CUST0291,Standard,Grocery,1,OFFER008,Produce Reward #8,Produce,Grocery,25% off,80.32,"{'transaction_affinity': 0.411, 'redemption_match': 1.0, 'points_eligibility': 1.0, 'cart_affinity': 1.0, 'demographic_match': 0.8}","{'recency_boost': False, 'tier_multiplier': False}"
CUST0291,Standard,Grocery,2,OFFER012,Produce Reward #12,Produce,Both,15$ off,72.82,"{'transaction_affinity': 0.411, 'redemption_match': 0.7, 'points_eligibility': 1.0, 'cart_affinity': 1.0, 'demographic_match': 0.8}","{'recency_boost': False, 'tier_multiplier': False}"
CUST0291,Standard,Grocery,3,OFFER019,Produce Reward #19,Produce,Both,5% off,72.82,"{'transaction_affinity': 0.411, 'redemption_match': 0.7, 'points_eligibility': 1.0, 'cart_affinity': 1.0, 'demographic_match': 0.8}","{'recency_boost': False, 'tier_multiplier': False}"
CUST0292,Standard,Fuel,1,OFFER007,Dairy Reward #7,Dairy,Both,15Free item,60.82,"{'transaction_affinity': 0.111, 'redemption_match': 0.7, 'points_eligibility': 1.0, 'cart_affinity': 1.0, 'demographic_match': 0.5}","{'recency_boost': False, 'tier_multiplier': False}"
CUST0292,Standard,Fuel,2,OFFER014,Dairy Reward #14,Dairy,Both,50$ off,60.82,"{'transaction_affinity': 0.111, 'redemption_match': 0.7, 'points_eligibility': 1.0, 'cart_affinity': 1.0, 'demographic_match': 0.5}","{'recency_boost': False, 'tier_multiplier': False}"
CUST0292,Standard,Fuel,3,OFFER004,Beverages Reward #4,Beverages,Both,50% off,58.74,"{'transaction_affinity': 0.041, 'redemption_match': 0.7, 'points_eligibility': 1.0, 'cart_affinity': 1.0, 'demographic_match': 0.5}","{'recency_boost': False, 'tier_multiplier': False}"
CUST0293,Standard,Grocery,1,OFFER003,Dairy Reward #3,Dairy,Grocery,50$ off,71.92,"{'transaction_affinity': 0.221, 'redemption_match': 1.0, 'points_eligibility': 1.0, 'cart_affinity': 0.82, 'demographic_match': 0.8}","{'recency_boost': False, 'tier_multiplier': False}"
CUST0293,Standard,Grocery,2,OFFER011,Dairy Reward #11,Dairy,Grocery,5Free item,71.92,"{'transaction_affinity': 0.221, 'redemption_match': 1.0, 'points_eligibility': 1.0, 'cart_affinity': 0.82, 'demographic_match': 0.8}","{'recency_boost': False, 'tier_multiplier': False}"
CUST0293,Standard,Grocery,3,OFFER009,Bakery Reward #9,Bakery,Grocery,25% off,71.67,"{'transaction_affinity': 0.312, 'redemption_match': 1.0, 'points_eligibility': 1.0, 'cart_affinity': 0.82, 'demographic_match': 0.5}","{'recency_boost': False, 'tier_multiplier': False}"
CUST0294,4U+,Grocery,1,OFFER008,Produce Reward #8,Produce,Grocery,25% off,100.0,"{'transaction_affinity': 0.194, 'redemption_match': 1.0, 'points_eligibility': 1.0, 'cart_affinity': 0.76, 'demographic_match': 0.5}","{'recency_boost': False, 'tier_multiplier': True}"
CUST0294,4U+,Grocery,2,OFFER011,Dairy Reward #11,Dairy,Grocery,5Free item,100.0,"{'transaction_affinity': 0.22, 'redemption_match': 1.0, 'points_eligibility': 1.0, 'cart_affinity': 0.76, 'demographic_match': 0.5}","{'recency_boost': False, 'tier_multiplier': True}"
CUST0294,4U+,Grocery,3,OFFER005,Produce Reward #5,Produce,eCommerce,5$ off,97.97,"{'transaction_affinity': 0.194, 'redemption_match': 0.9, 'points_eligibility': 1.0, 'cart_affinity': 0.8, 'demographic_match': 0.5}","{'recency_boost': False, 'tier_multiplier': True}"
CUST0295,Standard,Fuel,1,OFFER004,Beverages Reward #4,Beverages,Both,50% off,59.7,"{'transaction_affinity': 0.073, 'redemption_match': 0.7, 'points_eligibility': 1.0, 'cart_affinity': 1.0, 'demographic_match': 0.5}","{'recency_boost': False, 'tier_multiplier': False}"
CUST0295,Standard,Fuel,2,OFFER006,Beverages Reward #6,Beverages,Both,50Fuel cents/L,59.7,"{'transaction_affinity': 0.073, 'redemption_match': 0.7, 'points_eligibility': 1.0, 'cart_affinity': 1.0, 'demographic_match': 0.5}","{'recency_boost': False, 'tier_multiplier': False}"
CUST0295,Standard,Fuel,3,OFFER018,Beverages Reward #18,Beverages,Both,50$ off,59.7,"{'transaction_affinity': 0.073, 'redemption_match': 0.7, 'points_eligibility': 1.0, 'cart_affinity': 1.0, 'demographic_match': 0.5}","{'recency_boost': False, 'tier_multiplier': False}"
CUST0296,Standard,Fuel,1,OFFER007,Dairy Reward #7,Dairy,Both,15Free item,61.63,"{'transaction_affinity': 0.138, 'redemption_match': 0.7, 'points_eligibility': 1.0, 'cart_affinity': 1.0, 'demographic_match': 0.5}","{'recency_boost': False, 'tier_multiplier': False}"
CUST0296,Standard,Fuel,2,OFFER014,Dairy Reward #14,Dairy,Both,50$ off,61.63,"{'transaction_affinity': 0.138, 'redemption_match': 0.7, 'points_eligibility': 1.0, 'cart_affinity': 1.0, 'demographic_match': 0.5}","{'recency_boost': False, 'tier_multiplier': False}"
CUST0296,Standard,Fuel,3,OFFER012,Produce Reward #12,Produce,Both,15$ off,61.21,"{'transaction_affinity': 0.124, 'redemption_match': 0.7, 'points_eligibility': 1.0, 'cart_affinity': 1.0, 'demographic_match': 0.5}","{'recency_boost': False, 'tier_multiplier': False}"
CUST0297,Standard,Fuel,1,OFFER012,Produce Reward #12,Produce,Both,15$ off,58.92,"{'transaction_affinity': 0.047, 'redemption_match': 0.7, 'points_eligibility': 1.0, 'cart_affinity': 1.0, 'demographic_match': 0.5}","{'recency_boost': False, 'tier_multiplier': False}"
CUST0297,Standard,Fuel,2,OFFER019,Produce Reward #19,Produce,Both,5% off,58.92,"{'transaction_affinity': 0.047, 'redemption_match': 0.7, 'points_eligibility': 1.0, 'cart_affinity': 1.0, 'demographic_match': 0.5}","{'recency_boost': False, 'tier_multiplier': False}"
CUST0297,Standard,Fuel,3,OFFER004,Beverages Reward #4,Beverages,Both,50% off,57.5,"{'transaction_affinity': 0.0, 'redemption_match': 0.7, 'points_eligibility': 1.0, 'cart_affinity': 1.0, 'demographic_match': 0.5}","{'recency_boost': False, 'tier_multiplier': False}"
CUST0298,4U+,Fuel,1,OFFER020,Beverages Reward #20,Beverages,Grocery,5Free item,73.72,"{'transaction_affinity': 0.222, 'redemption_match': 0.1, 'points_eligibility': 1.0, 'cart_affinity': 1.0, 'demographic_match': 0.5}","{'recency_boost': False, 'tier_multiplier': True}"
CUST0298,4U+,Fuel,2,OFFER016,Bakery Reward #16,Bakery,eCommerce,25Free item,68.57,"{'transaction_affinity': 0.19, 'redemption_match': 0.6, 'points_eligibility': 1.0, 'cart_affinity': 0.0, 'demographic_match': 0.5}","{'recency_boost': False, 'tier_multiplier': True}"
CUST0298,4U+,Fuel,3,OFFER004,Beverages Reward #4,Beverages,Both,50% off,64.15,"{'transaction_affinity': 0.222, 'redemption_match': 0.7, 'points_eligibility': 1.0, 'cart_affinity': 1.0, 'demographic_match': 0.5}","{'recency_boost': False, 'tier_multiplier': False}"
CUST0299,4U+,Grocery,1,OFFER005,Produce Reward #5,Produce,eCommerce,5$ off,100.0,"{'transaction_affinity': 0.167, 'redemption_match': 0.9, 'points_eligibility': 1.0, 'cart_affinity': 0.4, 'demographic_match': 0.5}","{'recency_boost': True, 'tier_multiplier': True}"
CUST0299,4U+,Grocery,2,OFFER008,Produce Reward #8,Produce,Grocery,25% off,100.0,"{'transaction_affinity': 0.167, 'redemption_match': 1.0, 'points_eligibility': 1.0, 'cart_affinity': 0.88, 'demographic_match': 0.5}","{'recency_boost': True, 'tier_multiplier': True}"
CUST0299,4U+,Grocery,3,OFFER011,Dairy Reward #11,Dairy,Grocery,5Free item,100.0,"{'transaction_affinity': 0.378, 'redemption_match': 1.0, 'points_eligibility': 1.0, 'cart_affinity': 0.88, 'demographic_match': 0.5}","{'recency_boost': True, 'tier_multiplier': True}"
CUST0300,Standard,Grocery,1,OFFER009,Bakery Reward #9,Bakery,Grocery,25% off,91.17,"{'transaction_affinity': 0.366, 'redemption_match': 1.0, 'points_eligibility': 1.0, 'cart_affinity': 1.0, 'demographic_match': 0.5}","{'recency_boost': True, 'tier_multiplier': False}"
CUST0300,Standard,Grocery,2,OFFER003,Dairy Reward #3,Dairy,Grocery,50$ off,90.52,"{'transaction_affinity': 0.248, 'redemption_match': 1.0, 'points_eligibility': 1.0, 'cart_affinity': 1.0, 'demographic_match': 0.8}","{'recency_boost': True, 'tier_multiplier': False}"
CUST0300,Standard,Grocery,3,OFFER011,Dairy Reward #11,Dairy,Grocery,5Free item,90.52,"{'transaction_affinity': 0.248, 'redemption_match': 1.0, 'points_eligibility': 1.0, 'cart_affinity': 1.0, 'demographic_match': 0.8}","{'recency_boost': True, 'tier_multiplier': False}"
CUST0301,Standard,Fuel,1,OFFER012,Produce Reward #12,Produce,Both,15$ off,76.49,"{'transaction_affinity': 0.208, 'redemption_match': 0.7, 'points_eligibility': 1.0, 'cart_affinity': 1.0, 'demographic_match': 0.5}","{'recency_boost': True, 'tier_multiplier': False}"
CUST0301,Standard,Fuel,2,OFFER019,Produce Reward #19,Produce,Both,5% off,76.49,"{'transaction_affinity': 0.208, 'redemption_match': 0.7, 'points_eligibility': 1.0, 'cart_affinity': 1.0, 'demographic_match': 0.5}","{'recency_boost': True, 'tier_multiplier': False}"
CUST0301,Standard,Fuel,3,OFFER007,Dairy Reward #7,Dairy,Both,15Free item,73.81,"{'transaction_affinity': 0.134, 'redemption_match': 0.7, 'points_eligibility': 1.0, 'cart_affinity': 1.0, 'demographic_match': 0.5}","{'recency_boost': True, 'tier_multiplier': False}"
CUST0302,4U+,Fuel,1,OFFER008,Produce Reward #8,Produce,Grocery,25% off,73.01,"{'transaction_affinity': 0.206, 'redemption_match': 0.1, 'points_eligibility': 1.0, 'cart_affinity': 1.0, 'demographic_match': 0.5}","{'recency_boost': False, 'tier_multiplier': True}"
CUST0302,4U+,Fuel,2,OFFER005,Produce Reward #5,Produce,eCommerce,5$ off,69.26,"{'transaction_affinity': 0.206, 'redemption_match': 0.6, 'points_eligibility': 1.0, 'cart_affinity': 0.0, 'demographic_match': 0.5}","{'recency_boost': False, 'tier_multiplier': True}"
CUST0302,4U+,Fuel,3,OFFER020,Beverages Reward #20,Beverages,Grocery,5Free item,66.01,"{'transaction_affinity': 0.05, 'redemption_match': 0.1, 'points_eligibility': 1.0, 'cart_affinity': 1.0, 'demographic_match': 0.5}","{'recency_boost': False, 'tier_multiplier': True}"
CUST0303,4U+,Grocery,1,OFFER011,Dairy Reward #11,Dairy,Grocery,5Free item,100.0,"{'transaction_affinity': 0.143, 'redemption_match': 1.0, 'points_eligibility': 1.0, 'cart_affinity': 0.88, 'demographic_match': 0.5}","{'recency_boost': False, 'tier_multiplier': True}"
CUST0303,4U+,Grocery,2,OFFER020,Beverages Reward #20,Beverages,Grocery,5Free item,99.53,"{'transaction_affinity': 0.105, 'redemption_match': 1.0, 'points_eligibility': 1.0, 'cart_affinity': 0.88, 'demographic_match': 0.5}","{'recency_boost': False, 'tier_multiplier': True}"
CUST0303,4U+,Grocery,3,OFFER005,Produce Reward #5,Produce,eCommerce,5$ off,80.25,"{'transaction_affinity': 0.0, 'redemption_match': 0.9, 'points_eligibility': 1.0, 'cart_affinity': 0.4, 'demographic_match': 0.5}","{'recency_boost': False, 'tier_multiplier': True}"
CUST0304,Standard,Grocery,1,OFFER003,Dairy Reward #3,Dairy,Grocery,50$ off,72.67,"{'transaction_affinity': 0.156, 'redemption_match': 1.0, 'points_eligibility': 1.0, 'cart_affinity': 1.0, 'demographic_match': 0.8}","{'recency_boost': False, 'tier_multiplier': False}"
CUST0304,Standard,Grocery,2,OFFER011,Dairy Reward #11,Dairy,Grocery,5Free item,72.67,"{'transaction_affinity': 0.156, 'redemption_match': 1.0, 'points_eligibility': 1.0, 'cart_affinity': 1.0, 'demographic_match': 0.8}","{'recency_boost': False, 'tier_multiplier': False}"
CUST0304,Standard,Grocery,3,OFFER008,Produce Reward #8,Produce,Grocery,25% off,70.43,"{'transaction_affinity': 0.081, 'redemption_match': 1.0, 'points_eligibility': 1.0, 'cart_affinity': 1.0, 'demographic_match': 0.8}","{'recency_boost': False, 'tier_multiplier': False}"
CUST0305,4U+,Grocery,1,OFFER005,Produce Reward #5,Produce,eCommerce,5$ off,100.0,"{'transaction_affinity': 0.366, 'redemption_match': 0.9, 'points_eligibility': 1.0, 'cart_affinity': 0.4, 'demographic_match': 0.8}","{'recency_boost': False, 'tier_multiplier': True}"
CUST0305,4U+,Grocery,2,OFFER008,Produce Reward #8,Produce,Grocery,25% off,100.0,"{'transaction_affinity': 0.366, 'redemption_match': 1.0, 'points_eligibility': 1.0, 'cart_affinity': 0.88, 'demographic_match': 0.8}","{'recency_boost': False, 'tier_multiplier': True}"
CUST0305,4U+,Grocery,3,OFFER011,Dairy Reward #11,Dairy,Grocery,5Free item,100.0,"{'transaction_affinity': 0.086, 'redemption_match': 1.0, 'points_eligibility': 1.0, 'cart_affinity': 0.88, 'demographic_match': 0.8}","{'recency_boost': False, 'tier_multiplier': True}"
CUST0306,Standard,Fuel,1,OFFER004,Beverages Reward #4,Beverages,Both,50% off,72.64,"{'transaction_affinity': 0.101, 'redemption_match': 0.7, 'points_eligibility': 1.0, 'cart_affinity': 1.0, 'demographic_match': 0.5}","{'recency_boost': True, 'tier_multiplier': False}"
CUST0306,Standard,Fuel,2,OFFER006,Beverages Reward #6,Beverages,Both,50Fuel cents/L,72.64,"{'transaction_affinity': 0.101, 'redemption_match': 0.7, 'points_eligibility': 1.0, 'cart_affinity': 1.0, 'demographic_match': 0.5}","{'recency_boost': True, 'tier_multiplier': False}"
CUST0306,Standard,Fuel,3,OFFER007,Dairy Reward #7,Dairy,Both,15Free item,71.73,"{'transaction_affinity': 0.076, 'redemption_match': 0.7, 'points_eligibility': 1.0, 'cart_affinity': 1.0, 'demographic_match': 0.5}","{'recency_boost': True, 'tier_multiplier': False}"
CUST0307,Standard,Fuel,1,OFFER004,Beverages Reward #4,Beverages,Both,50% off,61.81,"{'transaction_affinity': 0.144, 'redemption_match': 0.7, 'points_eligibility': 1.0, 'cart_affinity': 1.0, 'demographic_match': 0.5}","{'recency_boost': False, 'tier_multiplier': False}"
CUST0307,Standard,Fuel,2,OFFER006,Beverages Reward #6,Beverages,Both,50Fuel cents/L,61.81,"{'transaction_affinity': 0.144, 'redemption_match': 0.7, 'points_eligibility': 1.0, 'cart_affinity': 1.0, 'demographic_match': 0.5}","{'recency_boost': False, 'tier_multiplier': False}"
CUST0307,Standard,Fuel,3,OFFER018,Beverages Reward #18,Beverages,Both,50$ off,61.81,"{'transaction_affinity': 0.144, 'redemption_match': 0.7, 'points_eligibility': 1.0, 'cart_affinity': 1.0, 'demographic_match': 0.5}","{'recency_boost': False, 'tier_multiplier': False}"
CUST0308,Standard,Fuel,1,OFFER014,Dairy Reward #14,Dairy,Both,50$ off,59.56,"{'transaction_affinity': 0.069, 'redemption_match': 0.7, 'points_eligibility': 1.0, 'cart_affinity': 1.0, 'demographic_match': 0.5}","{'recency_boost': False, 'tier_multiplier': False}"
CUST0308,Standard,Fuel,2,OFFER012,Produce Reward #12,Produce,Both,15$ off,58.99,"{'transaction_affinity': 0.05, 'redemption_match': 0.7, 'points_eligibility': 1.0, 'cart_affinity': 1.0, 'demographic_match': 0.5}","{'recency_boost': False, 'tier_multiplier': False}"
CUST0308,Standard,Fuel,3,OFFER006,Beverages Reward #6,Beverages,Both,50Fuel cents/L,58.92,"{'transaction_affinity': 0.047, 'redemption_match': 0.7, 'points_eligibility': 1.0, 'cart_affinity': 1.0, 'demographic_match': 0.5}","{'recency_boost': False, 'tier_multiplier': False}"
CUST0309,Standard,Fuel,1,OFFER007,Dairy Reward #7,Dairy,Both,15Free item,67.75,"{'transaction_affinity': 0.242, 'redemption_match': 0.7, 'points_eligibility': 1.0, 'cart_affinity': 1.0, 'demographic_match': 0.8}","{'recency_boost': False, 'tier_multiplier': False}"
CUST0309,Standard,Fuel,2,OFFER014,Dairy Reward #14,Dairy,Both,50$ off,67.75,"{'transaction_affinity': 0.242, 'redemption_match': 0.7, 'points_eligibility': 1.0, 'cart_affinity': 1.0, 'demographic_match': 0.8}","{'recency_boost': False, 'tier_multiplier': False}"
CUST0309,Standard,Fuel,3,OFFER012,Produce Reward #12,Produce,Both,15$ off,64.75,"{'transaction_affinity': 0.142, 'redemption_match': 0.7, 'points_eligibility': 1.0, 'cart_affinity': 1.0, 'demographic_match': 0.8}","{'recency_boost': False, 'tier_multiplier': False}"
CUST0310,Standard,Fuel,1,OFFER004,Beverages Reward #4,Beverages,Both,50% off,62.15,"{'transaction_affinity': 0.155, 'redemption_match': 0.7, 'points_eligibility': 1.0, 'cart_affinity': 1.0, 'demographic_match': 0.5}","{'recency_boost': False, 'tier_multiplier': False}"
CUST0310,Standard,Fuel,2,OFFER006,Beverages Reward #6,Beverages,Both,50Fuel cents/L,62.15,"{'transaction_affinity': 0.155, 'redemption_match': 0.7, 'points_eligibility': 1.0, 'cart_affinity': 1.0, 'demographic_match': 0.5}","{'recency_boost': False, 'tier_multiplier': False}"
CUST0310,Standard,Fuel,3,OFFER018,Beverages Reward #18,Beverages,Both,50$ off,62.15,"{'transaction_affinity': 0.155, 'redemption_match': 0.7, 'points_eligibility': 1.0, 'cart_affinity': 1.0, 'demographic_match': 0.5}","{'recency_boost': False, 'tier_multiplier': False}"
CUST0311,Standard,Fuel,1,OFFER007,Dairy Reward #7,Dairy,Both,15Free item,63.69,"{'transaction_affinity': 0.106, 'redemption_match': 0.7, 'points_eligibility': 1.0, 'cart_affinity': 1.0, 'demographic_match': 0.8}","{'recency_boost': False, 'tier_multiplier': False}"
CUST0311,Standard,Fuel,2,OFFER014,Dairy Reward #14,Dairy,Both,50$ off,63.69,"{'transaction_affinity': 0.106, 'redemption_match': 0.7, 'points_eligibility': 1.0, 'cart_affinity': 1.0, 'demographic_match': 0.8}","{'recency_boost': False, 'tier_multiplier': False}"
CUST0311,Standard,Fuel,3,OFFER012,Produce Reward #12,Produce,Both,15$ off,62.08,"{'transaction_affinity': 0.053, 'redemption_match': 0.7, 'points_eligibility': 1.0, 'cart_affinity': 1.0, 'demographic_match': 0.8}","{'recency_boost': False, 'tier_multiplier': False}"
CUST0312,4U+,Fuel,1,OFFER008,Produce Reward #8,Produce,Grocery,25% off,74.71,"{'transaction_affinity': 0.244, 'redemption_match': 0.1, 'points_eligibility': 1.0, 'cart_affinity': 1.0, 'demographic_match': 0.5}","{'recency_boost': False, 'tier_multiplier': True}"
CUST0312,4U+,Fuel,2,OFFER005,Produce Reward #5,Produce,eCommerce,5$ off,70.96,"{'transaction_affinity': 0.244, 'redemption_match': 0.6, 'points_eligibility': 1.0, 'cart_affinity': 0.0, 'demographic_match': 0.5}","{'recency_boost': False, 'tier_multiplier': True}"
CUST0312,4U+,Fuel,3,OFFER015,Snacks Reward #15,Snacks,Grocery,20Fuel cents/L,68.73,"{'transaction_affinity': 0.111, 'redemption_match': 0.1, 'points_eligibility': 1.0, 'cart_affinity': 1.0, 'demographic_match': 0.5}","{'recency_boost': False, 'tier_multiplier': True}"
CUST0313,4U+,Grocery,1,OFFER005,Produce Reward #5,Produce,eCommerce,5$ off,100.0,"{'transaction_affinity': 0.259, 'redemption_match': 0.9, 'points_eligibility': 1.0, 'cart_affinity': 0.8, 'demographic_match': 0.5}","{'recency_boost': False, 'tier_multiplier': True}"
CUST0313,4U+,Grocery,2,OFFER008,Produce Reward #8,Produce,Grocery,25% off,100.0,"{'transaction_affinity': 0.259, 'redemption_match': 1.0, 'points_eligibility': 1.0, 'cart_affinity': 0.76, 'demographic_match': 0.5}","{'recency_boost': False, 'tier_multiplier': True}"
CUST0313,4U+,Grocery,3,OFFER011,Dairy Reward #11,Dairy,Grocery,5Free item,98.69,"{'transaction_affinity': 0.146, 'redemption_match': 1.0, 'points_eligibility': 1.0, 'cart_affinity': 0.76, 'demographic_match': 0.5}","{'recency_boost': False, 'tier_multiplier': True}"
CUST0314,Standard,Fuel,1,OFFER004,Beverages Reward #4,Beverages,Both,50% off,71.59,"{'transaction_affinity': 0.47, 'redemption_match': 0.7, 'points_eligibility': 1.0, 'cart_affinity': 1.0, 'demographic_match': 0.5}","{'recency_boost': False, 'tier_multiplier': False}"
CUST0314,Standard,Fuel,2,OFFER006,Beverages Reward #6,Beverages,Both,50Fuel cents/L,71.59,"{'transaction_affinity': 0.47, 'redemption_match': 0.7, 'points_eligibility': 1.0, 'cart_affinity': 1.0, 'demographic_match': 0.5}","{'recency_boost': False, 'tier_multiplier': False}"
CUST0314,Standard,Fuel,3,OFFER018,Beverages Reward #18,Beverages,Both,50$ off,71.59,"{'transaction_affinity': 0.47, 'redemption_match': 0.7, 'points_eligibility': 1.0, 'cart_affinity': 1.0, 'demographic_match': 0.5}","{'recency_boost': False, 'tier_multiplier': False}"
CUST0315,4U+,Grocery,1,OFFER008,Produce Reward #8,Produce,Grocery,25% off,100.0,"{'transaction_affinity': 0.32, 'redemption_match': 1.0, 'points_eligibility': 1.0, 'cart_affinity': 0.88, 'demographic_match': 0.8}","{'recency_boost': False, 'tier_multiplier': True}"
CUST0315,4U+,Grocery,2,OFFER011,Dairy Reward #11,Dairy,Grocery,5Free item,100.0,"{'transaction_affinity': 0.189, 'redemption_match': 1.0, 'points_eligibility': 1.0, 'cart_affinity': 0.88, 'demographic_match': 0.8}","{'recency_boost': False, 'tier_multiplier': True}"
CUST0315,4U+,Grocery,3,OFFER005,Produce Reward #5,Produce,eCommerce,5$ off,99.14,"{'transaction_affinity': 0.32, 'redemption_match': 0.9, 'points_eligibility': 1.0, 'cart_affinity': 0.4, 'demographic_match': 0.8}","{'recency_boost': False, 'tier_multiplier': True}"
CUST0316,Standard,Fuel,1,OFFER012,Produce Reward #12,Produce,Both,15$ off,62.91,"{'transaction_affinity': 0.18, 'redemption_match': 0.7, 'points_eligibility': 1.0, 'cart_affinity': 1.0, 'demographic_match': 0.5}","{'recency_boost': False, 'tier_multiplier': False}"
CUST0316,Standard,Fuel,2,OFFER019,Produce Reward #19,Produce,Both,5% off,62.91,"{'transaction_affinity': 0.18, 'redemption_match': 0.7, 'points_eligibility': 1.0, 'cart_affinity': 1.0, 'demographic_match': 0.5}","{'recency_boost': False, 'tier_multiplier': False}"
CUST0316,Standard,Fuel,3,OFFER004,Beverages Reward #4,Beverages,Both,50% off,61.6,"{'transaction_affinity': 0.137, 'redemption_match': 0.7, 'points_eligibility': 1.0, 'cart_affinity': 1.0, 'demographic_match': 0.5}","{'recency_boost': False, 'tier_multiplier': False}"
CUST0317,Standard,Fuel,1,OFFER004,Beverages Reward #4,Beverages,Both,50% off,57.5,"{'transaction_affinity': 0.0, 'redemption_match': 0.7, 'points_eligibility': 1.0, 'cart_affinity': 1.0, 'demographic_match': 0.5}","{'recency_boost': False, 'tier_multiplier': False}"
CUST0317,Standard,Fuel,2,OFFER006,Beverages Reward #6,Beverages,Both,50Fuel cents/L,57.5,"{'transaction_affinity': 0.0, 'redemption_match': 0.7, 'points_eligibility': 1.0, 'cart_affinity': 1.0, 'demographic_match': 0.5}","{'recency_boost': False, 'tier_multiplier': False}"
CUST0317,Standard,Fuel,3,OFFER007,Dairy Reward #7,Dairy,Both,15Free item,57.5,"{'transaction_affinity': 0.0, 'redemption_match': 0.7, 'points_eligibility': 1.0, 'cart_affinity': 1.0, 'demographic_match': 0.5}","{'recency_boost': False, 'tier_multiplier': False}"
CUST0318,Standard,Fuel,1,OFFER012,Produce Reward #12,Produce,Both,15$ off,63.16,"{'transaction_affinity': 0.189, 'redemption_match': 0.7, 'points_eligibility': 1.0, 'cart_affinity': 1.0, 'demographic_match': 0.5}","{'recency_boost': False, 'tier_multiplier': False}"
CUST0318,Standard,Fuel,2,OFFER019,Produce Reward #19,Produce,Both,5% off,63.16,"{'transaction_affinity': 0.189, 'redemption_match': 0.7, 'points_eligibility': 1.0, 'cart_affinity': 1.0, 'demographic_match': 0.5}","{'recency_boost': False, 'tier_multiplier': False}"
CUST0318,Standard,Fuel,3,OFFER004,Beverages Reward #4,Beverages,Both,50% off,58.57,"{'transaction_affinity': 0.036, 'redemption_match': 0.7, 'points_eligibility': 1.0, 'cart_affinity': 1.0, 'demographic_match': 0.5}","{'recency_boost': False, 'tier_multiplier': False}"
CUST0319,Standard,Grocery,1,OFFER001,Grocery Reward #1,Grocery,eCommerce,10Fuel cents/L,83.4,"{'transaction_affinity': 0.597, 'redemption_match': 0.9, 'points_eligibility': 1.0, 'cart_affinity': 1.0, 'demographic_match': 0.8}","{'recency_boost': False, 'tier_multiplier': False}"
CUST0319,Standard,Grocery,2,OFFER005,Produce Reward #5,Produce,eCommerce,5$ off,71.92,"{'transaction_affinity': 0.214, 'redemption_match': 0.9, 'points_eligibility': 1.0, 'cart_affinity': 1.0, 'demographic_match': 0.8}","{'recency_boost': False, 'tier_multiplier': False}"
CUST0319,Standard,Grocery,3,OFFER010,Produce Reward #10,Produce,eCommerce,50% off,71.92,"{'transaction_affinity': 0.214, 'redemption_match': 0.9, 'points_eligibility': 1.0, 'cart_affinity': 1.0, 'demographic_match': 0.8}","{'recency_boost': False, 'tier_multiplier': False}"
CUST0320,4U+,Fuel,1,OFFER011,Dairy Reward #11,Dairy,Grocery,5Free item,78.09,"{'transaction_affinity': 0.219, 'redemption_match': 0.1, 'points_eligibility': 1.0, 'cart_affinity': 1.0, 'demographic_match': 0.8}","{'recency_boost': False, 'tier_multiplier': True}"
CUST0320,4U+,Fuel,2,OFFER020,Beverages Reward #20,Beverages,Grocery,5Free item,73.35,"{'transaction_affinity': 0.213, 'redemption_match': 0.1, 'points_eligibility': 1.0, 'cart_affinity': 1.0, 'demographic_match': 0.5}","{'recency_boost': False, 'tier_multiplier': True}"
CUST0320,4U+,Fuel,3,OFFER008,Produce Reward #8,Produce,Grocery,25% off,68.25,"{'transaction_affinity': 0.0, 'redemption_match': 0.1, 'points_eligibility': 1.0, 'cart_affinity': 1.0, 'demographic_match': 0.8}","{'recency_boost': False, 'tier_multiplier': True}"
CUST0321,Standard,Grocery,1,OFFER008,Produce Reward #8,Produce,Grocery,25% off,71.87,"{'transaction_affinity': 0.289, 'redemption_match': 1.0, 'points_eligibility': 1.0, 'cart_affinity': 0.88, 'demographic_match': 0.5}","{'recency_boost': False, 'tier_multiplier': False}"
CUST0321,Standard,Grocery,2,OFFER020,Beverages Reward #20,Beverages,Grocery,5Free item,71.08,"{'transaction_affinity': 0.263, 'redemption_match': 1.0, 'points_eligibility': 1.0, 'cart_affinity': 0.88, 'demographic_match': 0.5}","{'recency_boost': False, 'tier_multiplier': False}"
CUST0321,Standard,Grocery,3,OFFER009,Bakery Reward #9,Bakery,Grocery,25% off,66.45,"{'transaction_affinity': 0.108, 'redemption_match': 1.0, 'points_eligibility': 1.0, 'cart_affinity': 0.88, 'demographic_match': 0.5}","{'recency_boost': False, 'tier_multiplier': False}"
CUST0322,Standard,Grocery,1,OFFER008,Produce Reward #8,Produce,Grocery,25% off,78.53,"{'transaction_affinity': 0.511, 'redemption_match': 1.0, 'points_eligibility': 1.0, 'cart_affinity': 0.88, 'demographic_match': 0.5}","{'recency_boost': False, 'tier_multiplier': False}"
CUST0322,Standard,Grocery,2,OFFER009,Bakery Reward #9,Bakery,Grocery,25% off,74.01,"{'transaction_affinity': 0.36, 'redemption_match': 1.0, 'points_eligibility': 1.0, 'cart_affinity': 0.88, 'demographic_match': 0.5}","{'recency_boost': False, 'tier_multiplier': False}"
CUST0322,Standard,Grocery,3,OFFER012,Produce Reward #12,Produce,Both,15$ off,71.03,"{'transaction_affinity': 0.511, 'redemption_match': 0.7, 'points_eligibility': 1.0, 'cart_affinity': 0.88, 'demographic_match': 0.5}","{'recency_boost': False, 'tier_multiplier': False}"
CUST0323,4U+,Fuel,1,OFFER008,Produce Reward #8,Produce,Grocery,25% off,72.44,"{'transaction_affinity': 0.093, 'redemption_match': 0.1, 'points_eligibility': 1.0, 'cart_affinity': 1.0, 'demographic_match': 0.8}","{'recency_boost': False, 'tier_multiplier': True}"
CUST0323,4U+,Fuel,2,OFFER011,Dairy Reward #11,Dairy,Grocery,5Free item,71.9,"{'transaction_affinity': 0.081, 'redemption_match': 0.1, 'points_eligibility': 1.0, 'cart_affinity': 1.0, 'demographic_match': 0.8}","{'recency_boost': False, 'tier_multiplier': True}"
CUST0323,4U+,Fuel,3,OFFER020,Beverages Reward #20,Beverages,Grocery,5Free item,70.42,"{'transaction_affinity': 0.148, 'redemption_match': 0.1, 'points_eligibility': 1.0, 'cart_affinity': 1.0, 'demographic_match': 0.5}","{'recency_boost': False, 'tier_multiplier': True}"
CUST0324,4U+,Grocery,1,OFFER005,Produce Reward #5,Produce,eCommerce,5$ off,100.0,"{'transaction_affinity': 0.272, 'redemption_match': 0.9, 'points_eligibility': 1.0, 'cart_affinity': 0.8, 'demographic_match': 0.8}","{'recency_boost': False, 'tier_multiplier': True}"
CUST0324,4U+,Grocery,2,OFFER008,Produce Reward #8,Produce,Grocery,25% off,100.0,"{'transaction_affinity': 0.272, 'redemption_match': 1.0, 'points_eligibility': 1.0, 'cart_affinity': 0.76, 'demographic_match': 0.8}","{'recency_boost': False, 'tier_multiplier': True}"
CUST0324,4U+,Grocery,3,OFFER011,Dairy Reward #11,Dairy,Grocery,5Free item,99.83,"{'transaction_affinity': 0.072, 'redemption_match': 1.0, 'points_eligibility': 1.0, 'cart_affinity': 0.76, 'demographic_match': 0.8}","{'recency_boost': False, 'tier_multiplier': True}"
CUST0325,Standard,Grocery,1,OFFER009,Bakery Reward #9,Bakery,Grocery,25% off,70.34,"{'transaction_affinity': 0.268, 'redemption_match': 1.0, 'points_eligibility': 1.0, 'cart_affinity': 0.82, 'demographic_match': 0.5}","{'recency_boost': False, 'tier_multiplier': False}"
CUST0325,Standard,Grocery,2,OFFER003,Dairy Reward #3,Dairy,Grocery,50$ off,70.04,"{'transaction_affinity': 0.158, 'redemption_match': 1.0, 'points_eligibility': 1.0, 'cart_affinity': 0.82, 'demographic_match': 0.8}","{'recency_boost': False, 'tier_multiplier': False}"
CUST0325,Standard,Grocery,3,OFFER011,Dairy Reward #11,Dairy,Grocery,5Free item,70.04,"{'transaction_affinity': 0.158, 'redemption_match': 1.0, 'points_eligibility': 1.0, 'cart_affinity': 0.82, 'demographic_match': 0.8}","{'recency_boost': False, 'tier_multiplier': False}"
CUST0326,4U+,Grocery,1,OFFER005,Produce Reward #5,Produce,eCommerce,5$ off,100.0,"{'transaction_affinity': 0.216, 'redemption_match': 0.9, 'points_eligibility': 1.0, 'cart_affinity': 0.8, 'demographic_match': 0.8}","{'recency_boost': False, 'tier_multiplier': True}"
CUST0326,4U+,Grocery,2,OFFER008,Produce Reward #8,Produce,Grocery,25% off,100.0,"{'transaction_affinity': 0.216, 'redemption_match': 1.0, 'points_eligibility': 1.0, 'cart_affinity': 0.76, 'demographic_match': 0.8}","{'recency_boost': False, 'tier_multiplier': True}"
CUST0326,4U+,Grocery,3,OFFER011,Dairy Reward #11,Dairy,Grocery,5Free item,100.0,"{'transaction_affinity': 0.199, 'redemption_match': 1.0, 'points_eligibility': 1.0, 'cart_affinity': 0.76, 'demographic_match': 0.8}","{'recency_boost': False, 'tier_multiplier': True}"
CUST0327,Standard,Fuel,1,OFFER007,Dairy Reward #7,Dairy,Both,15Free item,75.36,"{'transaction_affinity': 0.177, 'redemption_match': 0.7, 'points_eligibility': 1.0, 'cart_affinity': 1.0, 'demographic_match': 0.5}","{'recency_boost': True, 'tier_multiplier': False}"
CUST0327,Standard,Fuel,2,OFFER014,Dairy Reward #14,Dairy,Both,50$ off,75.36,"{'transaction_affinity': 0.177, 'redemption_match': 0.7, 'points_eligibility': 1.0, 'cart_affinity': 1.0, 'demographic_match': 0.5}","{'recency_boost': True, 'tier_multiplier': False}"
CUST0327,Standard,Fuel,3,OFFER004,Beverages Reward #4,Beverages,Both,50% off,69.0,"{'transaction_affinity': 0.0, 'redemption_match': 0.7, 'points_eligibility': 1.0, 'cart_affinity': 1.0, 'demographic_match': 0.5}","{'recency_boost': True, 'tier_multiplier': False}"
CUST0328,Standard,Grocery,1,OFFER003,Dairy Reward #3,Dairy,Grocery,50$ off,77.19,"{'transaction_affinity': 0.336, 'redemption_match': 1.0, 'points_eligibility': 1.0, 'cart_affinity': 0.94, 'demographic_match': 0.8}","{'recency_boost': False, 'tier_multiplier': False}"
CUST0328,Standard,Grocery,2,OFFER011,Dairy Reward #11,Dairy,Grocery,5Free item,77.19,"{'transaction_affinity': 0.336, 'redemption_match': 1.0, 'points_eligibility': 1.0, 'cart_affinity': 0.94, 'demographic_match': 0.8}","{'recency_boost': False, 'tier_multiplier': False}"
CUST0328,Standard,Grocery,3,OFFER009,Bakery Reward #9,Bakery,Grocery,25% off,71.25,"{'transaction_affinity': 0.238, 'redemption_match': 1.0, 'points_eligibility': 1.0, 'cart_affinity': 0.94, 'demographic_match': 0.5}","{'recency_boost': False, 'tier_multiplier': False}"
CUST0329,Standard,Grocery,1,OFFER003,Dairy Reward #3,Dairy,Grocery,50$ off,84.51,"{'transaction_affinity': 0.301, 'redemption_match': 1.0, 'points_eligibility': 1.0, 'cart_affinity': 0.76, 'demographic_match': 0.5}","{'recency_boost': True, 'tier_multiplier': False}"
CUST0329,Standard,Grocery,2,OFFER011,Dairy Reward #11,Dairy,Grocery,5Free item,84.51,"{'transaction_affinity': 0.301, 'redemption_match': 1.0, 'points_eligibility': 1.0, 'cart_affinity': 0.76, 'demographic_match': 0.5}","{'recency_boost': True, 'tier_multiplier': False}"
CUST0329,Standard,Grocery,3,OFFER008,Produce Reward #8,Produce,Grocery,25% off,81.01,"{'transaction_affinity': 0.204, 'redemption_match': 1.0, 'points_eligibility': 1.0, 'cart_affinity': 0.76, 'demographic_match': 0.5}","{'recency_boost': True, 'tier_multiplier': False}"
CUST0330,4U+,Grocery,1,OFFER011,Dairy Reward #11,Dairy,Grocery,5Free item,100.0,"{'transaction_affinity': 0.225, 'redemption_match': 1.0, 'points_eligibility': 1.0, 'cart_affinity': 1.0, 'demographic_match': 0.5}","{'recency_boost': True, 'tier_multiplier': True}"
CUST0330,4U+,Grocery,2,OFFER020,Beverages Reward #20,Beverages,Grocery,5Free item,100.0,"{'transaction_affinity': 0.216, 'redemption_match': 1.0, 'points_eligibility': 1.0, 'cart_affinity': 1.0, 'demographic_match': 0.5}","{'recency_boost': True, 'tier_multiplier': True}"
CUST0330,4U+,Grocery,3,OFFER005,Produce Reward #5,Produce,eCommerce,5$ off,88.32,"{'transaction_affinity': 0.052, 'redemption_match': 0.9, 'points_eligibility': 1.0, 'cart_affinity': 0.0, 'demographic_match': 0.5}","{'recency_boost': True, 'tier_multiplier': True}"
CUST0331,Standard,Grocery,1,OFFER009,Bakery Reward #9,Bakery,Grocery,25% off,73.83,"{'transaction_affinity': 0.294, 'redemption_match': 1.0, 'points_eligibility': 1.0, 'cart_affinity': 1.0, 'demographic_match': 0.5}","{'recency_boost': False, 'tier_multiplier': False}"
CUST0331,Standard,Grocery,2,OFFER017,Snacks Reward #17,Snacks,Grocery,15Fuel cents/L,70.76,"{'transaction_affinity': 0.192, 'redemption_match': 1.0, 'points_eligibility': 1.0, 'cart_affinity': 1.0, 'demographic_match': 0.5}","{'recency_boost': False, 'tier_multiplier': False}"
CUST0331,Standard,Grocery,3,OFFER020,Beverages Reward #20,Beverages,Grocery,5Free item,69.35,"{'transaction_affinity': 0.145, 'redemption_match': 1.0, 'points_eligibility': 1.0, 'cart_affinity': 1.0, 'demographic_match': 0.5}","{'recency_boost': False, 'tier_multiplier': False}"
CUST0332,Standard,Fuel,1,OFFER007,Dairy Reward #7,Dairy,Both,15Free item,60.57,"{'transaction_affinity': 0.102, 'redemption_match': 0.7, 'points_eligibility': 1.0, 'cart_affinity': 1.0, 'demographic_match': 0.5}","{'recency_boost': False, 'tier_multiplier': False}"
CUST0332,Standard,Fuel,2,OFFER014,Dairy Reward #14,Dairy,Both,50$ off,60.57,"{'transaction_affinity': 0.102, 'redemption_match': 0.7, 'points_eligibility': 1.0, 'cart_affinity': 1.0, 'demographic_match': 0.5}","{'recency_boost': False, 'tier_multiplier': False}"
CUST0332,Standard,Fuel,3,OFFER004,Beverages Reward #4,Beverages,Both,50% off,60.01,"{'transaction_affinity': 0.084, 'redemption_match': 0.7, 'points_eligibility': 1.0, 'cart_affinity': 1.0, 'demographic_match': 0.5}","{'recency_boost': False, 'tier_multiplier': False}"
CUST0333,4U+,Fuel,1,OFFER008,Produce Reward #8,Produce,Grocery,25% off,75.88,"{'transaction_affinity': 0.27, 'redemption_match': 0.1, 'points_eligibility': 1.0, 'cart_affinity': 1.0, 'demographic_match': 0.5}","{'recency_boost': False, 'tier_multiplier': True}"
CUST0333,4U+,Fuel,2,OFFER015,Snacks Reward #15,Snacks,Grocery,20Fuel cents/L,74.91,"{'transaction_affinity': 0.248, 'redemption_match': 0.1, 'points_eligibility': 1.0, 'cart_affinity': 1.0, 'demographic_match': 0.5}","{'recency_boost': False, 'tier_multiplier': True}"
CUST0333,4U+,Fuel,3,OFFER005,Produce Reward #5,Produce,eCommerce,5$ off,72.13,"{'transaction_affinity': 0.27, 'redemption_match': 0.6, 'points_eligibility': 1.0, 'cart_affinity': 0.0, 'demographic_match': 0.5}","{'recency_boost': False, 'tier_multiplier': True}"
CUST0334,Standard,Grocery,1,OFFER003,Dairy Reward #3,Dairy,Grocery,50$ off,65.42,"{'transaction_affinity': 0.104, 'redemption_match': 1.0, 'points_eligibility': 1.0, 'cart_affinity': 0.82, 'demographic_match': 0.5}","{'recency_boost': False, 'tier_multiplier': False}"
CUST0334,Standard,Grocery,2,OFFER011,Dairy Reward #11,Dairy,Grocery,5Free item,65.42,"{'transaction_affinity': 0.104, 'redemption_match': 1.0, 'points_eligibility': 1.0, 'cart_affinity': 0.82, 'demographic_match': 0.5}","{'recency_boost': False, 'tier_multiplier': False}"
CUST0334,Standard,Grocery,3,OFFER009,Bakery Reward #9,Bakery,Grocery,25% off,64.47,"{'transaction_affinity': 0.072, 'redemption_match': 1.0, 'points_eligibility': 1.0, 'cart_affinity': 0.82, 'demographic_match': 0.5}","{'recency_boost': False, 'tier_multiplier': False}"
CUST0335,4U+,Fuel,1,OFFER014,Dairy Reward #14,Dairy,Both,50$ off,64.34,"{'transaction_affinity': 0.128, 'redemption_match': 0.7, 'points_eligibility': 1.0, 'cart_affinity': 1.0, 'demographic_match': 0.8}","{'recency_boost': False, 'tier_multiplier': False}"
CUST0335,4U+,Fuel,2,OFFER003,Dairy Reward #3,Dairy,Grocery,50$ off,49.34,"{'transaction_affinity': 0.128, 'redemption_match': 0.1, 'points_eligibility': 1.0, 'cart_affinity': 1.0, 'demographic_match': 0.8}","{'recency_boost': False, 'tier_multiplier': False}"
CUST0335,4U+,Fuel,3,OFFER001,Grocery Reward #1,Grocery,eCommerce,10Fuel cents/L,48.82,"{'transaction_affinity': 0.194, 'redemption_match': 0.6, 'points_eligibility': 1.0, 'cart_affinity': 0.0, 'demographic_match': 0.8}","{'recency_boost': False, 'tier_multiplier': False}"
CUST0336,4U+,Grocery,1,OFFER008,Produce Reward #8,Produce,Grocery,25% off,100.0,"{'transaction_affinity': 0.184, 'redemption_match': 1.0, 'points_eligibility': 1.0, 'cart_affinity': 0.94, 'demographic_match': 0.5}","{'recency_boost': False, 'tier_multiplier': True}"
CUST0336,4U+,Grocery,2,OFFER011,Dairy Reward #11,Dairy,Grocery,5Free item,100.0,"{'transaction_affinity': 0.401, 'redemption_match': 1.0, 'points_eligibility': 1.0, 'cart_affinity': 0.94, 'demographic_match': 0.5}","{'recency_boost': False, 'tier_multiplier': True}"
CUST0336,4U+,Grocery,3,OFFER015,Snacks Reward #15,Snacks,Grocery,20Fuel cents/L,96.15,"{'transaction_affinity': 0.0, 'redemption_match': 1.0, 'points_eligibility': 1.0, 'cart_affinity': 0.94, 'demographic_match': 0.5}","{'recency_boost': False, 'tier_multiplier': True}"
CUST0337,4U+,Grocery,1,OFFER005,Produce Reward #5,Produce,eCommerce,5$ off,100.0,"{'transaction_affinity': 0.233, 'redemption_match': 0.9, 'points_eligibility': 1.0, 'cart_affinity': 1.0, 'demographic_match': 0.8}","{'recency_boost': False, 'tier_multiplier': True}"
CUST0337,4U+,Grocery,2,OFFER011,Dairy Reward #11,Dairy,Grocery,5Free item,100.0,"{'transaction_affinity': 0.202, 'redemption_match': 1.0, 'points_eligibility': 1.0, 'cart_affinity': 0.7, 'demographic_match': 0.8}","{'recency_boost': False, 'tier_multiplier': True}"
CUST0337,4U+,Grocery,3,OFFER020,Beverages Reward #20,Beverages,Grocery,5Free item,90.75,"{'transaction_affinity': 0.0, 'redemption_match': 1.0, 'points_eligibility': 1.0, 'cart_affinity': 0.7, 'demographic_match': 0.5}","{'recency_boost': False, 'tier_multiplier': True}"
CUST0338,Standard,Grocery,1,OFFER003,Dairy Reward #3,Dairy,Grocery,50$ off,73.17,"{'transaction_affinity': 0.422, 'redemption_match': 1.0, 'points_eligibility': 1.0, 'cart_affinity': 0.7, 'demographic_match': 0.5}","{'recency_boost': False, 'tier_multiplier': False}"
CUST0338,Standard,Grocery,2,OFFER011,Dairy Reward #11,Dairy,Grocery,5Free item,73.17,"{'transaction_affinity': 0.422, 'redemption_match': 1.0, 'points_eligibility': 1.0, 'cart_affinity': 0.7, 'demographic_match': 0.5}","{'recency_boost': False, 'tier_multiplier': False}"
CUST0338,Standard,Grocery,3,OFFER009,Bakery Reward #9,Bakery,Grocery,25% off,67.16,"{'transaction_affinity': 0.222, 'redemption_match': 1.0, 'points_eligibility': 1.0, 'cart_affinity': 0.7, 'demographic_match': 0.5}","{'recency_boost': False, 'tier_multiplier': False}"
CUST0339,4U+,Fuel,1,OFFER016,Bakery Reward #16,Bakery,eCommerce,25Free item,66.52,"{'transaction_affinity': 0.145, 'redemption_match': 0.6, 'points_eligibility': 1.0, 'cart_affinity': 0.0, 'demographic_match': 0.5}","{'recency_boost': False, 'tier_multiplier': True}"
CUST0339,4U+,Fuel,2,OFFER015,Snacks Reward #15,Snacks,Grocery,20Fuel cents/L,65.45,"{'transaction_affinity': 0.038, 'redemption_match': 0.1, 'points_eligibility': 1.0, 'cart_affinity': 1.0, 'demographic_match': 0.5}","{'recency_boost': False, 'tier_multiplier': True}"
CUST0339,4U+,Fuel,3,OFFER020,Beverages Reward #20,Beverages,Grocery,5Free item,64.56,"{'transaction_affinity': 0.018, 'redemption_match': 0.1, 'points_eligibility': 1.0, 'cart_affinity': 1.0, 'demographic_match': 0.5}","{'recency_boost': False, 'tier_multiplier': True}"
CUST0340,4U+,Grocery,1,OFFER008,Produce Reward #8,Produce,Grocery,25% off,100.0,"{'transaction_affinity': 0.228, 'redemption_match': 1.0, 'points_eligibility': 1.0, 'cart_affinity': 0.88, 'demographic_match': 0.5}","{'recency_boost': False, 'tier_multiplier': True}"
CUST0340,4U+,Grocery,2,OFFER011,Dairy Reward #11,Dairy,Grocery,5Free item,100.0,"{'transaction_affinity': 0.137, 'redemption_match': 1.0, 'points_eligibility': 1.0, 'cart_affinity': 0.88, 'demographic_match': 0.5}","{'recency_boost': False, 'tier_multiplier': True}"
CUST0340,4U+,Grocery,3,OFFER015,Snacks Reward #15,Snacks,Grocery,20Fuel cents/L,100.0,"{'transaction_affinity': 0.129, 'redemption_match': 1.0, 'points_eligibility': 1.0, 'cart_affinity': 0.88, 'demographic_match': 0.5}","{'recency_boost': False, 'tier_multiplier': True}"
CUST0341,Standard,Grocery,1,OFFER008,Produce Reward #8,Produce,Grocery,25% off,72.35,"{'transaction_affinity': 0.265, 'redemption_match': 1.0, 'points_eligibility': 1.0, 'cart_affinity': 0.76, 'demographic_match': 0.8}","{'recency_boost': False, 'tier_multiplier': False}"
CUST0341,Standard,Grocery,2,OFFER003,Dairy Reward #3,Dairy,Grocery,50$ off,71.04,"{'transaction_affinity': 0.221, 'redemption_match': 1.0, 'points_eligibility': 1.0, 'cart_affinity': 0.76, 'demographic_match': 0.8}","{'recency_boost': False, 'tier_multiplier': False}"
CUST0341,Standard,Grocery,3,OFFER011,Dairy Reward #11,Dairy,Grocery,5Free item,71.04,"{'transaction_affinity': 0.221, 'redemption_match': 1.0, 'points_eligibility': 1.0, 'cart_affinity': 0.76, 'demographic_match': 0.8}","{'recency_boost': False, 'tier_multiplier': False}"
CUST0342,4U+,Grocery,1,OFFER011,Dairy Reward #11,Dairy,Grocery,5Free item,100.0,"{'transaction_affinity': 0.138, 'redemption_match': 1.0, 'points_eligibility': 1.0, 'cart_affinity': 0.94, 'demographic_match': 0.8}","{'recency_boost': False, 'tier_multiplier': True}"
CUST0342,4U+,Grocery,2,OFFER020,Beverages Reward #20,Beverages,Grocery,5Free item,96.15,"{'transaction_affinity': 0.0, 'redemption_match': 1.0, 'points_eligibility': 1.0, 'cart_affinity': 0.94, 'demographic_match': 0.5}","{'recency_boost': False, 'tier_multiplier': True}"
CUST0342,4U+,Grocery,3,OFFER005,Produce Reward #5,Produce,eCommerce,5$ off,86.99,"{'transaction_affinity': 0.15, 'redemption_match': 0.9, 'points_eligibility': 1.0, 'cart_affinity': 0.2, 'demographic_match': 0.8}","{'recency_boost': False, 'tier_multiplier': True}"
CUST0343,4U+,Grocery,1,OFFER011,Dairy Reward #11,Dairy,Grocery,5Free item,100.0,"{'transaction_affinity': 0.426, 'redemption_match': 1.0, 'points_eligibility': 1.0, 'cart_affinity': 1.0, 'demographic_match': 0.5}","{'recency_boost': False, 'tier_multiplier': True}"
CUST0343,4U+,Grocery,2,OFFER008,Produce Reward #8,Produce,Grocery,25% off,98.82,"{'transaction_affinity': 0.029, 'redemption_match': 1.0, 'points_eligibility': 1.0, 'cart_affinity': 1.0, 'demographic_match': 0.5}","{'recency_boost': False, 'tier_multiplier': True}"
CUST0343,4U+,Grocery,3,OFFER015,Snacks Reward #15,Snacks,Grocery,20Fuel cents/L,97.5,"{'transaction_affinity': 0.0, 'redemption_match': 1.0, 'points_eligibility': 1.0, 'cart_affinity': 1.0, 'demographic_match': 0.5}","{'recency_boost': False, 'tier_multiplier': True}"
CUST0344,Standard,Fuel,1,OFFER004,Beverages Reward #4,Beverages,Both,50% off,63.23,"{'transaction_affinity': 0.191, 'redemption_match': 0.7, 'points_eligibility': 1.0, 'cart_affinity': 1.0, 'demographic_match': 0.5}","{'recency_boost': False, 'tier_multiplier': False}"
CUST0344,Standard,Fuel,2,OFFER006,Beverages Reward #6,Beverages,Both,50Fuel cents/L,63.23,"{'transaction_affinity': 0.191, 'redemption_match': 0.7, 'points_eligibility': 1.0, 'cart_affinity': 1.0, 'demographic_match': 0.5}","{'recency_boost': False, 'tier_multiplier': False}"
CUST0344,Standard,Fuel,3,OFFER012,Produce Reward #12,Produce,Both,15$ off,62.41,"{'transaction_affinity': 0.064, 'redemption_match': 0.7, 'points_eligibility': 1.0, 'cart_affinity': 1.0, 'demographic_match': 0.8}","{'recency_boost': False, 'tier_multiplier': False}"
CUST0345,Standard,Grocery,1,OFFER008,Produce Reward #8,Produce,Grocery,25% off,76.34,"{'transaction_affinity': 0.438, 'redemption_match': 1.0, 'points_eligibility': 1.0, 'cart_affinity': 0.88, 'demographic_match': 0.5}","{'recency_boost': False, 'tier_multiplier': False}"
CUST0345,Standard,Grocery,2,OFFER009,Bakery Reward #9,Bakery,Grocery,25% off,71.21,"{'transaction_affinity': 0.267, 'redemption_match': 1.0, 'points_eligibility': 1.0, 'cart_affinity': 0.88, 'demographic_match': 0.5}","{'recency_boost': False, 'tier_multiplier': False}"
CUST0345,Standard,Grocery,3,OFFER020,Beverages Reward #20,Beverages,Grocery,5Free item,69.43,"{'transaction_affinity': 0.208, 'redemption_match': 1.0, 'points_eligibility': 1.0, 'cart_affinity': 0.88, 'demographic_match': 0.5}","{'recency_boost': False, 'tier_multiplier': False}"
CUST0346,Standard,Grocery,1,OFFER009,Bakery Reward #9,Bakery,Grocery,25% off,76.96,"{'transaction_affinity': 0.489, 'redemption_match': 1.0, 'points_eligibility': 1.0, 'cart_affinity': 0.82, 'demographic_match': 0.5}","{'recency_boost': False, 'tier_multiplier': False}"
CUST0346,Standard,Grocery,2,OFFER001,Grocery Reward #1,Grocery,eCommerce,10Fuel cents/L,66.22,"{'transaction_affinity': 0.324, 'redemption_match': 0.9, 'points_eligibility': 1.0, 'cart_affinity': 0.6, 'demographic_match': 0.5}","{'recency_boost': False, 'tier_multiplier': False}"
CUST0346,Standard,Grocery,3,OFFER013,Grocery Reward #13,Grocery,eCommerce,10% off,66.22,"{'transaction_affinity': 0.324, 'redemption_match': 0.9, 'points_eligibility': 1.0, 'cart_affinity': 0.6, 'demographic_match': 0.5}","{'recency_boost': False, 'tier_multiplier': False}"
CUST0347,4U+,Fuel,1,OFFER011,Dairy Reward #11,Dairy,Grocery,5Free item,76.63,"{'transaction_affinity': 0.186, 'redemption_match': 0.1, 'points_eligibility': 1.0, 'cart_affinity': 1.0, 'demographic_match': 0.8}","{'recency_boost': False, 'tier_multiplier': True}"
CUST0347,4U+,Fuel,2,OFFER005,Produce Reward #5,Produce,eCommerce,5$ off,69.15,"{'transaction_affinity': 0.103, 'redemption_match': 0.6, 'points_eligibility': 1.0, 'cart_affinity': 0.0, 'demographic_match': 0.8}","{'recency_boost': False, 'tier_multiplier': True}"
CUST0347,4U+,Fuel,3,OFFER014,Dairy Reward #14,Dairy,Both,50$ off,66.09,"{'transaction_affinity': 0.186, 'redemption_match': 0.7, 'points_eligibility': 1.0, 'cart_affinity': 1.0, 'demographic_match': 0.8}","{'recency_boost': False, 'tier_multiplier': False}"
CUST0348,Standard,Grocery,1,OFFER003,Dairy Reward #3,Dairy,Grocery,50$ off,71.91,"{'transaction_affinity': 0.23, 'redemption_match': 1.0, 'points_eligibility': 1.0, 'cart_affinity': 1.0, 'demographic_match': 0.5}","{'recency_boost': False, 'tier_multiplier': False}"
CUST0348,Standard,Grocery,2,OFFER011,Dairy Reward #11,Dairy,Grocery,5Free item,71.91,"{'transaction_affinity': 0.23, 'redemption_match': 1.0, 'points_eligibility': 1.0, 'cart_affinity': 1.0, 'demographic_match': 0.5}","{'recency_boost': False, 'tier_multiplier': False}"
CUST0348,Standard,Grocery,3,OFFER009,Bakery Reward #9,Bakery,Grocery,25% off,68.09,"{'transaction_affinity': 0.103, 'redemption_match': 1.0, 'points_eligibility': 1.0, 'cart_affinity': 1.0, 'demographic_match': 0.5}","{'recency_boost': False, 'tier_multiplier': False}"
CUST0349,Standard,Fuel,1,OFFER007,Dairy Reward #7,Dairy,Both,15Free item,62.78,"{'transaction_affinity': 0.076, 'redemption_match': 0.7, 'points_eligibility': 1.0, 'cart_affinity': 1.0, 'demographic_match': 0.8}","{'recency_boost': False, 'tier_multiplier': False}"
CUST0349,Standard,Fuel,2,OFFER014,Dairy Reward #14,Dairy,Both,50$ off,62.78,"{'transaction_affinity': 0.076, 'redemption_match': 0.7, 'points_eligibility': 1.0, 'cart_affinity': 1.0, 'demographic_match': 0.8}","{'recency_boost': False, 'tier_multiplier': False}"
CUST0349,Standard,Fuel,3,OFFER012,Produce Reward #12,Produce,Both,15$ off,62.59,"{'transaction_affinity': 0.07, 'redemption_match': 0.7, 'points_eligibility': 1.0, 'cart_affinity': 1.0, 'demographic_match': 0.8}","{'recency_boost': False, 'tier_multiplier': False}"
CUST0350,4U+,Fuel,1,OFFER011,Dairy Reward #11,Dairy,Grocery,5Free item,67.08,"{'transaction_affinity': 0.074, 'redemption_match': 0.1, 'points_eligibility': 1.0, 'cart_affinity': 1.0, 'demographic_match': 0.5}","{'recency_boost': False, 'tier_multiplier': True}"
CUST0350,4U+,Fuel,2,OFFER020,Beverages Reward #20,Beverages,Grocery,5Free item,64.85,"{'transaction_affinity': 0.024, 'redemption_match': 0.1, 'points_eligibility': 1.0, 'cart_affinity': 1.0, 'demographic_match': 0.5}","{'recency_boost': False, 'tier_multiplier': True}"
CUST0350,4U+,Fuel,3,OFFER005,Produce Reward #5,Produce,eCommerce,5$ off,63.68,"{'transaction_affinity': 0.082, 'redemption_match': 0.6, 'points_eligibility': 1.0, 'cart_affinity': 0.0, 'demographic_match': 0.5}","{'recency_boost': False, 'tier_multiplier': True}"
CUST0351,4U+,Fuel,1,OFFER008,Produce Reward #8,Produce,Grocery,25% off,70.68,"{'transaction_affinity': 0.054, 'redemption_match': 0.1, 'points_eligibility': 1.0, 'cart_affinity': 1.0, 'demographic_match': 0.8}","{'recency_boost': False, 'tier_multiplier': True}"
CUST0351,4U+,Fuel,2,OFFER020,Beverages Reward #20,Beverages,Grocery,5Free item,69.28,"{'transaction_affinity': 0.123, 'redemption_match': 0.1, 'points_eligibility': 1.0, 'cart_affinity': 1.0, 'demographic_match': 0.5}","{'recency_boost': False, 'tier_multiplier': True}"
CUST0351,4U+,Fuel,3,OFFER015,Snacks Reward #15,Snacks,Grocery,20Fuel cents/L,68.99,"{'transaction_affinity': 0.117, 'redemption_match': 0.1, 'points_eligibility': 1.0, 'cart_affinity': 1.0, 'demographic_match': 0.5}","{'recency_boost': False, 'tier_multiplier': True}"
CUST0352,Standard,Grocery,1,OFFER003,Dairy Reward #3,Dairy,Grocery,50$ off,77.89,"{'transaction_affinity': 0.39, 'redemption_match': 1.0, 'points_eligibility': 1.0, 'cart_affinity': 0.88, 'demographic_match': 0.8}","{'recency_boost': False, 'tier_multiplier': False}"
CUST0352,Standard,Grocery,2,OFFER011,Dairy Reward #11,Dairy,Grocery,5Free item,77.89,"{'transaction_affinity': 0.39, 'redemption_match': 1.0, 'points_eligibility': 1.0, 'cart_affinity': 0.88, 'demographic_match': 0.8}","{'recency_boost': False, 'tier_multiplier': False}"
CUST0352,Standard,Grocery,3,OFFER007,Dairy Reward #7,Dairy,Both,15Free item,70.39,"{'transaction_affinity': 0.39, 'redemption_match': 0.7, 'points_eligibility': 1.0, 'cart_affinity': 0.88, 'demographic_match': 0.8}","{'recency_boost': False, 'tier_multiplier': False}"
CUST0353,4U+,Grocery,1,OFFER008,Produce Reward #8,Produce,Grocery,25% off,100.0,"{'transaction_affinity': 0.133, 'redemption_match': 1.0, 'points_eligibility': 1.0, 'cart_affinity': 0.94, 'demographic_match': 0.5}","{'recency_boost': False, 'tier_multiplier': True}"
CUST0353,4U+,Grocery,2,OFFER011,Dairy Reward #11,Dairy,Grocery,5Free item,100.0,"{'transaction_affinity': 0.284, 'redemption_match': 1.0, 'points_eligibility': 1.0, 'cart_affinity': 0.94, 'demographic_match': 0.5}","{'recency_boost': False, 'tier_multiplier': True}"
CUST0353,4U+,Grocery,3,OFFER015,Snacks Reward #15,Snacks,Grocery,20Fuel cents/L,100.0,"{'transaction_affinity': 0.139, 'redemption_match': 1.0, 'points_eligibility': 1.0, 'cart_affinity': 0.94, 'demographic_match': 0.5}","{'recency_boost': False, 'tier_multiplier': True}"
CUST0354,Standard,Fuel,1,OFFER012,Produce Reward #12,Produce,Both,15$ off,63.51,"{'transaction_affinity': 0.1, 'redemption_match': 0.7, 'points_eligibility': 1.0, 'cart_affinity': 1.0, 'demographic_match': 0.8}","{'recency_boost': False, 'tier_multiplier': False}"
CUST0354,Standard,Fuel,2,OFFER019,Produce Reward #19,Produce,Both,5% off,63.51,"{'transaction_affinity': 0.1, 'redemption_match': 0.7, 'points_eligibility': 1.0, 'cart_affinity': 1.0, 'demographic_match': 0.8}","{'recency_boost': False, 'tier_multiplier': False}"
CUST0354,Standard,Fuel,3,OFFER007,Dairy Reward #7,Dairy,Both,15Free item,62.66,"{'transaction_affinity': 0.072, 'redemption_match': 0.7, 'points_eligibility': 1.0, 'cart_affinity': 1.0, 'demographic_match': 0.8}","{'recency_boost': False, 'tier_multiplier': False}"
CUST0355,4U+,Fuel,1,OFFER011,Dairy Reward #11,Dairy,Grocery,5Free item,74.32,"{'transaction_affinity': 0.135, 'redemption_match': 0.1, 'points_eligibility': 1.0, 'cart_affinity': 1.0, 'demographic_match': 0.8}","{'recency_boost': False, 'tier_multiplier': True}"
CUST0355,4U+,Fuel,2,OFFER020,Beverages Reward #20,Beverages,Grocery,5Free item,71.47,"{'transaction_affinity': 0.172, 'redemption_match': 0.1, 'points_eligibility': 1.0, 'cart_affinity': 1.0, 'demographic_match': 0.5}","{'recency_boost': False, 'tier_multiplier': True}"
CUST0355,4U+,Fuel,3,OFFER008,Produce Reward #8,Produce,Grocery,25% off,69.53,"{'transaction_affinity': 0.029, 'redemption_match': 0.1, 'points_eligibility': 1.0, 'cart_affinity': 1.0, 'demographic_match': 0.8}","{'recency_boost': False, 'tier_multiplier': True}"
CUST0356,Standard,Fuel,1,OFFER004,Beverages Reward #4,Beverages,Both,50% off,76.66,"{'transaction_affinity': 0.213, 'redemption_match': 0.7, 'points_eligibility': 1.0, 'cart_affinity': 1.0, 'demographic_match': 0.5}","{'recency_boost': True, 'tier_multiplier': False}"
CUST0356,Standard,Fuel,2,OFFER006,Beverages Reward #6,Beverages,Both,50Fuel cents/L,76.66,"{'transaction_affinity': 0.213, 'redemption_match': 0.7, 'points_eligibility': 1.0, 'cart_affinity': 1.0, 'demographic_match': 0.5}","{'recency_boost': True, 'tier_multiplier': False}"
CUST0356,Standard,Fuel,3,OFFER018,Beverages Reward #18,Beverages,Both,50$ off,76.66,"{'transaction_affinity': 0.213, 'redemption_match': 0.7, 'points_eligibility': 1.0, 'cart_affinity': 1.0, 'demographic_match': 0.5}","{'recency_boost': True, 'tier_multiplier': False}"
CUST0357,Standard,Fuel,1,OFFER012,Produce Reward #12,Produce,Both,15$ off,64.73,"{'transaction_affinity': 0.241, 'redemption_match': 0.7, 'points_eligibility': 1.0, 'cart_affinity': 1.0, 'demographic_match': 0.5}","{'recency_boost': False, 'tier_multiplier': False}"
CUST0357,Standard,Fuel,2,OFFER019,Produce Reward #19,Produce,Both,5% off,64.73,"{'transaction_affinity': 0.241, 'redemption_match': 0.7, 'points_eligibility': 1.0, 'cart_affinity': 1.0, 'demographic_match': 0.5}","{'recency_boost': False, 'tier_multiplier': False}"
CUST0357,Standard,Fuel,3,OFFER004,Beverages Reward #4,Beverages,Both,50% off,57.5,"{'transaction_affinity': 0.0, 'redemption_match': 0.7, 'points_eligibility': 1.0, 'cart_affinity': 1.0, 'demographic_match': 0.5}","{'recency_boost': False, 'tier_multiplier': False}"
CUST0358,Standard,Grocery,1,OFFER003,Dairy Reward #3,Dairy,Grocery,50$ off,70.9,"{'transaction_affinity': 0.317, 'redemption_match': 1.0, 'points_eligibility': 1.0, 'cart_affinity': 0.76, 'demographic_match': 0.5}","{'recency_boost': False, 'tier_multiplier': False}"
CUST0358,Standard,Grocery,2,OFFER011,Dairy Reward #11,Dairy,Grocery,5Free item,70.9,"{'transaction_affinity': 0.317, 'redemption_match': 1.0, 'points_eligibility': 1.0, 'cart_affinity': 0.76, 'demographic_match': 0.5}","{'recency_boost': False, 'tier_multiplier': False}"
CUST0358,Standard,Grocery,3,OFFER008,Produce Reward #8,Produce,Grocery,25% off,66.64,"{'transaction_affinity': 0.175, 'redemption_match': 1.0, 'points_eligibility': 1.0, 'cart_affinity': 0.76, 'demographic_match': 0.5}","{'recency_boost': False, 'tier_multiplier': False}"
CUST0359,4U+,Grocery,1,OFFER005,Produce Reward #5,Produce,eCommerce,5$ off,100.0,"{'transaction_affinity': 0.309, 'redemption_match': 0.9, 'points_eligibility': 1.0, 'cart_affinity': 0.8, 'demographic_match': 0.8}","{'recency_boost': True, 'tier_multiplier': True}"
CUST0359,4U+,Grocery,2,OFFER008,Produce Reward #8,Produce,Grocery,25% off,100.0,"{'transaction_affinity': 0.309, 'redemption_match': 1.0, 'points_eligibility': 1.0, 'cart_affinity': 0.76, 'demographic_match': 0.8}","{'recency_boost': True, 'tier_multiplier': True}"
CUST0359,4U+,Grocery,3,OFFER011,Dairy Reward #11,Dairy,Grocery,5Free item,100.0,"{'transaction_affinity': 0.179, 'redemption_match': 1.0, 'points_eligibility': 1.0, 'cart_affinity': 0.76, 'demographic_match': 0.8}","{'recency_boost': True, 'tier_multiplier': True}"
CUST0360,Standard,Fuel,1,OFFER007,Dairy Reward #7,Dairy,Both,15Free item,63.78,"{'transaction_affinity': 0.109, 'redemption_match': 0.7, 'points_eligibility': 1.0, 'cart_affinity': 1.0, 'demographic_match': 0.8}","{'recency_boost': False, 'tier_multiplier': False}"
CUST0360,Standard,Fuel,2,OFFER014,Dairy Reward #14,Dairy,Both,50$ off,63.78,"{'transaction_affinity': 0.109, 'redemption_match': 0.7, 'points_eligibility': 1.0, 'cart_affinity': 1.0, 'demographic_match': 0.8}","{'recency_boost': False, 'tier_multiplier': False}"
CUST0360,Standard,Fuel,3,OFFER012,Produce Reward #12,Produce,Both,15$ off,60.5,"{'transaction_affinity': 0.0, 'redemption_match': 0.7, 'points_eligibility': 1.0, 'cart_affinity': 1.0, 'demographic_match': 0.8}","{'recency_boost': False, 'tier_multiplier': False}"
CUST0361,Standard,Grocery,1,OFFER008,Produce Reward #8,Produce,Grocery,25% off,75.48,"{'transaction_affinity': 0.409, 'redemption_match': 1.0, 'points_eligibility': 1.0, 'cart_affinity': 0.88, 'demographic_match': 0.5}","{'recency_boost': False, 'tier_multiplier': False}"
CUST0361,Standard,Grocery,2,OFFER003,Dairy Reward #3,Dairy,Grocery,50$ off,68.16,"{'transaction_affinity': 0.165, 'redemption_match': 1.0, 'points_eligibility': 1.0, 'cart_affinity': 0.88, 'demographic_match': 0.5}","{'recency_boost': False, 'tier_multiplier': False}"
CUST0361,Standard,Grocery,3,OFFER011,Dairy Reward #11,Dairy,Grocery,5Free item,68.16,"{'transaction_affinity': 0.165, 'redemption_match': 1.0, 'points_eligibility': 1.0, 'cart_affinity': 0.88, 'demographic_match': 0.5}","{'recency_boost': False, 'tier_multiplier': False}"
CUST0362,Standard,Grocery,1,OFFER005,Produce Reward #5,Produce,eCommerce,5$ off,72.07,"{'transaction_affinity': 0.319, 'redemption_match': 0.9, 'points_eligibility': 1.0, 'cart_affinity': 1.0, 'demographic_match': 0.5}","{'recency_boost': False, 'tier_multiplier': False}"
CUST0362,Standard,Grocery,2,OFFER010,Produce Reward #10,Produce,eCommerce,50% off,72.07,"{'transaction_affinity': 0.319, 'redemption_match': 0.9, 'points_eligibility': 1.0, 'cart_affinity': 1.0, 'demographic_match': 0.5}","{'recency_boost': False, 'tier_multiplier': False}"
CUST0362,Standard,Grocery,3,OFFER008,Produce Reward #8,Produce,Grocery,25% off,70.07,"{'transaction_affinity': 0.319, 'redemption_match': 1.0, 'points_eligibility': 1.0, 'cart_affinity': 0.7, 'demographic_match': 0.5}","{'recency_boost': False, 'tier_multiplier': False}"
CUST0363,Standard,Grocery,1,OFFER003,Dairy Reward #3,Dairy,Grocery,50$ off,71.63,"{'transaction_affinity': 0.221, 'redemption_match': 1.0, 'points_eligibility': 1.0, 'cart_affinity': 1.0, 'demographic_match': 0.5}","{'recency_boost': False, 'tier_multiplier': False}"
CUST0363,Standard,Grocery,2,OFFER011,Dairy Reward #11,Dairy,Grocery,5Free item,71.63,"{'transaction_affinity': 0.221, 'redemption_match': 1.0, 'points_eligibility': 1.0, 'cart_affinity': 1.0, 'demographic_match': 0.5}","{'recency_boost': False, 'tier_multiplier': False}"
CUST0363,Standard,Grocery,3,OFFER009,Bakery Reward #9,Bakery,Grocery,25% off,67.2,"{'transaction_affinity': 0.073, 'redemption_match': 1.0, 'points_eligibility': 1.0, 'cart_affinity': 1.0, 'demographic_match': 0.5}","{'recency_boost': False, 'tier_multiplier': False}"
CUST0364,Standard,Grocery,1,OFFER009,Bakery Reward #9,Bakery,Grocery,25% off,73.13,"{'transaction_affinity': 0.361, 'redemption_match': 1.0, 'points_eligibility': 1.0, 'cart_affinity': 0.82, 'demographic_match': 0.5}","{'recency_boost': False, 'tier_multiplier': False}"
CUST0364,Standard,Grocery,2,OFFER003,Dairy Reward #3,Dairy,Grocery,50$ off,67.38,"{'transaction_affinity': 0.169, 'redemption_match': 1.0, 'points_eligibility': 1.0, 'cart_affinity': 0.82, 'demographic_match': 0.5}","{'recency_boost': False, 'tier_multiplier': False}"
CUST0364,Standard,Grocery,3,OFFER011,Dairy Reward #11,Dairy,Grocery,5Free item,67.38,"{'transaction_affinity': 0.169, 'redemption_match': 1.0, 'points_eligibility': 1.0, 'cart_affinity': 0.82, 'demographic_match': 0.5}","{'recency_boost': False, 'tier_multiplier': False}"
CUST0365,4U+,Fuel,1,OFFER008,Produce Reward #8,Produce,Grocery,25% off,69.19,"{'transaction_affinity': 0.121, 'redemption_match': 0.1, 'points_eligibility': 1.0, 'cart_affinity': 1.0, 'demographic_match': 0.5}","{'recency_boost': False, 'tier_multiplier': True}"
CUST0365,4U+,Fuel,2,OFFER020,Beverages Reward #20,Beverages,Grocery,5Free item,68.01,"{'transaction_affinity': 0.095, 'redemption_match': 0.1, 'points_eligibility': 1.0, 'cart_affinity': 1.0, 'demographic_match': 0.5}","{'recency_boost': False, 'tier_multiplier': True}"
CUST0365,4U+,Fuel,3,OFFER016,Bakery Reward #16,Bakery,eCommerce,25Free item,66.85,"{'transaction_affinity': 0.152, 'redemption_match': 0.6, 'points_eligibility': 1.0, 'cart_affinity': 0.0, 'demographic_match': 0.5}","{'recency_boost': False, 'tier_multiplier': True}"
CUST0366,Standard,Fuel,1,OFFER012,Produce Reward #12,Produce,Both,15$ off,59.92,"{'transaction_affinity': 0.081, 'redemption_match': 0.7, 'points_eligibility': 1.0, 'cart_affinity': 1.0, 'demographic_match': 0.5}","{'recency_boost': False, 'tier_multiplier': False}"
CUST0366,Standard,Fuel,2,OFFER014,Dairy Reward #14,Dairy,Both,50$ off,59.13,"{'transaction_affinity': 0.054, 'redemption_match': 0.7, 'points_eligibility': 1.0, 'cart_affinity': 1.0, 'demographic_match': 0.5}","{'recency_boost': False, 'tier_multiplier': False}"
CUST0366,Standard,Fuel,3,OFFER020,Beverages Reward #20,Beverages,Grocery,5Free item,46.05,"{'transaction_affinity': 0.118, 'redemption_match': 0.1, 'points_eligibility': 1.0, 'cart_affinity': 1.0, 'demographic_match': 0.5}","{'recency_boost': False, 'tier_multiplier': False}"
CUST0367,Standard,Fuel,1,OFFER012,Produce Reward #12,Produce,Both,15$ off,62.42,"{'transaction_affinity': 0.064, 'redemption_match': 0.7, 'points_eligibility': 1.0, 'cart_affinity': 1.0, 'demographic_match': 0.8}","{'recency_boost': False, 'tier_multiplier': False}"
CUST0367,Standard,Fuel,2,OFFER019,Produce Reward #19,Produce,Both,5% off,62.42,"{'transaction_affinity': 0.064, 'redemption_match': 0.7, 'points_eligibility': 1.0, 'cart_affinity': 1.0, 'demographic_match': 0.8}","{'recency_boost': False, 'tier_multiplier': False}"
CUST0367,Standard,Fuel,3,OFFER004,Beverages Reward #4,Beverages,Both,50% off,61.4,"{'transaction_affinity': 0.13, 'redemption_match': 0.7, 'points_eligibility': 1.0, 'cart_affinity': 1.0, 'demographic_match': 0.5}","{'recency_boost': False, 'tier_multiplier': False}"
CUST0368,Standard,Grocery,1,OFFER002,Beverages Reward #2,Beverages,eCommerce,10% off,71.46,"{'transaction_affinity': 0.299, 'redemption_match': 0.9, 'points_eligibility': 1.0, 'cart_affinity': 1.0, 'demographic_match': 0.5}","{'recency_boost': False, 'tier_multiplier': False}"
CUST0368,Standard,Grocery,2,OFFER003,Dairy Reward #3,Dairy,Grocery,50$ off,69.57,"{'transaction_affinity': 0.302, 'redemption_match': 1.0, 'points_eligibility': 1.0, 'cart_affinity': 0.7, 'demographic_match': 0.5}","{'recency_boost': False, 'tier_multiplier': False}"
CUST0368,Standard,Grocery,3,OFFER011,Dairy Reward #11,Dairy,Grocery,5Free item,69.57,"{'transaction_affinity': 0.302, 'redemption_match': 1.0, 'points_eligibility': 1.0, 'cart_affinity': 0.7, 'demographic_match': 0.5}","{'recency_boost': False, 'tier_multiplier': False}"
CUST0369,Standard,Grocery,1,OFFER009,Bakery Reward #9,Bakery,Grocery,25% off,74.98,"{'transaction_affinity': 0.363, 'redemption_match': 1.0, 'points_eligibility': 1.0, 'cart_affinity': 0.94, 'demographic_match': 0.5}","{'recency_boost': False, 'tier_multiplier': False}"
CUST0369,Standard,Grocery,2,OFFER008,Produce Reward #8,Produce,Grocery,25% off,73.74,"{'transaction_affinity': 0.321, 'redemption_match': 1.0, 'points_eligibility': 1.0, 'cart_affinity': 0.94, 'demographic_match': 0.5}","{'recency_boost': False, 'tier_multiplier': False}"
CUST0369,Standard,Grocery,3,OFFER003,Dairy Reward #3,Dairy,Grocery,50$ off,67.62,"{'transaction_affinity': 0.117, 'redemption_match': 1.0, 'points_eligibility': 1.0, 'cart_affinity': 0.94, 'demographic_match': 0.5}","{'recency_boost': False, 'tier_multiplier': False}"
CUST0370,Standard,Fuel,1,OFFER004,Beverages Reward #4,Beverages,Both,50% off,61.15,"{'transaction_affinity': 0.122, 'redemption_match': 0.7, 'points_eligibility': 1.0, 'cart_affinity': 1.0, 'demographic_match': 0.5}","{'recency_boost': False, 'tier_multiplier': False}"
CUST0370,Standard,Fuel,2,OFFER006,Beverages Reward #6,Beverages,Both,50Fuel cents/L,61.15,"{'transaction_affinity': 0.122, 'redemption_match': 0.7, 'points_eligibility': 1.0, 'cart_affinity': 1.0, 'demographic_match': 0.5}","{'recency_boost': False, 'tier_multiplier': False}"
CUST0370,Standard,Fuel,3,OFFER018,Beverages Reward #18,Beverages,Both,50$ off,61.15,"{'transaction_affinity': 0.122, 'redemption_match': 0.7, 'points_eligibility': 1.0, 'cart_affinity': 1.0, 'demographic_match': 0.5}","{'recency_boost': False, 'tier_multiplier': False}"
CUST0371,Standard,Grocery,1,OFFER003,Dairy Reward #3,Dairy,Grocery,50$ off,70.44,"{'transaction_affinity': 0.241, 'redemption_match': 1.0, 'points_eligibility': 1.0, 'cart_affinity': 0.88, 'demographic_match': 0.5}","{'recency_boost': False, 'tier_multiplier': False}"
CUST0371,Standard,Grocery,2,OFFER011,Dairy Reward #11,Dairy,Grocery,5Free item,70.44,"{'transaction_affinity': 0.241, 'redemption_match': 1.0, 'points_eligibility': 1.0, 'cart_affinity': 0.88, 'demographic_match': 0.5}","{'recency_boost': False, 'tier_multiplier': False}"
CUST0371,Standard,Grocery,3,OFFER009,Bakery Reward #9,Bakery,Grocery,25% off,67.97,"{'transaction_affinity': 0.159, 'redemption_match': 1.0, 'points_eligibility': 1.0, 'cart_affinity': 0.88, 'demographic_match': 0.5}","{'recency_boost': False, 'tier_multiplier': False}"
CUST0372,4U+,Grocery,1,OFFER005,Produce Reward #5,Produce,eCommerce,5$ off,100.0,"{'transaction_affinity': 0.303, 'redemption_match': 0.9, 'points_eligibility': 1.0, 'cart_affinity': 0.8, 'demographic_match': 0.8}","{'recency_boost': False, 'tier_multiplier': True}"
CUST0372,4U+,Grocery,2,OFFER008,Produce Reward #8,Produce,Grocery,25% off,100.0,"{'transaction_affinity': 0.303, 'redemption_match': 1.0, 'points_eligibility': 1.0, 'cart_affinity': 0.76, 'demographic_match': 0.8}","{'recency_boost': False, 'tier_multiplier': True}"
CUST0372,4U+,Grocery,3,OFFER011,Dairy Reward #11,Dairy,Grocery,5Free item,100.0,"{'transaction_affinity': 0.099, 'redemption_match': 1.0, 'points_eligibility': 1.0, 'cart_affinity': 0.76, 'demographic_match': 0.8}","{'recency_boost': False, 'tier_multiplier': True}"
CUST0373,Standard,Fuel,1,OFFER007,Dairy Reward #7,Dairy,Both,15Free item,57.72,"{'transaction_affinity': 0.007, 'redemption_match': 0.7, 'points_eligibility': 1.0, 'cart_affinity': 1.0, 'demographic_match': 0.5}","{'recency_boost': False, 'tier_multiplier': False}"
CUST0373,Standard,Fuel,2,OFFER014,Dairy Reward #14,Dairy,Both,50$ off,57.72,"{'transaction_affinity': 0.007, 'redemption_match': 0.7, 'points_eligibility': 1.0, 'cart_affinity': 1.0, 'demographic_match': 0.5}","{'recency_boost': False, 'tier_multiplier': False}"
CUST0373,Standard,Fuel,3,OFFER004,Beverages Reward #4,Beverages,Both,50% off,57.5,"{'transaction_affinity': 0.0, 'redemption_match': 0.7, 'points_eligibility': 1.0, 'cart_affinity': 1.0, 'demographic_match': 0.5}","{'recency_boost': False, 'tier_multiplier': False}"
CUST0374,Standard,Grocery,1,OFFER008,Produce Reward #8,Produce,Grocery,25% off,70.21,"{'transaction_affinity': 0.204, 'redemption_match': 1.0, 'points_eligibility': 1.0, 'cart_affinity': 0.94, 'demographic_match': 0.5}","{'recency_boost': False, 'tier_multiplier': False}"
CUST0374,Standard,Grocery,2,OFFER009,Bakery Reward #9,Bakery,Grocery,25% off,69.51,"{'transaction_affinity': 0.18, 'redemption_match': 1.0, 'points_eligibility': 1.0, 'cart_affinity': 0.94, 'demographic_match': 0.5}","{'recency_boost': False, 'tier_multiplier': False}"
CUST0374,Standard,Grocery,3,OFFER003,Dairy Reward #3,Dairy,Grocery,50$ off,66.7,"{'transaction_affinity': 0.087, 'redemption_match': 1.0, 'points_eligibility': 1.0, 'cart_affinity': 0.94, 'demographic_match': 0.5}","{'recency_boost': False, 'tier_multiplier': False}"
CUST0375,4U+,Grocery,1,OFFER008,Produce Reward #8,Produce,Grocery,25% off,100.0,"{'transaction_affinity': 0.251, 'redemption_match': 1.0, 'points_eligibility': 1.0, 'cart_affinity': 0.94, 'demographic_match': 0.5}","{'recency_boost': False, 'tier_multiplier': True}"
CUST0375,4U+,Grocery,2,OFFER011,Dairy Reward #11,Dairy,Grocery,5Free item,100.0,"{'transaction_affinity': 0.141, 'redemption_match': 1.0, 'points_eligibility': 1.0, 'cart_affinity': 0.94, 'demographic_match': 0.5}","{'recency_boost': False, 'tier_multiplier': True}"
CUST0375,4U+,Grocery,3,OFFER015,Snacks Reward #15,Snacks,Grocery,20Fuel cents/L,98.25,"{'transaction_affinity': 0.047, 'redemption_match': 1.0, 'points_eligibility': 1.0, 'cart_affinity': 0.94, 'demographic_match': 0.5}","{'recency_boost': False, 'tier_multiplier': True}"
CUST0376,Standard,Grocery,1,OFFER008,Produce Reward #8,Produce,Grocery,25% off,73.82,"{'transaction_affinity': 0.314, 'redemption_match': 1.0, 'points_eligibility': 1.0, 'cart_affinity': 0.76, 'demographic_match': 0.8}","{'recency_boost': False, 'tier_multiplier': False}"
CUST0376,Standard,Grocery,2,OFFER009,Bakery Reward #9,Bakery,Grocery,25% off,73.0,"{'transaction_affinity': 0.387, 'redemption_match': 1.0, 'points_eligibility': 1.0, 'cart_affinity': 0.76, 'demographic_match': 0.5}","{'recency_boost': False, 'tier_multiplier': False}"
CUST0376,Standard,Grocery,3,OFFER005,Produce Reward #5,Produce,eCommerce,5$ off,71.92,"{'transaction_affinity': 0.314, 'redemption_match': 0.9, 'points_eligibility': 1.0, 'cart_affinity': 0.8, 'demographic_match': 0.8}","{'recency_boost': False, 'tier_multiplier': False}"
CUST0377,Standard,Fuel,1,OFFER012,Produce Reward #12,Produce,Both,15$ off,61.85,"{'transaction_affinity': 0.045, 'redemption_match': 0.7, 'points_eligibility': 1.0, 'cart_affinity': 1.0, 'demographic_match': 0.8}","{'recency_boost': False, 'tier_multiplier': False}"
CUST0377,Standard,Fuel,2,OFFER019,Produce Reward #19,Produce,Both,5% off,61.85,"{'transaction_affinity': 0.045, 'redemption_match': 0.7, 'points_eligibility': 1.0, 'cart_affinity': 1.0, 'demographic_match': 0.8}","{'recency_boost': False, 'tier_multiplier': False}"
CUST0377,Standard,Fuel,3,OFFER007,Dairy Reward #7,Dairy,Both,15Free item,60.5,"{'transaction_affinity': 0.0, 'redemption_match': 0.7, 'points_eligibility': 1.0, 'cart_affinity': 1.0, 'demographic_match': 0.8}","{'recency_boost': False, 'tier_multiplier': False}"
CUST0378,4U+,Grocery,1,OFFER008,Produce Reward #8,Produce,Grocery,25% off,100.0,"{'transaction_affinity': 0.364, 'redemption_match': 1.0, 'points_eligibility': 1.0, 'cart_affinity': 1.0, 'demographic_match': 0.5}","{'recency_boost': False, 'tier_multiplier': True}"
CUST0378,4U+,Grocery,2,OFFER011,Dairy Reward #11,Dairy,Grocery,5Free item,100.0,"{'transaction_affinity': 0.083, 'redemption_match': 1.0, 'points_eligibility': 1.0, 'cart_affinity': 1.0, 'demographic_match': 0.5}","{'recency_boost': False, 'tier_multiplier': True}"
CUST0378,4U+,Grocery,3,OFFER020,Beverages Reward #20,Beverages,Grocery,5Free item,98.86,"{'transaction_affinity': 0.03, 'redemption_match': 1.0, 'points_eligibility': 1.0, 'cart_affinity': 1.0, 'demographic_match': 0.5}","{'recency_boost': False, 'tier_multiplier': True}"
CUST0379,Standard,Fuel,1,OFFER012,Produce Reward #12,Produce,Both,15$ off,82.13,"{'transaction_affinity': 0.265, 'redemption_match': 0.7, 'points_eligibility': 1.0, 'cart_affinity': 1.0, 'demographic_match': 0.8}","{'recency_boost': True, 'tier_multiplier': False}"
CUST0379,Standard,Fuel,2,OFFER019,Produce Reward #19,Produce,Both,5% off,82.13,"{'transaction_affinity': 0.265, 'redemption_match': 0.7, 'points_eligibility': 1.0, 'cart_affinity': 1.0, 'demographic_match': 0.8}","{'recency_boost': True, 'tier_multiplier': False}"
CUST0379,Standard,Fuel,3,OFFER007,Dairy Reward #7,Dairy,Both,15Free item,74.57,"{'transaction_affinity': 0.055, 'redemption_match': 0.7, 'points_eligibility': 1.0, 'cart_affinity': 1.0, 'demographic_match': 0.8}","{'recency_boost': True, 'tier_multiplier': False}"
CUST0380,Standard,Grocery,1,OFFER003,Dairy Reward #3,Dairy,Grocery,50$ off,74.2,"{'transaction_affinity': 0.427, 'redemption_match': 1.0, 'points_eligibility': 1.0, 'cart_affinity': 0.76, 'demographic_match': 0.5}","{'recency_boost': False, 'tier_multiplier': False}"
CUST0380,Standard,Grocery,2,OFFER011,Dairy Reward #11,Dairy,Grocery,5Free item,74.2,"{'transaction_affinity': 0.427, 'redemption_match': 1.0, 'points_eligibility': 1.0, 'cart_affinity': 0.76, 'demographic_match': 0.5}","{'recency_boost': False, 'tier_multiplier': False}"
CUST0380,Standard,Grocery,3,OFFER009,Bakery Reward #9,Bakery,Grocery,25% off,67.6,"{'transaction_affinity': 0.207, 'redemption_match': 1.0, 'points_eligibility': 1.0, 'cart_affinity': 0.76, 'demographic_match': 0.5}","{'recency_boost': False, 'tier_multiplier': False}"
CUST0381,Standard,Grocery,1,OFFER003,Dairy Reward #3,Dairy,Grocery,50$ off,87.55,"{'transaction_affinity': 0.355, 'redemption_match': 1.0, 'points_eligibility': 1.0, 'cart_affinity': 0.82, 'demographic_match': 0.5}","{'recency_boost': True, 'tier_multiplier': False}"
CUST0381,Standard,Grocery,2,OFFER011,Dairy Reward #11,Dairy,Grocery,5Free item,87.55,"{'transaction_affinity': 0.355, 'redemption_match': 1.0, 'points_eligibility': 1.0, 'cart_affinity': 0.82, 'demographic_match': 0.5}","{'recency_boost': True, 'tier_multiplier': False}"
CUST0381,Standard,Grocery,3,OFFER009,Bakery Reward #9,Bakery,Grocery,25% off,80.0,"{'transaction_affinity': 0.146, 'redemption_match': 1.0, 'points_eligibility': 1.0, 'cart_affinity': 0.82, 'demographic_match': 0.5}","{'recency_boost': True, 'tier_multiplier': False}"
CUST0382,Standard,Grocery,1,OFFER009,Bakery Reward #9,Bakery,Grocery,25% off,73.0,"{'transaction_affinity': 0.357, 'redemption_match': 1.0, 'points_eligibility': 1.0, 'cart_affinity': 0.82, 'demographic_match': 0.5}","{'recency_boost': False, 'tier_multiplier': False}"
CUST0382,Standard,Grocery,2,OFFER003,Dairy Reward #3,Dairy,Grocery,50$ off,68.94,"{'transaction_affinity': 0.121, 'redemption_match': 1.0, 'points_eligibility': 1.0, 'cart_affinity': 0.82, 'demographic_match': 0.8}","{'recency_boost': False, 'tier_multiplier': False}"
CUST0382,Standard,Grocery,3,OFFER011,Dairy Reward #11,Dairy,Grocery,5Free item,68.94,"{'transaction_affinity': 0.121, 'redemption_match': 1.0, 'points_eligibility': 1.0, 'cart_affinity': 0.82, 'demographic_match': 0.8}","{'recency_boost': False, 'tier_multiplier': False}"
CUST0383,Standard,Fuel,1,OFFER012,Produce Reward #12,Produce,Both,15$ off,63.08,"{'transaction_affinity': 0.086, 'redemption_match': 0.7, 'points_eligibility': 1.0, 'cart_affinity': 1.0, 'demographic_match': 0.8}","{'recency_boost': False, 'tier_multiplier': False}"
CUST0383,Standard,Fuel,2,OFFER019,Produce Reward #19,Produce,Both,5% off,63.08,"{'transaction_affinity': 0.086, 'redemption_match': 0.7, 'points_eligibility': 1.0, 'cart_affinity': 1.0, 'demographic_match': 0.8}","{'recency_boost': False, 'tier_multiplier': False}"
CUST0383,Standard,Fuel,3,OFFER007,Dairy Reward #7,Dairy,Both,15Free item,60.5,"{'transaction_affinity': 0.0, 'redemption_match': 0.7, 'points_eligibility': 1.0, 'cart_affinity': 1.0, 'demographic_match': 0.8}","{'recency_boost': False, 'tier_multiplier': False}"
CUST0384,4U+,Fuel,1,OFFER011,Dairy Reward #11,Dairy,Grocery,5Free item,75.71,"{'transaction_affinity': 0.166, 'redemption_match': 0.1, 'points_eligibility': 1.0, 'cart_affinity': 1.0, 'demographic_match': 0.8}","{'recency_boost': False, 'tier_multiplier': True}"
CUST0384,4U+,Fuel,2,OFFER008,Produce Reward #8,Produce,Grocery,25% off,73.03,"{'transaction_affinity': 0.106, 'redemption_match': 0.1, 'points_eligibility': 1.0, 'cart_affinity': 1.0, 'demographic_match': 0.8}","{'recency_boost': False, 'tier_multiplier': True}"
CUST0384,4U+,Fuel,3,OFFER005,Produce Reward #5,Produce,eCommerce,5$ off,69.28,"{'transaction_affinity': 0.106, 'redemption_match': 0.6, 'points_eligibility': 1.0, 'cart_affinity': 0.0, 'demographic_match': 0.8}","{'recency_boost': False, 'tier_multiplier': True}"
CUST0385,Standard,Fuel,1,OFFER007,Dairy Reward #7,Dairy,Both,15Free item,62.6,"{'transaction_affinity': 0.07, 'redemption_match': 0.7, 'points_eligibility': 1.0, 'cart_affinity': 1.0, 'demographic_match': 0.8}","{'recency_boost': False, 'tier_multiplier': False}"
CUST0385,Standard,Fuel,2,OFFER014,Dairy Reward #14,Dairy,Both,50$ off,62.6,"{'transaction_affinity': 0.07, 'redemption_match': 0.7, 'points_eligibility': 1.0, 'cart_affinity': 1.0, 'demographic_match': 0.8}","{'recency_boost': False, 'tier_multiplier': False}"
CUST0385,Standard,Fuel,3,OFFER012,Produce Reward #12,Produce,Both,15$ off,62.27,"{'transaction_affinity': 0.059, 'redemption_match': 0.7, 'points_eligibility': 1.0, 'cart_affinity': 1.0, 'demographic_match': 0.8}","{'recency_boost': False, 'tier_multiplier': False}"
CUST0386,Standard,Fuel,1,OFFER004,Beverages Reward #4,Beverages,Both,50% off,74.47,"{'transaction_affinity': 0.152, 'redemption_match': 0.7, 'points_eligibility': 1.0, 'cart_affinity': 1.0, 'demographic_match': 0.5}","{'recency_boost': True, 'tier_multiplier': False}"
CUST0386,Standard,Fuel,2,OFFER006,Beverages Reward #6,Beverages,Both,50Fuel cents/L,74.47,"{'transaction_affinity': 0.152, 'redemption_match': 0.7, 'points_eligibility': 1.0, 'cart_affinity': 1.0, 'demographic_match': 0.5}","{'recency_boost': True, 'tier_multiplier': False}"
CUST0386,Standard,Fuel,3,OFFER018,Beverages Reward #18,Beverages,Both,50$ off,74.47,"{'transaction_affinity': 0.152, 'redemption_match': 0.7, 'points_eligibility': 1.0, 'cart_affinity': 1.0, 'demographic_match': 0.5}","{'recency_boost': True, 'tier_multiplier': False}"
CUST0387,Standard,Fuel,1,OFFER007,Dairy Reward #7,Dairy,Both,15Free item,68.27,"{'transaction_affinity': 0.259, 'redemption_match': 0.7, 'points_eligibility': 1.0, 'cart_affinity': 1.0, 'demographic_match': 0.8}","{'recency_boost': False, 'tier_multiplier': False}"
CUST0387,Standard,Fuel,2,OFFER014,Dairy Reward #14,Dairy,Both,50$ off,68.27,"{'transaction_affinity': 0.259, 'redemption_match': 0.7, 'points_eligibility': 1.0, 'cart_affinity': 1.0, 'demographic_match': 0.8}","{'recency_boost': False, 'tier_multiplier': False}"
CUST0387,Standard,Fuel,3,OFFER012,Produce Reward #12,Produce,Both,15$ off,62.19,"{'transaction_affinity': 0.056, 'redemption_match': 0.7, 'points_eligibility': 1.0, 'cart_affinity': 1.0, 'demographic_match': 0.8}","{'recency_boost': False, 'tier_multiplier': False}"
CUST0388,Standard,Grocery,1,OFFER008,Produce Reward #8,Produce,Grocery,25% off,73.38,"{'transaction_affinity': 0.279, 'redemption_match': 1.0, 'points_eligibility': 1.0, 'cart_affinity': 1.0, 'demographic_match': 0.5}","{'recency_boost': False, 'tier_multiplier': False}"
CUST0388,Standard,Grocery,2,OFFER003,Dairy Reward #3,Dairy,Grocery,50$ off,69.79,"{'transaction_affinity': 0.16, 'redemption_match': 1.0, 'points_eligibility': 1.0, 'cart_affinity': 1.0, 'demographic_match': 0.5}","{'recency_boost': False, 'tier_multiplier': False}"
CUST0388,Standard,Grocery,3,OFFER011,Dairy Reward #11,Dairy,Grocery,5Free item,69.79,"{'transaction_affinity': 0.16, 'redemption_match': 1.0, 'points_eligibility': 1.0, 'cart_affinity': 1.0, 'demographic_match': 0.5}","{'recency_boost': False, 'tier_multiplier': False}"
CUST0389,Standard,Grocery,1,OFFER005,Produce Reward #5,Produce,eCommerce,5$ off,81.99,"{'transaction_affinity': 0.55, 'redemption_match': 0.9, 'points_eligibility': 1.0, 'cart_affinity': 1.0, 'demographic_match': 0.8}","{'recency_boost': False, 'tier_multiplier': False}"
CUST0389,Standard,Grocery,2,OFFER010,Produce Reward #10,Produce,eCommerce,50% off,81.99,"{'transaction_affinity': 0.55, 'redemption_match': 0.9, 'points_eligibility': 1.0, 'cart_affinity': 1.0, 'demographic_match': 0.8}","{'recency_boost': False, 'tier_multiplier': False}"
CUST0389,Standard,Grocery,3,OFFER008,Produce Reward #8,Produce,Grocery,25% off,79.99,"{'transaction_affinity': 0.55, 'redemption_match': 1.0, 'points_eligibility': 1.0, 'cart_affinity': 0.7, 'demographic_match': 0.8}","{'recency_boost': False, 'tier_multiplier': False}"
CUST0390,4U+,Grocery,1,OFFER011,Dairy Reward #11,Dairy,Grocery,5Free item,100.0,"{'transaction_affinity': 0.13, 'redemption_match': 1.0, 'points_eligibility': 1.0, 'cart_affinity': 0.94, 'demographic_match': 0.5}","{'recency_boost': False, 'tier_multiplier': True}"
CUST0390,4U+,Grocery,2,OFFER020,Beverages Reward #20,Beverages,Grocery,5Free item,96.15,"{'transaction_affinity': 0.0, 'redemption_match': 1.0, 'points_eligibility': 1.0, 'cart_affinity': 0.94, 'demographic_match': 0.5}","{'recency_boost': False, 'tier_multiplier': True}"
CUST0390,4U+,Grocery,3,OFFER005,Produce Reward #5,Produce,eCommerce,5$ off,79.05,"{'transaction_affinity': 0.073, 'redemption_match': 0.9, 'points_eligibility': 1.0, 'cart_affinity': 0.2, 'demographic_match': 0.5}","{'recency_boost': False, 'tier_multiplier': True}"
CUST0391,Standard,Grocery,1,OFFER003,Dairy Reward #3,Dairy,Grocery,50$ off,69.33,"{'transaction_affinity': 0.264, 'redemption_match': 1.0, 'points_eligibility': 1.0, 'cart_affinity': 0.76, 'demographic_match': 0.5}","{'recency_boost': False, 'tier_multiplier': False}"
CUST0391,Standard,Grocery,2,OFFER011,Dairy Reward #11,Dairy,Grocery,5Free item,69.33,"{'transaction_affinity': 0.264, 'redemption_match': 1.0, 'points_eligibility': 1.0, 'cart_affinity': 0.76, 'demographic_match': 0.5}","{'recency_boost': False, 'tier_multiplier': False}"
CUST0391,Standard,Grocery,3,OFFER009,Bakery Reward #9,Bakery,Grocery,25% off,65.74,"{'transaction_affinity': 0.145, 'redemption_match': 1.0, 'points_eligibility': 1.0, 'cart_affinity': 0.76, 'demographic_match': 0.5}","{'recency_boost': False, 'tier_multiplier': False}"
CUST0392,4U+,Grocery,1,OFFER005,Produce Reward #5,Produce,eCommerce,5$ off,100.0,"{'transaction_affinity': 0.394, 'redemption_match': 0.9, 'points_eligibility': 1.0, 'cart_affinity': 0.6, 'demographic_match': 0.5}","{'recency_boost': True, 'tier_multiplier': True}"
CUST0392,4U+,Grocery,2,OFFER011,Dairy Reward #11,Dairy,Grocery,5Free item,100.0,"{'transaction_affinity': 0.236, 'redemption_match': 1.0, 'points_eligibility': 1.0, 'cart_affinity': 0.82, 'demographic_match': 0.5}","{'recency_boost': True, 'tier_multiplier': True}"
CUST0392,4U+,Grocery,3,OFFER020,Beverages Reward #20,Beverages,Grocery,5Free item,100.0,"{'transaction_affinity': 0.051, 'redemption_match': 1.0, 'points_eligibility': 1.0, 'cart_affinity': 0.82, 'demographic_match': 0.5}","{'recency_boost': True, 'tier_multiplier': True}"
CUST0393,Standard,Fuel,1,OFFER007,Dairy Reward #7,Dairy,Both,15Free item,65.38,"{'transaction_affinity': 0.263, 'redemption_match': 0.7, 'points_eligibility': 1.0, 'cart_affinity': 1.0, 'demographic_match': 0.5}","{'recency_boost': False, 'tier_multiplier': False}"
CUST0393,Standard,Fuel,2,OFFER014,Dairy Reward #14,Dairy,Both,50$ off,65.38,"{'transaction_affinity': 0.263, 'redemption_match': 0.7, 'points_eligibility': 1.0, 'cart_affinity': 1.0, 'demographic_match': 0.5}","{'recency_boost': False, 'tier_multiplier': False}"
CUST0393,Standard,Fuel,3,OFFER004,Beverages Reward #4,Beverages,Both,50% off,58.04,"{'transaction_affinity': 0.018, 'redemption_match': 0.7, 'points_eligibility': 1.0, 'cart_affinity': 1.0, 'demographic_match': 0.5}","{'recency_boost': False, 'tier_multiplier': False}"
CUST0394,Standard,Grocery,1,OFFER003,Dairy Reward #3,Dairy,Grocery,50$ off,76.43,"{'transaction_affinity': 0.441, 'redemption_match': 1.0, 'points_eligibility': 1.0, 'cart_affinity': 0.88, 'demographic_match': 0.5}","{'recency_boost': False, 'tier_multiplier': False}"
CUST0394,Standard,Grocery,2,OFFER011,Dairy Reward #11,Dairy,Grocery,5Free item,76.43,"{'transaction_affinity': 0.441, 'redemption_match': 1.0, 'points_eligibility': 1.0, 'cart_affinity': 0.88, 'demographic_match': 0.5}","{'recency_boost': False, 'tier_multiplier': False}"
CUST0394,Standard,Grocery,3,OFFER009,Bakery Reward #9,Bakery,Grocery,25% off,70.95,"{'transaction_affinity': 0.258, 'redemption_match': 1.0, 'points_eligibility': 1.0, 'cart_affinity': 0.88, 'demographic_match': 0.5}","{'recency_boost': False, 'tier_multiplier': False}"
CUST0395,Standard,Fuel,1,OFFER012,Produce Reward #12,Produce,Both,15$ off,64.79,"{'transaction_affinity': 0.143, 'redemption_match': 0.7, 'points_eligibility': 1.0, 'cart_affinity': 1.0, 'demographic_match': 0.8}","{'recency_boost': False, 'tier_multiplier': False}"
CUST0395,Standard,Fuel,2,OFFER014,Dairy Reward #14,Dairy,Both,50$ off,62.97,"{'transaction_affinity': 0.082, 'redemption_match': 0.7, 'points_eligibility': 1.0, 'cart_affinity': 1.0, 'demographic_match': 0.8}","{'recency_boost': False, 'tier_multiplier': False}"
CUST0395,Standard,Fuel,3,OFFER006,Beverages Reward #6,Beverages,Both,50Fuel cents/L,59.5,"{'transaction_affinity': 0.067, 'redemption_match': 0.7, 'points_eligibility': 1.0, 'cart_affinity': 1.0, 'demographic_match': 0.5}","{'recency_boost': False, 'tier_multiplier': False}"
CUST0396,Standard,Grocery,1,OFFER003,Dairy Reward #3,Dairy,Grocery,50$ off,68.5,"{'transaction_affinity': 0.207, 'redemption_match': 1.0, 'points_eligibility': 1.0, 'cart_affinity': 0.82, 'demographic_match': 0.5}","{'recency_boost': False, 'tier_multiplier': False}"
CUST0396,Standard,Grocery,2,OFFER011,Dairy Reward #11,Dairy,Grocery,5Free item,68.5,"{'transaction_affinity': 0.207, 'redemption_match': 1.0, 'points_eligibility': 1.0, 'cart_affinity': 0.82, 'demographic_match': 0.5}","{'recency_boost': False, 'tier_multiplier': False}"
CUST0396,Standard,Grocery,3,OFFER001,Grocery Reward #1,Grocery,eCommerce,10Fuel cents/L,68.42,"{'transaction_affinity': 0.397, 'redemption_match': 0.9, 'points_eligibility': 1.0, 'cart_affinity': 0.6, 'demographic_match': 0.5}","{'recency_boost': False, 'tier_multiplier': False}"
CUST0397,Standard,Fuel,1,OFFER004,Beverages Reward #4,Beverages,Both,50% off,57.5,"{'transaction_affinity': 0.0, 'redemption_match': 0.7, 'points_eligibility': 1.0, 'cart_affinity': 1.0, 'demographic_match': 0.5}","{'recency_boost': False, 'tier_multiplier': False}"
CUST0397,Standard,Fuel,2,OFFER006,Beverages Reward #6,Beverages,Both,50Fuel cents/L,57.5,"{'transaction_affinity': 0.0, 'redemption_match': 0.7, 'points_eligibility': 1.0, 'cart_affinity': 1.0, 'demographic_match': 0.5}","{'recency_boost': False, 'tier_multiplier': False}"
CUST0397,Standard,Fuel,3,OFFER007,Dairy Reward #7,Dairy,Both,15Free item,57.5,"{'transaction_affinity': 0.0, 'redemption_match': 0.7, 'points_eligibility': 1.0, 'cart_affinity': 1.0, 'demographic_match': 0.5}","{'recency_boost': False, 'tier_multiplier': False}"
CUST0398,Standard,Fuel,1,OFFER012,Produce Reward #12,Produce,Both,15$ off,66.46,"{'transaction_affinity': 0.199, 'redemption_match': 0.7, 'points_eligibility': 1.0, 'cart_affinity': 1.0, 'demographic_match': 0.8}","{'recency_boost': False, 'tier_multiplier': False}"
CUST0398,Standard,Fuel,2,OFFER019,Produce Reward #19,Produce,Both,5% off,66.46,"{'transaction_affinity': 0.199, 'redemption_match': 0.7, 'points_eligibility': 1.0, 'cart_affinity': 1.0, 'demographic_match': 0.8}","{'recency_boost': False, 'tier_multiplier': False}"
CUST0398,Standard,Fuel,3,OFFER004,Beverages Reward #4,Beverages,Both,50% off,65.42,"{'transaction_affinity': 0.264, 'redemption_match': 0.7, 'points_eligibility': 1.0, 'cart_affinity': 1.0, 'demographic_match': 0.5}","{'recency_boost': False, 'tier_multiplier': False}"
CUST0399,4U+,Fuel,1,OFFER011,Dairy Reward #11,Dairy,Grocery,5Free item,70.66,"{'transaction_affinity': 0.054, 'redemption_match': 0.1, 'points_eligibility': 1.0, 'cart_affinity': 1.0, 'demographic_match': 0.8}","{'recency_boost': False, 'tier_multiplier': True}"
CUST0399,4U+,Fuel,2,OFFER020,Beverages Reward #20,Beverages,Grocery,5Free item,64.97,"{'transaction_affinity': 0.027, 'redemption_match': 0.1, 'points_eligibility': 1.0, 'cart_affinity': 1.0, 'demographic_match': 0.5}","{'recency_boost': False, 'tier_multiplier': True}"
CUST0399,4U+,Fuel,3,OFFER005,Produce Reward #5,Produce,eCommerce,5$ off,64.5,"{'transaction_affinity': 0.0, 'redemption_match': 0.6, 'points_eligibility': 1.0, 'cart_affinity': 0.0, 'demographic_match': 0.8}","{'recency_boost': False, 'tier_multiplier': True}"
CUST0400,4U+,Fuel,1,OFFER016,Bakery Reward #16,Bakery,eCommerce,25Free item,77.4,"{'transaction_affinity': 0.387, 'redemption_match': 0.6, 'points_eligibility': 1.0, 'cart_affinity': 0.0, 'demographic_match': 0.5}","{'recency_boost': False, 'tier_multiplier': True}"
CUST0400,4U+,Fuel,2,OFFER015,Snacks Reward #15,Snacks,Grocery,20Fuel cents/L,75.67,"{'transaction_affinity': 0.265, 'redemption_match': 0.1, 'points_eligibility': 1.0, 'cart_affinity': 1.0, 'demographic_match': 0.5}","{'recency_boost': False, 'tier_multiplier': True}"
CUST0400,4U+,Fuel,3,OFFER008,Produce Reward #8,Produce,Grocery,25% off,67.56,"{'transaction_affinity': 0.085, 'redemption_match': 0.1, 'points_eligibility': 1.0, 'cart_affinity': 1.0, 'demographic_match': 0.5}","{'recency_boost': False, 'tier_multiplier': True}"
CUST0401,Standard,Grocery,1,OFFER003,Dairy Reward #3,Dairy,Grocery,50$ off,71.46,"{'transaction_affinity': 0.265, 'redemption_match': 1.0, 'points_eligibility': 1.0, 'cart_affinity': 0.7, 'demographic_match': 0.8}","{'recency_boost': False, 'tier_multiplier': False}"
CUST0401,Standard,Grocery,2,OFFER011,Dairy Reward #11,Dairy,Grocery,5Free item,71.46,"{'transaction_affinity': 0.265, 'redemption_match': 1.0, 'points_eligibility': 1.0, 'cart_affinity': 0.7, 'demographic_match': 0.8}","{'recency_boost': False, 'tier_multiplier': False}"
CUST0401,Standard,Grocery,3,OFFER001,Grocery Reward #1,Grocery,eCommerce,10Fuel cents/L,70.87,"{'transaction_affinity': 0.179, 'redemption_match': 0.9, 'points_eligibility': 1.0, 'cart_affinity': 1.0, 'demographic_match': 0.8}","{'recency_boost': False, 'tier_multiplier': False}"
CUST0402,Standard,Fuel,1,OFFER007,Dairy Reward #7,Dairy,Both,15Free item,59.76,"{'transaction_affinity': 0.075, 'redemption_match': 0.7, 'points_eligibility': 1.0, 'cart_affinity': 1.0, 'demographic_match': 0.5}","{'recency_boost': False, 'tier_multiplier': False}"
CUST0402,Standard,Fuel,2,OFFER014,Dairy Reward #14,Dairy,Both,50$ off,59.76,"{'transaction_affinity': 0.075, 'redemption_match': 0.7, 'points_eligibility': 1.0, 'cart_affinity': 1.0, 'demographic_match': 0.5}","{'recency_boost': False, 'tier_multiplier': False}"
CUST0402,Standard,Fuel,3,OFFER004,Beverages Reward #4,Beverages,Both,50% off,57.5,"{'transaction_affinity': 0.0, 'redemption_match': 0.7, 'points_eligibility': 1.0, 'cart_affinity': 1.0, 'demographic_match': 0.5}","{'recency_boost': False, 'tier_multiplier': False}"
CUST0403,Standard,Grocery,1,OFFER008,Produce Reward #8,Produce,Grocery,25% off,76.41,"{'transaction_affinity': 0.28, 'redemption_match': 1.0, 'points_eligibility': 1.0, 'cart_affinity': 1.0, 'demographic_match': 0.8}","{'recency_boost': False, 'tier_multiplier': False}"
CUST0403,Standard,Grocery,2,OFFER003,Dairy Reward #3,Dairy,Grocery,50$ off,74.48,"{'transaction_affinity': 0.216, 'redemption_match': 1.0, 'points_eligibility': 1.0, 'cart_affinity': 1.0, 'demographic_match': 0.8}","{'recency_boost': False, 'tier_multiplier': False}"
CUST0403,Standard,Grocery,3,OFFER011,Dairy Reward #11,Dairy,Grocery,5Free item,74.48,"{'transaction_affinity': 0.216, 'redemption_match': 1.0, 'points_eligibility': 1.0, 'cart_affinity': 1.0, 'demographic_match': 0.8}","{'recency_boost': False, 'tier_multiplier': False}"
CUST0404,Standard,Fuel,1,OFFER012,Produce Reward #12,Produce,Both,15$ off,69.9,"{'transaction_affinity': 0.413, 'redemption_match': 0.7, 'points_eligibility': 1.0, 'cart_affinity': 1.0, 'demographic_match': 0.5}","{'recency_boost': False, 'tier_multiplier': False}"
CUST0404,Standard,Fuel,2,OFFER019,Produce Reward #19,Produce,Both,5% off,69.9,"{'transaction_affinity': 0.413, 'redemption_match': 0.7, 'points_eligibility': 1.0, 'cart_affinity': 1.0, 'demographic_match': 0.5}","{'recency_boost': False, 'tier_multiplier': False}"
CUST0404,Standard,Fuel,3,OFFER004,Beverages Reward #4,Beverages,Both,50% off,60.41,"{'transaction_affinity': 0.097, 'redemption_match': 0.7, 'points_eligibility': 1.0, 'cart_affinity': 1.0, 'demographic_match': 0.5}","{'recency_boost': False, 'tier_multiplier': False}"
CUST0405,4U+,Grocery,1,OFFER020,Beverages Reward #20,Beverages,Grocery,5Free item,99.9,"{'transaction_affinity': 0.083, 'redemption_match': 1.0, 'points_eligibility': 1.0, 'cart_affinity': 0.94, 'demographic_match': 0.5}","{'recency_boost': False, 'tier_multiplier': True}"
CUST0405,4U+,Grocery,2,OFFER011,Dairy Reward #11,Dairy,Grocery,5Free item,96.15,"{'transaction_affinity': 0.0, 'redemption_match': 1.0, 'points_eligibility': 1.0, 'cart_affinity': 0.94, 'demographic_match': 0.5}","{'recency_boost': False, 'tier_multiplier': True}"
CUST0405,4U+,Grocery,3,OFFER005,Produce Reward #5,Produce,eCommerce,5$ off,75.75,"{'transaction_affinity': 0.0, 'redemption_match': 0.9, 'points_eligibility': 1.0, 'cart_affinity': 0.2, 'demographic_match': 0.5}","{'recency_boost': False, 'tier_multiplier': True}"
CUST0406,Standard,Fuel,1,OFFER007,Dairy Reward #7,Dairy,Both,15Free item,64.55,"{'transaction_affinity': 0.135, 'redemption_match': 0.7, 'points_eligibility': 1.0, 'cart_affinity': 1.0, 'demographic_match': 0.8}","{'recency_boost': False, 'tier_multiplier': False}"
CUST0406,Standard,Fuel,2,OFFER014,Dairy Reward #14,Dairy,Both,50$ off,64.55,"{'transaction_affinity': 0.135, 'redemption_match': 0.7, 'points_eligibility': 1.0, 'cart_affinity': 1.0, 'demographic_match': 0.8}","{'recency_boost': False, 'tier_multiplier': False}"
CUST0406,Standard,Fuel,3,OFFER012,Produce Reward #12,Produce,Both,15$ off,62.22,"{'transaction_affinity': 0.057, 'redemption_match': 0.7, 'points_eligibility': 1.0, 'cart_affinity': 1.0, 'demographic_match': 0.8}","{'recency_boost': False, 'tier_multiplier': False}"
CUST0407,Standard,Fuel,1,OFFER012,Produce Reward #12,Produce,Both,15$ off,63.38,"{'transaction_affinity': 0.196, 'redemption_match': 0.7, 'points_eligibility': 1.0, 'cart_affinity': 1.0, 'demographic_match': 0.5}","{'recency_boost': False, 'tier_multiplier': False}"
CUST0407,Standard,Fuel,2,OFFER019,Produce Reward #19,Produce,Both,5% off,63.38,"{'transaction_affinity': 0.196, 'redemption_match': 0.7, 'points_eligibility': 1.0, 'cart_affinity': 1.0, 'demographic_match': 0.5}","{'recency_boost': False, 'tier_multiplier': False}"
CUST0407,Standard,Fuel,3,OFFER004,Beverages Reward #4,Beverages,Both,50% off,62.74,"{'transaction_affinity': 0.175, 'redemption_match': 0.7, 'points_eligibility': 1.0, 'cart_affinity': 1.0, 'demographic_match': 0.5}","{'recency_boost': False, 'tier_multiplier': False}"
CUST0408,Standard,Fuel,1,OFFER012,Produce Reward #12,Produce,Both,15$ off,73.77,"{'transaction_affinity': 0.133, 'redemption_match': 0.7, 'points_eligibility': 1.0, 'cart_affinity': 1.0, 'demographic_match': 0.5}","{'recency_boost': True, 'tier_multiplier': False}"
CUST0408,Standard,Fuel,2,OFFER014,Dairy Reward #14,Dairy,Both,50$ off,73.27,"{'transaction_affinity': 0.119, 'redemption_match': 0.7, 'points_eligibility': 1.0, 'cart_affinity': 1.0, 'demographic_match': 0.5}","{'recency_boost': True, 'tier_multiplier': False}"
CUST0408,Standard,Fuel,3,OFFER006,Beverages Reward #6,Beverages,Both,50Fuel cents/L,69.0,"{'transaction_affinity': 0.0, 'redemption_match': 0.7, 'points_eligibility': 1.0, 'cart_affinity': 1.0, 'demographic_match': 0.5}","{'recency_boost': True, 'tier_multiplier': False}"
CUST0409,4U+,Grocery,1,OFFER008,Produce Reward #8,Produce,Grocery,25% off,100.0,"{'transaction_affinity': 0.172, 'redemption_match': 1.0, 'points_eligibility': 1.0, 'cart_affinity': 0.94, 'demographic_match': 0.5}","{'recency_boost': False, 'tier_multiplier': True}"
CUST0409,4U+,Grocery,2,OFFER011,Dairy Reward #11,Dairy,Grocery,5Free item,100.0,"{'transaction_affinity': 0.158, 'redemption_match': 1.0, 'points_eligibility': 1.0, 'cart_affinity': 0.94, 'demographic_match': 0.5}","{'recency_boost': False, 'tier_multiplier': True}"
CUST0409,4U+,Grocery,3,OFFER015,Snacks Reward #15,Snacks,Grocery,20Fuel cents/L,100.0,"{'transaction_affinity': 0.098, 'redemption_match': 1.0, 'points_eligibility': 1.0, 'cart_affinity': 0.94, 'demographic_match': 0.5}","{'recency_boost': False, 'tier_multiplier': True}"
CUST0410,Standard,Grocery,1,OFFER003,Dairy Reward #3,Dairy,Grocery,50$ off,78.69,"{'transaction_affinity': 0.416, 'redemption_match': 1.0, 'points_eligibility': 1.0, 'cart_affinity': 0.88, 'demographic_match': 0.8}","{'recency_boost': False, 'tier_multiplier': False}"
CUST0410,Standard,Grocery,2,OFFER011,Dairy Reward #11,Dairy,Grocery,5Free item,78.69,"{'transaction_affinity': 0.416, 'redemption_match': 1.0, 'points_eligibility': 1.0, 'cart_affinity': 0.88, 'demographic_match': 0.8}","{'recency_boost': False, 'tier_multiplier': False}"
CUST0410,Standard,Grocery,3,OFFER009,Bakery Reward #9,Bakery,Grocery,25% off,72.45,"{'transaction_affinity': 0.308, 'redemption_match': 1.0, 'points_eligibility': 1.0, 'cart_affinity': 0.88, 'demographic_match': 0.5}","{'recency_boost': False, 'tier_multiplier': False}"
CUST0411,Standard,Grocery,1,OFFER008,Produce Reward #8,Produce,Grocery,25% off,77.5,"{'transaction_affinity': 0.507, 'redemption_match': 1.0, 'points_eligibility': 1.0, 'cart_affinity': 0.82, 'demographic_match': 0.5}","{'recency_boost': False, 'tier_multiplier': False}"
CUST0411,Standard,Grocery,2,OFFER005,Produce Reward #5,Produce,eCommerce,5$ off,71.7,"{'transaction_affinity': 0.507, 'redemption_match': 0.9, 'points_eligibility': 1.0, 'cart_affinity': 0.6, 'demographic_match': 0.5}","{'recency_boost': False, 'tier_multiplier': False}"
CUST0411,Standard,Grocery,3,OFFER010,Produce Reward #10,Produce,eCommerce,50% off,71.7,"{'transaction_affinity': 0.507, 'redemption_match': 0.9, 'points_eligibility': 1.0, 'cart_affinity': 0.6, 'demographic_match': 0.5}","{'recency_boost': False, 'tier_multiplier': False}"
CUST0412,4U+,Fuel,1,OFFER008,Produce Reward #8,Produce,Grocery,25% off,77.9,"{'transaction_affinity': 0.214, 'redemption_match': 0.1, 'points_eligibility': 1.0, 'cart_affinity': 1.0, 'demographic_match': 0.8}","{'recency_boost': False, 'tier_multiplier': True}"
CUST0412,4U+,Fuel,2,OFFER005,Produce Reward #5,Produce,eCommerce,5$ off,74.15,"{'transaction_affinity': 0.214, 'redemption_match': 0.6, 'points_eligibility': 1.0, 'cart_affinity': 0.0, 'demographic_match': 0.8}","{'recency_boost': False, 'tier_multiplier': True}"
CUST0412,4U+,Fuel,3,OFFER016,Bakery Reward #16,Bakery,eCommerce,25Free item,68.79,"{'transaction_affinity': 0.195, 'redemption_match': 0.6, 'points_eligibility': 1.0, 'cart_affinity': 0.0, 'demographic_match': 0.5}","{'recency_boost': False, 'tier_multiplier': True}"
CUST0413,Standard,Fuel,1,OFFER007,Dairy Reward #7,Dairy,Both,15Free item,65.45,"{'transaction_affinity': 0.165, 'redemption_match': 0.7, 'points_eligibility': 1.0, 'cart_affinity': 1.0, 'demographic_match': 0.8}","{'recency_boost': False, 'tier_multiplier': False}"
CUST0413,Standard,Fuel,2,OFFER014,Dairy Reward #14,Dairy,Both,50$ off,65.45,"{'transaction_affinity': 0.165, 'redemption_match': 0.7, 'points_eligibility': 1.0, 'cart_affinity': 1.0, 'demographic_match': 0.8}","{'recency_boost': False, 'tier_multiplier': False}"
CUST0413,Standard,Fuel,3,OFFER012,Produce Reward #12,Produce,Both,15$ off,63.02,"{'transaction_affinity': 0.084, 'redemption_match': 0.7, 'points_eligibility': 1.0, 'cart_affinity': 1.0, 'demographic_match': 0.8}","{'recency_boost': False, 'tier_multiplier': False}"
CUST0414,Standard,Fuel,1,OFFER007,Dairy Reward #7,Dairy,Both,15Free item,62.14,"{'transaction_affinity': 0.055, 'redemption_match': 0.7, 'points_eligibility': 1.0, 'cart_affinity': 1.0, 'demographic_match': 0.8}","{'recency_boost': False, 'tier_multiplier': False}"
CUST0414,Standard,Fuel,2,OFFER014,Dairy Reward #14,Dairy,Both,50$ off,62.14,"{'transaction_affinity': 0.055, 'redemption_match': 0.7, 'points_eligibility': 1.0, 'cart_affinity': 1.0, 'demographic_match': 0.8}","{'recency_boost': False, 'tier_multiplier': False}"
CUST0414,Standard,Fuel,3,OFFER012,Produce Reward #12,Produce,Both,15$ off,60.5,"{'transaction_affinity': 0.0, 'redemption_match': 0.7, 'points_eligibility': 1.0, 'cart_affinity': 1.0, 'demographic_match': 0.8}","{'recency_boost': False, 'tier_multiplier': False}"
CUST0415,Standard,Grocery,1,OFFER001,Grocery Reward #1,Grocery,eCommerce,10Fuel cents/L,73.26,"{'transaction_affinity': 0.359, 'redemption_match': 0.9, 'points_eligibility': 1.0, 'cart_affinity': 1.0, 'demographic_match': 0.5}","{'recency_boost': False, 'tier_multiplier': False}"
CUST0415,Standard,Grocery,2,OFFER013,Grocery Reward #13,Grocery,eCommerce,10% off,73.26,"{'transaction_affinity': 0.359, 'redemption_match': 0.9, 'points_eligibility': 1.0, 'cart_affinity': 1.0, 'demographic_match': 0.5}","{'recency_boost': False, 'tier_multiplier': False}"
CUST0415,Standard,Grocery,3,OFFER002,Beverages Reward #2,Beverages,eCommerce,10% off,70.23,"{'transaction_affinity': 0.258, 'redemption_match': 0.9, 'points_eligibility': 1.0, 'cart_affinity': 1.0, 'demographic_match': 0.5}","{'recency_boost': False, 'tier_multiplier': False}"
CUST0416,Standard,Grocery,1,OFFER003,Dairy Reward #3,Dairy,Grocery,50$ off,74.99,"{'transaction_affinity': 0.353, 'redemption_match': 1.0, 'points_eligibility': 1.0, 'cart_affinity': 0.76, 'demographic_match': 0.8}","{'recency_boost': False, 'tier_multiplier': False}"
CUST0416,Standard,Grocery,2,OFFER011,Dairy Reward #11,Dairy,Grocery,5Free item,74.99,"{'transaction_affinity': 0.353, 'redemption_match': 1.0, 'points_eligibility': 1.0, 'cart_affinity': 0.76, 'demographic_match': 0.8}","{'recency_boost': False, 'tier_multiplier': False}"
CUST0416,Standard,Grocery,3,OFFER001,Grocery Reward #1,Grocery,eCommerce,10Fuel cents/L,69.65,"{'transaction_affinity': 0.238, 'redemption_match': 0.9, 'points_eligibility': 1.0, 'cart_affinity': 0.8, 'demographic_match': 0.8}","{'recency_boost': False, 'tier_multiplier': False}"
CUST0417,Standard,Fuel,1,OFFER007,Dairy Reward #7,Dairy,Both,15Free item,61.14,"{'transaction_affinity': 0.121, 'redemption_match': 0.7, 'points_eligibility': 1.0, 'cart_affinity': 1.0, 'demographic_match': 0.5}","{'recency_boost': False, 'tier_multiplier': False}"
CUST0417,Standard,Fuel,2,OFFER014,Dairy Reward #14,Dairy,Both,50$ off,61.14,"{'transaction_affinity': 0.121, 'redemption_match': 0.7, 'points_eligibility': 1.0, 'cart_affinity': 1.0, 'demographic_match': 0.5}","{'recency_boost': False, 'tier_multiplier': False}"
CUST0417,Standard,Fuel,3,OFFER012,Produce Reward #12,Produce,Both,15$ off,60.37,"{'transaction_affinity': 0.096, 'redemption_match': 0.7, 'points_eligibility': 1.0, 'cart_affinity': 1.0, 'demographic_match': 0.5}","{'recency_boost': False, 'tier_multiplier': False}"
CUST0418,Standard,Fuel,1,OFFER014,Dairy Reward #14,Dairy,Both,50$ off,77.94,"{'transaction_affinity': 0.148, 'redemption_match': 0.7, 'points_eligibility': 1.0, 'cart_affinity': 1.0, 'demographic_match': 0.8}","{'recency_boost': True, 'tier_multiplier': False}"
CUST0418,Standard,Fuel,2,OFFER012,Produce Reward #12,Produce,Both,15$ off,75.16,"{'transaction_affinity': 0.071, 'redemption_match': 0.7, 'points_eligibility': 1.0, 'cart_affinity': 1.0, 'demographic_match': 0.8}","{'recency_boost': True, 'tier_multiplier': False}"
CUST0418,Standard,Fuel,3,OFFER006,Beverages Reward #6,Beverages,Both,50Fuel cents/L,69.0,"{'transaction_affinity': 0.0, 'redemption_match': 0.7, 'points_eligibility': 1.0, 'cart_affinity': 1.0, 'demographic_match': 0.5}","{'recency_boost': True, 'tier_multiplier': False}"
CUST0419,4U+,Fuel,1,OFFER008,Produce Reward #8,Produce,Grocery,25% off,83.56,"{'transaction_affinity': 0.131, 'redemption_match': 0.1, 'points_eligibility': 1.0, 'cart_affinity': 1.0, 'demographic_match': 0.5}","{'recency_boost': True, 'tier_multiplier': True}"
CUST0419,4U+,Fuel,2,OFFER020,Beverages Reward #20,Beverages,Grocery,5Free item,80.91,"{'transaction_affinity': 0.082, 'redemption_match': 0.1, 'points_eligibility': 1.0, 'cart_affinity': 1.0, 'demographic_match': 0.5}","{'recency_boost': True, 'tier_multiplier': True}"
CUST0419,4U+,Fuel,3,OFFER015,Snacks Reward #15,Snacks,Grocery,20Fuel cents/L,80.9,"{'transaction_affinity': 0.082, 'redemption_match': 0.1, 'points_eligibility': 1.0, 'cart_affinity': 1.0, 'demographic_match': 0.5}","{'recency_boost': True, 'tier_multiplier': True}"
CUST0420,4U+,Fuel,1,OFFER015,Snacks Reward #15,Snacks,Grocery,20Fuel cents/L,70.86,"{'transaction_affinity': 0.158, 'redemption_match': 0.1, 'points_eligibility': 1.0, 'cart_affinity': 1.0, 'demographic_match': 0.5}","{'recency_boost': False, 'tier_multiplier': True}"
CUST0420,4U+,Fuel,2,OFFER011,Dairy Reward #11,Dairy,Grocery,5Free item,69.28,"{'transaction_affinity': 0.123, 'redemption_match': 0.1, 'points_eligibility': 1.0, 'cart_affinity': 1.0, 'demographic_match': 0.5}","{'recency_boost': False, 'tier_multiplier': True}"
CUST0420,4U+,Fuel,3,OFFER008,Produce Reward #8,Produce,Grocery,25% off,65.94,"{'transaction_affinity': 0.049, 'redemption_match': 0.1, 'points_eligibility': 1.0, 'cart_affinity': 1.0, 'demographic_match': 0.5}","{'recency_boost': False, 'tier_multiplier': True}"
CUST0421,Standard,Grocery,1,OFFER003,Dairy Reward #3,Dairy,Grocery,50$ off,71.98,"{'transaction_affinity': 0.353, 'redemption_match': 1.0, 'points_eligibility': 1.0, 'cart_affinity': 0.76, 'demographic_match': 0.5}","{'recency_boost': False, 'tier_multiplier': False}"
CUST0421,Standard,Grocery,2,OFFER011,Dairy Reward #11,Dairy,Grocery,5Free item,71.98,"{'transaction_affinity': 0.353, 'redemption_match': 1.0, 'points_eligibility': 1.0, 'cart_affinity': 0.76, 'demographic_match': 0.5}","{'recency_boost': False, 'tier_multiplier': False}"
CUST0421,Standard,Grocery,3,OFFER009,Bakery Reward #9,Bakery,Grocery,25% off,70.25,"{'transaction_affinity': 0.295, 'redemption_match': 1.0, 'points_eligibility': 1.0, 'cart_affinity': 0.76, 'demographic_match': 0.5}","{'recency_boost': False, 'tier_multiplier': False}"
CUST0422,4U+,Fuel,1,OFFER016,Bakery Reward #16,Bakery,eCommerce,25Free item,70.25,"{'transaction_affinity': 0.228, 'redemption_match': 0.6, 'points_eligibility': 1.0, 'cart_affinity': 0.0, 'demographic_match': 0.5}","{'recency_boost': False, 'tier_multiplier': True}"
CUST0422,4U+,Fuel,2,OFFER008,Produce Reward #8,Produce,Grocery,25% off,69.61,"{'transaction_affinity': 0.03, 'redemption_match': 0.1, 'points_eligibility': 1.0, 'cart_affinity': 1.0, 'demographic_match': 0.8}","{'recency_boost': False, 'tier_multiplier': True}"
CUST0422,4U+,Fuel,3,OFFER015,Snacks Reward #15,Snacks,Grocery,20Fuel cents/L,69.48,"{'transaction_affinity': 0.127, 'redemption_match': 0.1, 'points_eligibility': 1.0, 'cart_affinity': 1.0, 'demographic_match': 0.5}","{'recency_boost': False, 'tier_multiplier': True}"
CUST0423,4U+,Fuel,1,OFFER011,Dairy Reward #11,Dairy,Grocery,5Free item,71.95,"{'transaction_affinity': 0.082, 'redemption_match': 0.1, 'points_eligibility': 1.0, 'cart_affinity': 1.0, 'demographic_match': 0.8}","{'recency_boost': False, 'tier_multiplier': True}"
CUST0423,4U+,Fuel,2,OFFER008,Produce Reward #8,Produce,Grocery,25% off,70.19,"{'transaction_affinity': 0.043, 'redemption_match': 0.1, 'points_eligibility': 1.0, 'cart_affinity': 1.0, 'demographic_match': 0.8}","{'recency_boost': False, 'tier_multiplier': True}"
CUST0423,4U+,Fuel,3,OFFER020,Beverages Reward #20,Beverages,Grocery,5Free item,69.1,"{'transaction_affinity': 0.119, 'redemption_match': 0.1, 'points_eligibility': 1.0, 'cart_affinity': 1.0, 'demographic_match': 0.5}","{'recency_boost': False, 'tier_multiplier': True}"
CUST0424,Standard,Grocery,1,OFFER015,Snacks Reward #15,Snacks,Grocery,20Fuel cents/L,67.33,"{'transaction_affinity': 0.198, 'redemption_match': 1.0, 'points_eligibility': 1.0, 'cart_affinity': 0.76, 'demographic_match': 0.5}","{'recency_boost': False, 'tier_multiplier': False}"
CUST0424,Standard,Grocery,2,OFFER017,Snacks Reward #17,Snacks,Grocery,15Fuel cents/L,67.33,"{'transaction_affinity': 0.198, 'redemption_match': 1.0, 'points_eligibility': 1.0, 'cart_affinity': 0.76, 'demographic_match': 0.5}","{'recency_boost': False, 'tier_multiplier': False}"
CUST0424,Standard,Grocery,3,OFFER008,Produce Reward #8,Produce,Grocery,25% off,65.99,"{'transaction_affinity': 0.153, 'redemption_match': 1.0, 'points_eligibility': 1.0, 'cart_affinity': 0.76, 'demographic_match': 0.5}","{'recency_boost': False, 'tier_multiplier': False}"
CUST0425,Standard,Fuel,1,OFFER014,Dairy Reward #14,Dairy,Both,50$ off,58.03,"{'transaction_affinity': 0.018, 'redemption_match': 0.7, 'points_eligibility': 1.0, 'cart_affinity': 1.0, 'demographic_match': 0.5}","{'recency_boost': False, 'tier_multiplier': False}"
CUST0425,Standard,Fuel,2,OFFER010,Produce Reward #10,Produce,eCommerce,50% off,44.49,"{'transaction_affinity': 0.15, 'redemption_match': 0.6, 'points_eligibility': 1.0, 'cart_affinity': 0.0, 'demographic_match': 0.5}","{'recency_boost': False, 'tier_multiplier': False}"
CUST0425,Standard,Fuel,3,OFFER009,Bakery Reward #9,Bakery,Grocery,25% off,43.62,"{'transaction_affinity': 0.037, 'redemption_match': 0.1, 'points_eligibility': 1.0, 'cart_affinity': 1.0, 'demographic_match': 0.5}","{'recency_boost': False, 'tier_multiplier': False}"
CUST0426,Standard,Grocery,1,OFFER009,Bakery Reward #9,Bakery,Grocery,25% off,70.3,"{'transaction_affinity': 0.237, 'redemption_match': 1.0, 'points_eligibility': 1.0, 'cart_affinity': 0.88, 'demographic_match': 0.5}","{'recency_boost': False, 'tier_multiplier': False}"
CUST0426,Standard,Grocery,2,OFFER003,Dairy Reward #3,Dairy,Grocery,50$ off,69.69,"{'transaction_affinity': 0.216, 'redemption_match': 1.0, 'points_eligibility': 1.0, 'cart_affinity': 0.88, 'demographic_match': 0.5}","{'recency_boost': False, 'tier_multiplier': False}"
CUST0426,Standard,Grocery,3,OFFER014,Dairy Reward #14,Dairy,Both,50$ off,62.19,"{'transaction_affinity': 0.216, 'redemption_match': 0.7, 'points_eligibility': 1.0, 'cart_affinity': 0.88, 'demographic_match': 0.5}","{'recency_boost': False, 'tier_multiplier': False}"
CUST0427,Standard,Fuel,1,OFFER007,Dairy Reward #7,Dairy,Both,15Free item,63.13,"{'transaction_affinity': 0.188, 'redemption_match': 0.7, 'points_eligibility': 1.0, 'cart_affinity': 1.0, 'demographic_match': 0.5}","{'recency_boost': False, 'tier_multiplier': False}"
CUST0427,Standard,Fuel,2,OFFER014,Dairy Reward #14,Dairy,Both,50$ off,63.13,"{'transaction_affinity': 0.188, 'redemption_match': 0.7, 'points_eligibility': 1.0, 'cart_affinity': 1.0, 'demographic_match': 0.5}","{'recency_boost': False, 'tier_multiplier': False}"
CUST0427,Standard,Fuel,3,OFFER004,Beverages Reward #4,Beverages,Both,50% off,60.19,"{'transaction_affinity': 0.09, 'redemption_match': 0.7, 'points_eligibility': 1.0, 'cart_affinity': 1.0, 'demographic_match': 0.5}","{'recency_boost': False, 'tier_multiplier': False}"
CUST0428,Standard,Fuel,1,OFFER004,Beverages Reward #4,Beverages,Both,50% off,61.16,"{'transaction_affinity': 0.122, 'redemption_match': 0.7, 'points_eligibility': 1.0, 'cart_affinity': 1.0, 'demographic_match': 0.5}","{'recency_boost': False, 'tier_multiplier': False}"
CUST0428,Standard,Fuel,2,OFFER006,Beverages Reward #6,Beverages,Both,50Fuel cents/L,61.16,"{'transaction_affinity': 0.122, 'redemption_match': 0.7, 'points_eligibility': 1.0, 'cart_affinity': 1.0, 'demographic_match': 0.5}","{'recency_boost': False, 'tier_multiplier': False}"
CUST0428,Standard,Fuel,3,OFFER018,Beverages Reward #18,Beverages,Both,50$ off,61.16,"{'transaction_affinity': 0.122, 'redemption_match': 0.7, 'points_eligibility': 1.0, 'cart_affinity': 1.0, 'demographic_match': 0.5}","{'recency_boost': False, 'tier_multiplier': False}"
CUST0429,Standard,Fuel,1,OFFER012,Produce Reward #12,Produce,Both,15$ off,62.09,"{'transaction_affinity': 0.153, 'redemption_match': 0.7, 'points_eligibility': 1.0, 'cart_affinity': 1.0, 'demographic_match': 0.5}","{'recency_boost': False, 'tier_multiplier': False}"
CUST0429,Standard,Fuel,2,OFFER019,Produce Reward #19,Produce,Both,5% off,62.09,"{'transaction_affinity': 0.153, 'redemption_match': 0.7, 'points_eligibility': 1.0, 'cart_affinity': 1.0, 'demographic_match': 0.5}","{'recency_boost': False, 'tier_multiplier': False}"
CUST0429,Standard,Fuel,3,OFFER004,Beverages Reward #4,Beverages,Both,50% off,60.52,"{'transaction_affinity': 0.101, 'redemption_match': 0.7, 'points_eligibility': 1.0, 'cart_affinity': 1.0, 'demographic_match': 0.5}","{'recency_boost': False, 'tier_multiplier': False}"
CUST0430,Standard,Grocery,1,OFFER008,Produce Reward #8,Produce,Grocery,25% off,73.54,"{'transaction_affinity': 0.275, 'redemption_match': 1.0, 'points_eligibility': 1.0, 'cart_affinity': 0.82, 'demographic_match': 0.8}","{'recency_boost': False, 'tier_multiplier': False}"
CUST0430,Standard,Grocery,2,OFFER001,Grocery Reward #1,Grocery,eCommerce,10Fuel cents/L,69.93,"{'transaction_affinity': 0.348, 'redemption_match': 0.9, 'points_eligibility': 1.0, 'cart_affinity': 0.6, 'demographic_match': 0.8}","{'recency_boost': False, 'tier_multiplier': False}"
CUST0430,Standard,Grocery,3,OFFER013,Grocery Reward #13,Grocery,eCommerce,10% off,69.93,"{'transaction_affinity': 0.348, 'redemption_match': 0.9, 'points_eligibility': 1.0, 'cart_affinity': 0.6, 'demographic_match': 0.8}","{'recency_boost': False, 'tier_multiplier': False}"
CUST0431,Standard,Grocery,1,OFFER003,Dairy Reward #3,Dairy,Grocery,50$ off,77.1,"{'transaction_affinity': 0.333, 'redemption_match': 1.0, 'points_eligibility': 1.0, 'cart_affinity': 0.94, 'demographic_match': 0.8}","{'recency_boost': False, 'tier_multiplier': False}"
CUST0431,Standard,Grocery,2,OFFER011,Dairy Reward #11,Dairy,Grocery,5Free item,77.1,"{'transaction_affinity': 0.333, 'redemption_match': 1.0, 'points_eligibility': 1.0, 'cart_affinity': 0.94, 'demographic_match': 0.8}","{'recency_boost': False, 'tier_multiplier': False}"
CUST0431,Standard,Grocery,3,OFFER008,Produce Reward #8,Produce,Grocery,25% off,73.51,"{'transaction_affinity': 0.214, 'redemption_match': 1.0, 'points_eligibility': 1.0, 'cart_affinity': 0.94, 'demographic_match': 0.8}","{'recency_boost': False, 'tier_multiplier': False}"
CUST0432,Standard,Fuel,1,OFFER007,Dairy Reward #7,Dairy,Both,15Free item,67.56,"{'transaction_affinity': 0.335, 'redemption_match': 0.7, 'points_eligibility': 1.0, 'cart_affinity': 1.0, 'demographic_match': 0.5}","{'recency_boost': False, 'tier_multiplier': False}"
CUST0432,Standard,Fuel,2,OFFER014,Dairy Reward #14,Dairy,Both,50$ off,67.56,"{'transaction_affinity': 0.335, 'redemption_match': 0.7, 'points_eligibility': 1.0, 'cart_affinity': 1.0, 'demographic_match': 0.5}","{'recency_boost': False, 'tier_multiplier': False}"
CUST0432,Standard,Fuel,3,OFFER004,Beverages Reward #4,Beverages,Both,50% off,62.41,"{'transaction_affinity': 0.164, 'redemption_match': 0.7, 'points_eligibility': 1.0, 'cart_affinity': 1.0, 'demographic_match': 0.5}","{'recency_boost': False, 'tier_multiplier': False}"
CUST0433,Standard,Grocery,1,OFFER008,Produce Reward #8,Produce,Grocery,25% off,74.63,"{'transaction_affinity': 0.221, 'redemption_match': 1.0, 'points_eligibility': 1.0, 'cart_affinity': 1.0, 'demographic_match': 0.8}","{'recency_boost': False, 'tier_multiplier': False}"
CUST0433,Standard,Grocery,2,OFFER003,Dairy Reward #3,Dairy,Grocery,50$ off,74.09,"{'transaction_affinity': 0.203, 'redemption_match': 1.0, 'points_eligibility': 1.0, 'cart_affinity': 1.0, 'demographic_match': 0.8}","{'recency_boost': False, 'tier_multiplier': False}"
CUST0433,Standard,Grocery,3,OFFER011,Dairy Reward #11,Dairy,Grocery,5Free item,74.09,"{'transaction_affinity': 0.203, 'redemption_match': 1.0, 'points_eligibility': 1.0, 'cart_affinity': 1.0, 'demographic_match': 0.8}","{'recency_boost': False, 'tier_multiplier': False}"
CUST0434,Standard,Grocery,1,OFFER009,Bakery Reward #9,Bakery,Grocery,25% off,96.08,"{'transaction_affinity': 0.502, 'redemption_match': 1.0, 'points_eligibility': 1.0, 'cart_affinity': 1.0, 'demographic_match': 0.5}","{'recency_boost': True, 'tier_multiplier': False}"
CUST0434,Standard,Grocery,2,OFFER015,Snacks Reward #15,Snacks,Grocery,20Fuel cents/L,83.59,"{'transaction_affinity': 0.155, 'redemption_match': 1.0, 'points_eligibility': 1.0, 'cart_affinity': 1.0, 'demographic_match': 0.5}","{'recency_boost': True, 'tier_multiplier': False}"
CUST0434,Standard,Grocery,3,OFFER017,Snacks Reward #17,Snacks,Grocery,15Fuel cents/L,83.59,"{'transaction_affinity': 0.155, 'redemption_match': 1.0, 'points_eligibility': 1.0, 'cart_affinity': 1.0, 'demographic_match': 0.5}","{'recency_boost': True, 'tier_multiplier': False}"
CUST0435,Standard,Grocery,1,OFFER008,Produce Reward #8,Produce,Grocery,25% off,75.08,"{'transaction_affinity': 0.396, 'redemption_match': 1.0, 'points_eligibility': 1.0, 'cart_affinity': 0.88, 'demographic_match': 0.5}","{'recency_boost': False, 'tier_multiplier': False}"
CUST0435,Standard,Grocery,2,OFFER003,Dairy Reward #3,Dairy,Grocery,50$ off,71.53,"{'transaction_affinity': 0.278, 'redemption_match': 1.0, 'points_eligibility': 1.0, 'cart_affinity': 0.88, 'demographic_match': 0.5}","{'recency_boost': False, 'tier_multiplier': False}"
CUST0435,Standard,Grocery,3,OFFER011,Dairy Reward #11,Dairy,Grocery,5Free item,71.53,"{'transaction_affinity': 0.278, 'redemption_match': 1.0, 'points_eligibility': 1.0, 'cart_affinity': 0.88, 'demographic_match': 0.5}","{'recency_boost': False, 'tier_multiplier': False}"
CUST0436,Standard,Fuel,1,OFFER004,Beverages Reward #4,Beverages,Both,50% off,61.26,"{'transaction_affinity': 0.125, 'redemption_match': 0.7, 'points_eligibility': 1.0, 'cart_affinity': 1.0, 'demographic_match': 0.5}","{'recency_boost': False, 'tier_multiplier': False}"
CUST0436,Standard,Fuel,2,OFFER006,Beverages Reward #6,Beverages,Both,50Fuel cents/L,61.26,"{'transaction_affinity': 0.125, 'redemption_match': 0.7, 'points_eligibility': 1.0, 'cart_affinity': 1.0, 'demographic_match': 0.5}","{'recency_boost': False, 'tier_multiplier': False}"
CUST0436,Standard,Fuel,3,OFFER018,Beverages Reward #18,Beverages,Both,50$ off,61.26,"{'transaction_affinity': 0.125, 'redemption_match': 0.7, 'points_eligibility': 1.0, 'cart_affinity': 1.0, 'demographic_match': 0.5}","{'recency_boost': False, 'tier_multiplier': False}"
CUST0437,Standard,Grocery,1,OFFER009,Bakery Reward #9,Bakery,Grocery,25% off,74.45,"{'transaction_affinity': 0.345, 'redemption_match': 1.0, 'points_eligibility': 1.0, 'cart_affinity': 0.94, 'demographic_match': 0.5}","{'recency_boost': False, 'tier_multiplier': False}"
CUST0437,Standard,Grocery,2,OFFER003,Dairy Reward #3,Dairy,Grocery,50$ off,70.18,"{'transaction_affinity': 0.203, 'redemption_match': 1.0, 'points_eligibility': 1.0, 'cart_affinity': 0.94, 'demographic_match': 0.5}","{'recency_boost': False, 'tier_multiplier': False}"
CUST0437,Standard,Grocery,3,OFFER011,Dairy Reward #11,Dairy,Grocery,5Free item,70.18,"{'transaction_affinity': 0.203, 'redemption_match': 1.0, 'points_eligibility': 1.0, 'cart_affinity': 0.94, 'demographic_match': 0.5}","{'recency_boost': False, 'tier_multiplier': False}"
CUST0438,Standard,Grocery,1,OFFER003,Dairy Reward #3,Dairy,Grocery,50$ off,71.14,"{'transaction_affinity': 0.265, 'redemption_match': 1.0, 'points_eligibility': 1.0, 'cart_affinity': 0.88, 'demographic_match': 0.5}","{'recency_boost': False, 'tier_multiplier': False}"
CUST0438,Standard,Grocery,2,OFFER011,Dairy Reward #11,Dairy,Grocery,5Free item,71.14,"{'transaction_affinity': 0.265, 'redemption_match': 1.0, 'points_eligibility': 1.0, 'cart_affinity': 0.88, 'demographic_match': 0.5}","{'recency_boost': False, 'tier_multiplier': False}"
CUST0438,Standard,Grocery,3,OFFER009,Bakery Reward #9,Bakery,Grocery,25% off,69.76,"{'transaction_affinity': 0.219, 'redemption_match': 1.0, 'points_eligibility': 1.0, 'cart_affinity': 0.88, 'demographic_match': 0.5}","{'recency_boost': False, 'tier_multiplier': False}"
CUST0439,Standard,Fuel,1,OFFER007,Dairy Reward #7,Dairy,Both,15Free item,62.51,"{'transaction_affinity': 0.167, 'redemption_match': 0.7, 'points_eligibility': 1.0, 'cart_affinity': 1.0, 'demographic_match': 0.5}","{'recency_boost': False, 'tier_multiplier': False}"
CUST0439,Standard,Fuel,2,OFFER014,Dairy Reward #14,Dairy,Both,50$ off,62.51,"{'transaction_affinity': 0.167, 'redemption_match': 0.7, 'points_eligibility': 1.0, 'cart_affinity': 1.0, 'demographic_match': 0.5}","{'recency_boost': False, 'tier_multiplier': False}"
CUST0439,Standard,Fuel,3,OFFER004,Beverages Reward #4,Beverages,Both,50% off,57.5,"{'transaction_affinity': 0.0, 'redemption_match': 0.7, 'points_eligibility': 1.0, 'cart_affinity': 1.0, 'demographic_match': 0.5}","{'recency_boost': False, 'tier_multiplier': False}"
CUST0440,Standard,Fuel,1,OFFER006,Beverages Reward #6,Beverages,Both,50Fuel cents/L,58.94,"{'transaction_affinity': 0.048, 'redemption_match': 0.7, 'points_eligibility': 1.0, 'cart_affinity': 1.0, 'demographic_match': 0.5}","{'recency_boost': False, 'tier_multiplier': False}"
CUST0440,Standard,Fuel,2,OFFER014,Dairy Reward #14,Dairy,Both,50$ off,58.8,"{'transaction_affinity': 0.043, 'redemption_match': 0.7, 'points_eligibility': 1.0, 'cart_affinity': 1.0, 'demographic_match': 0.5}","{'recency_boost': False, 'tier_multiplier': False}"
CUST0440,Standard,Fuel,3,OFFER012,Produce Reward #12,Produce,Both,15$ off,57.5,"{'transaction_affinity': 0.0, 'redemption_match': 0.7, 'points_eligibility': 1.0, 'cart_affinity': 1.0, 'demographic_match': 0.5}","{'recency_boost': False, 'tier_multiplier': False}"
CUST0441,4U+,Grocery,1,OFFER011,Dairy Reward #11,Dairy,Grocery,5Free item,100.0,"{'transaction_affinity': 0.219, 'redemption_match': 1.0, 'points_eligibility': 1.0, 'cart_affinity': 0.94, 'demographic_match': 0.5}","{'recency_boost': False, 'tier_multiplier': True}"
CUST0441,4U+,Grocery,2,OFFER020,Beverages Reward #20,Beverages,Grocery,5Free item,100.0,"{'transaction_affinity': 0.095, 'redemption_match': 1.0, 'points_eligibility': 1.0, 'cart_affinity': 0.94, 'demographic_match': 0.5}","{'recency_boost': False, 'tier_multiplier': True}"
CUST0441,4U+,Grocery,3,OFFER005,Produce Reward #5,Produce,eCommerce,5$ off,92.25,"{'transaction_affinity': 0.367, 'redemption_match': 0.9, 'points_eligibility': 1.0, 'cart_affinity': 0.2, 'demographic_match': 0.5}","{'recency_boost': False, 'tier_multiplier': True}"
CUST0442,Standard,Grocery,1,OFFER003,Dairy Reward #3,Dairy,Grocery,50$ off,71.75,"{'transaction_affinity': 0.245, 'redemption_match': 1.0, 'points_eligibility': 1.0, 'cart_affinity': 0.76, 'demographic_match': 0.8}","{'recency_boost': False, 'tier_multiplier': False}"
CUST0442,Standard,Grocery,2,OFFER011,Dairy Reward #11,Dairy,Grocery,5Free item,71.75,"{'transaction_affinity': 0.245, 'redemption_match': 1.0, 'points_eligibility': 1.0, 'cart_affinity': 0.76, 'demographic_match': 0.8}","{'recency_boost': False, 'tier_multiplier': False}"
CUST0442,Standard,Grocery,3,OFFER008,Produce Reward #8,Produce,Grocery,25% off,71.11,"{'transaction_affinity': 0.224, 'redemption_match': 1.0, 'points_eligibility': 1.0, 'cart_affinity': 0.76, 'demographic_match': 0.8}","{'recency_boost': False, 'tier_multiplier': False}"
CUST0443,Standard,Grocery,1,OFFER008,Produce Reward #8,Produce,Grocery,25% off,72.64,"{'transaction_affinity': 0.255, 'redemption_match': 1.0, 'points_eligibility': 1.0, 'cart_affinity': 1.0, 'demographic_match': 0.5}","{'recency_boost': False, 'tier_multiplier': False}"
CUST0443,Standard,Grocery,2,OFFER003,Dairy Reward #3,Dairy,Grocery,50$ off,71.07,"{'transaction_affinity': 0.202, 'redemption_match': 1.0, 'points_eligibility': 1.0, 'cart_affinity': 1.0, 'demographic_match': 0.5}","{'recency_boost': False, 'tier_multiplier': False}"
CUST0443,Standard,Grocery,3,OFFER011,Dairy Reward #11,Dairy,Grocery,5Free item,71.07,"{'transaction_affinity': 0.202, 'redemption_match': 1.0, 'points_eligibility': 1.0, 'cart_affinity': 1.0, 'demographic_match': 0.5}","{'recency_boost': False, 'tier_multiplier': False}"
CUST0444,4U+,Fuel,1,OFFER008,Produce Reward #8,Produce,Grocery,25% off,69.53,"{'transaction_affinity': 0.128, 'redemption_match': 0.1, 'points_eligibility': 1.0, 'cart_affinity': 1.0, 'demographic_match': 0.5}","{'recency_boost': False, 'tier_multiplier': True}"
CUST0444,4U+,Fuel,2,OFFER011,Dairy Reward #11,Dairy,Grocery,5Free item,69.5,"{'transaction_affinity': 0.128, 'redemption_match': 0.1, 'points_eligibility': 1.0, 'cart_affinity': 1.0, 'demographic_match': 0.5}","{'recency_boost': False, 'tier_multiplier': True}"
CUST0444,4U+,Fuel,3,OFFER020,Beverages Reward #20,Beverages,Grocery,5Free item,67.68,"{'transaction_affinity': 0.087, 'redemption_match': 0.1, 'points_eligibility': 1.0, 'cart_affinity': 1.0, 'demographic_match': 0.5}","{'recency_boost': False, 'tier_multiplier': True}"
CUST0445,Standard,Grocery,1,OFFER003,Dairy Reward #3,Dairy,Grocery,50$ off,68.54,"{'transaction_affinity': 0.238, 'redemption_match': 1.0, 'points_eligibility': 1.0, 'cart_affinity': 0.76, 'demographic_match': 0.5}","{'recency_boost': False, 'tier_multiplier': False}"
CUST0445,Standard,Grocery,2,OFFER011,Dairy Reward #11,Dairy,Grocery,5Free item,68.54,"{'transaction_affinity': 0.238, 'redemption_match': 1.0, 'points_eligibility': 1.0, 'cart_affinity': 0.76, 'demographic_match': 0.5}","{'recency_boost': False, 'tier_multiplier': False}"
CUST0445,Standard,Grocery,3,OFFER008,Produce Reward #8,Produce,Grocery,25% off,68.19,"{'transaction_affinity': 0.226, 'redemption_match': 1.0, 'points_eligibility': 1.0, 'cart_affinity': 0.76, 'demographic_match': 0.5}","{'recency_boost': False, 'tier_multiplier': False}"
CUST0446,Standard,Grocery,1,OFFER008,Produce Reward #8,Produce,Grocery,25% off,71.18,"{'transaction_affinity': 0.236, 'redemption_match': 1.0, 'points_eligibility': 1.0, 'cart_affinity': 0.94, 'demographic_match': 0.5}","{'recency_boost': False, 'tier_multiplier': False}"
CUST0446,Standard,Grocery,2,OFFER003,Dairy Reward #3,Dairy,Grocery,50$ off,70.6,"{'transaction_affinity': 0.217, 'redemption_match': 1.0, 'points_eligibility': 1.0, 'cart_affinity': 0.94, 'demographic_match': 0.5}","{'recency_boost': False, 'tier_multiplier': False}"
CUST0446,Standard,Grocery,3,OFFER011,Dairy Reward #11,Dairy,Grocery,5Free item,70.6,"{'transaction_affinity': 0.217, 'redemption_match': 1.0, 'points_eligibility': 1.0, 'cart_affinity': 0.94, 'demographic_match': 0.5}","{'recency_boost': False, 'tier_multiplier': False}"
CUST0447,Standard,Fuel,1,OFFER004,Beverages Reward #4,Beverages,Both,50% off,62.3,"{'transaction_affinity': 0.16, 'redemption_match': 0.7, 'points_eligibility': 1.0, 'cart_affinity': 1.0, 'demographic_match': 0.5}","{'recency_boost': False, 'tier_multiplier': False}"
CUST0447,Standard,Fuel,2,OFFER006,Beverages Reward #6,Beverages,Both,50Fuel cents/L,62.3,"{'transaction_affinity': 0.16, 'redemption_match': 0.7, 'points_eligibility': 1.0, 'cart_affinity': 1.0, 'demographic_match': 0.5}","{'recency_boost': False, 'tier_multiplier': False}"
CUST0447,Standard,Fuel,3,OFFER018,Beverages Reward #18,Beverages,Both,50$ off,62.3,"{'transaction_affinity': 0.16, 'redemption_match': 0.7, 'points_eligibility': 1.0, 'cart_affinity': 1.0, 'demographic_match': 0.5}","{'recency_boost': False, 'tier_multiplier': False}"
CUST0448,Standard,Fuel,1,OFFER012,Produce Reward #12,Produce,Both,15$ off,62.26,"{'transaction_affinity': 0.159, 'redemption_match': 0.7, 'points_eligibility': 1.0, 'cart_affinity': 1.0, 'demographic_match': 0.5}","{'recency_boost': False, 'tier_multiplier': False}"
CUST0448,Standard,Fuel,2,OFFER019,Produce Reward #19,Produce,Both,5% off,62.26,"{'transaction_affinity': 0.159, 'redemption_match': 0.7, 'points_eligibility': 1.0, 'cart_affinity': 1.0, 'demographic_match': 0.5}","{'recency_boost': False, 'tier_multiplier': False}"
CUST0448,Standard,Fuel,3,OFFER004,Beverages Reward #4,Beverages,Both,50% off,57.5,"{'transaction_affinity': 0.0, 'redemption_match': 0.7, 'points_eligibility': 1.0, 'cart_affinity': 1.0, 'demographic_match': 0.5}","{'recency_boost': False, 'tier_multiplier': False}"
CUST0449,Standard,Grocery,1,OFFER008,Produce Reward #8,Produce,Grocery,25% off,74.13,"{'transaction_affinity': 0.264, 'redemption_match': 1.0, 'points_eligibility': 1.0, 'cart_affinity': 0.88, 'demographic_match': 0.8}","{'recency_boost': False, 'tier_multiplier': False}"
CUST0449,Standard,Grocery,2,OFFER003,Dairy Reward #3,Dairy,Grocery,50$ off,72.35,"{'transaction_affinity': 0.205, 'redemption_match': 1.0, 'points_eligibility': 1.0, 'cart_affinity': 0.88, 'demographic_match': 0.8}","{'recency_boost': False, 'tier_multiplier': False}"
CUST0449,Standard,Grocery,3,OFFER011,Dairy Reward #11,Dairy,Grocery,5Free item,72.35,"{'transaction_affinity': 0.205, 'redemption_match': 1.0, 'points_eligibility': 1.0, 'cart_affinity': 0.88, 'demographic_match': 0.8}","{'recency_boost': False, 'tier_multiplier': False}"
CUST0450,Standard,Fuel,1,OFFER007,Dairy Reward #7,Dairy,Both,15Free item,59.92,"{'transaction_affinity': 0.081, 'redemption_match': 0.7, 'points_eligibility': 1.0, 'cart_affinity': 1.0, 'demographic_match': 0.5}","{'recency_boost': False, 'tier_multiplier': False}"
CUST0450,Standard,Fuel,2,OFFER014,Dairy Reward #14,Dairy,Both,50$ off,59.92,"{'transaction_affinity': 0.081, 'redemption_match': 0.7, 'points_eligibility': 1.0, 'cart_affinity': 1.0, 'demographic_match': 0.5}","{'recency_boost': False, 'tier_multiplier': False}"
CUST0450,Standard,Fuel,3,OFFER012,Produce Reward #12,Produce,Both,15$ off,59.22,"{'transaction_affinity': 0.057, 'redemption_match': 0.7, 'points_eligibility': 1.0, 'cart_affinity': 1.0, 'demographic_match': 0.5}","{'recency_boost': False, 'tier_multiplier': False}"
CUST0451,4U+,Grocery,1,OFFER008,Produce Reward #8,Produce,Grocery,25% off,100.0,"{'transaction_affinity': 0.106, 'redemption_match': 1.0, 'points_eligibility': 1.0, 'cart_affinity': 0.94, 'demographic_match': 0.5}","{'recency_boost': False, 'tier_multiplier': True}"
CUST0451,4U+,Grocery,2,OFFER015,Snacks Reward #15,Snacks,Grocery,20Fuel cents/L,100.0,"{'transaction_affinity': 0.196, 'redemption_match': 1.0, 'points_eligibility': 1.0, 'cart_affinity': 0.94, 'demographic_match': 0.5}","{'recency_boost': False, 'tier_multiplier': True}"
CUST0451,4U+,Grocery,3,OFFER011,Dairy Reward #11,Dairy,Grocery,5Free item,96.15,"{'transaction_affinity': 0.0, 'redemption_match': 1.0, 'points_eligibility': 1.0, 'cart_affinity': 0.94, 'demographic_match': 0.5}","{'recency_boost': False, 'tier_multiplier': True}"
CUST0452,Standard,Fuel,1,OFFER004,Beverages Reward #4,Beverages,Both,50% off,60.78,"{'transaction_affinity': 0.109, 'redemption_match': 0.7, 'points_eligibility': 1.0, 'cart_affinity': 1.0, 'demographic_match': 0.5}","{'recency_boost': False, 'tier_multiplier': False}"
CUST0452,Standard,Fuel,2,OFFER006,Beverages Reward #6,Beverages,Both,50Fuel cents/L,60.78,"{'transaction_affinity': 0.109, 'redemption_match': 0.7, 'points_eligibility': 1.0, 'cart_affinity': 1.0, 'demographic_match': 0.5}","{'recency_boost': False, 'tier_multiplier': False}"
CUST0452,Standard,Fuel,3,OFFER018,Beverages Reward #18,Beverages,Both,50$ off,60.78,"{'transaction_affinity': 0.109, 'redemption_match': 0.7, 'points_eligibility': 1.0, 'cart_affinity': 1.0, 'demographic_match': 0.5}","{'recency_boost': False, 'tier_multiplier': False}"
CUST0453,Standard,Grocery,1,OFFER001,Grocery Reward #1,Grocery,eCommerce,10Fuel cents/L,73.57,"{'transaction_affinity': 0.469, 'redemption_match': 0.9, 'points_eligibility': 1.0, 'cart_affinity': 0.8, 'demographic_match': 0.5}","{'recency_boost': False, 'tier_multiplier': False}"
CUST0453,Standard,Grocery,2,OFFER013,Grocery Reward #13,Grocery,eCommerce,10% off,73.57,"{'transaction_affinity': 0.469, 'redemption_match': 0.9, 'points_eligibility': 1.0, 'cart_affinity': 0.8, 'demographic_match': 0.5}","{'recency_boost': False, 'tier_multiplier': False}"
CUST0453,Standard,Grocery,3,OFFER003,Dairy Reward #3,Dairy,Grocery,50$ off,70.15,"{'transaction_affinity': 0.292, 'redemption_match': 1.0, 'points_eligibility': 1.0, 'cart_affinity': 0.76, 'demographic_match': 0.5}","{'recency_boost': False, 'tier_multiplier': False}"
CUST0454,Standard,Fuel,1,OFFER007,Dairy Reward #7,Dairy,Both,15Free item,62.78,"{'transaction_affinity': 0.176, 'redemption_match': 0.7, 'points_eligibility': 1.0, 'cart_affinity': 1.0, 'demographic_match': 0.5}","{'recency_boost': False, 'tier_multiplier': False}"
CUST0454,Standard,Fuel,2,OFFER014,Dairy Reward #14,Dairy,Both,50$ off,62.78,"{'transaction_affinity': 0.176, 'redemption_match': 0.7, 'points_eligibility': 1.0, 'cart_affinity': 1.0, 'demographic_match': 0.5}","{'recency_boost': False, 'tier_multiplier': False}"
CUST0454,Standard,Fuel,3,OFFER004,Beverages Reward #4,Beverages,Both,50% off,61.16,"{'transaction_affinity': 0.122, 'redemption_match': 0.7, 'points_eligibility': 1.0, 'cart_affinity': 1.0, 'demographic_match': 0.5}","{'recency_boost': False, 'tier_multiplier': False}"
CUST0455,4U+,Fuel,1,OFFER020,Beverages Reward #20,Beverages,Grocery,5Free item,71.54,"{'transaction_affinity': 0.173, 'redemption_match': 0.1, 'points_eligibility': 1.0, 'cart_affinity': 1.0, 'demographic_match': 0.5}","{'recency_boost': False, 'tier_multiplier': True}"
CUST0455,4U+,Fuel,2,OFFER011,Dairy Reward #11,Dairy,Grocery,5Free item,70.34,"{'transaction_affinity': 0.046, 'redemption_match': 0.1, 'points_eligibility': 1.0, 'cart_affinity': 1.0, 'demographic_match': 0.8}","{'recency_boost': False, 'tier_multiplier': True}"
CUST0455,4U+,Fuel,3,OFFER008,Produce Reward #8,Produce,Grocery,25% off,68.25,"{'transaction_affinity': 0.0, 'redemption_match': 0.1, 'points_eligibility': 1.0, 'cart_affinity': 1.0, 'demographic_match': 0.8}","{'recency_boost': False, 'tier_multiplier': True}"
CUST0456,4U+,Grocery,1,OFFER008,Produce Reward #8,Produce,Grocery,25% off,100.0,"{'transaction_affinity': 0.183, 'redemption_match': 1.0, 'points_eligibility': 1.0, 'cart_affinity': 0.88, 'demographic_match': 0.5}","{'recency_boost': False, 'tier_multiplier': True}"
CUST0456,4U+,Grocery,2,OFFER020,Beverages Reward #20,Beverages,Grocery,5Free item,100.0,"{'transaction_affinity': 0.125, 'redemption_match': 1.0, 'points_eligibility': 1.0, 'cart_affinity': 0.88, 'demographic_match': 0.5}","{'recency_boost': False, 'tier_multiplier': True}"
CUST0456,4U+,Grocery,3,OFFER011,Dairy Reward #11,Dairy,Grocery,5Free item,99.45,"{'transaction_affinity': 0.103, 'redemption_match': 1.0, 'points_eligibility': 1.0, 'cart_affinity': 0.88, 'demographic_match': 0.5}","{'recency_boost': False, 'tier_multiplier': True}"
CUST0457,Standard,Grocery,1,OFFER005,Produce Reward #5,Produce,eCommerce,5$ off,78.2,"{'transaction_affinity': 0.423, 'redemption_match': 0.9, 'points_eligibility': 1.0, 'cart_affinity': 1.0, 'demographic_match': 0.8}","{'recency_boost': False, 'tier_multiplier': False}"
CUST0457,Standard,Grocery,2,OFFER010,Produce Reward #10,Produce,eCommerce,50% off,78.2,"{'transaction_affinity': 0.423, 'redemption_match': 0.9, 'points_eligibility': 1.0, 'cart_affinity': 1.0, 'demographic_match': 0.8}","{'recency_boost': False, 'tier_multiplier': False}"
CUST0457,Standard,Grocery,3,OFFER008,Produce Reward #8,Produce,Grocery,25% off,76.2,"{'transaction_affinity': 0.423, 'redemption_match': 1.0, 'points_eligibility': 1.0, 'cart_affinity': 0.7, 'demographic_match': 0.8}","{'recency_boost': False, 'tier_multiplier': False}"
CUST0458,4U+,Fuel,1,OFFER015,Snacks Reward #15,Snacks,Grocery,20Fuel cents/L,68.38,"{'transaction_affinity': 0.103, 'redemption_match': 0.1, 'points_eligibility': 1.0, 'cart_affinity': 1.0, 'demographic_match': 0.5}","{'recency_boost': False, 'tier_multiplier': True}"
CUST0458,4U+,Fuel,2,OFFER008,Produce Reward #8,Produce,Grocery,25% off,68.25,"{'transaction_affinity': 0.0, 'redemption_match': 0.1, 'points_eligibility': 1.0, 'cart_affinity': 1.0, 'demographic_match': 0.8}","{'recency_boost': False, 'tier_multiplier': True}"
CUST0458,4U+,Fuel,3,OFFER011,Dairy Reward #11,Dairy,Grocery,5Free item,68.25,"{'transaction_affinity': 0.0, 'redemption_match': 0.1, 'points_eligibility': 1.0, 'cart_affinity': 1.0, 'demographic_match': 0.8}","{'recency_boost': False, 'tier_multiplier': True}"
CUST0459,Standard,Grocery,1,OFFER009,Bakery Reward #9,Bakery,Grocery,25% off,68.72,"{'transaction_affinity': 0.184, 'redemption_match': 1.0, 'points_eligibility': 1.0, 'cart_affinity': 0.88, 'demographic_match': 0.5}","{'recency_boost': False, 'tier_multiplier': False}"
CUST0459,Standard,Grocery,2,OFFER015,Snacks Reward #15,Snacks,Grocery,20Fuel cents/L,66.68,"{'transaction_affinity': 0.116, 'redemption_match': 1.0, 'points_eligibility': 1.0, 'cart_affinity': 0.88, 'demographic_match': 0.5}","{'recency_boost': False, 'tier_multiplier': False}"
CUST0459,Standard,Grocery,3,OFFER017,Snacks Reward #17,Snacks,Grocery,15Fuel cents/L,66.68,"{'transaction_affinity': 0.116, 'redemption_match': 1.0, 'points_eligibility': 1.0, 'cart_affinity': 0.88, 'demographic_match': 0.5}","{'recency_boost': False, 'tier_multiplier': False}"
CUST0460,Standard,Grocery,1,OFFER001,Grocery Reward #1,Grocery,eCommerce,10Fuel cents/L,89.54,"{'transaction_affinity': 0.304, 'redemption_match': 0.9, 'points_eligibility': 1.0, 'cart_affinity': 1.0, 'demographic_match': 0.8}","{'recency_boost': True, 'tier_multiplier': False}"
CUST0460,Standard,Grocery,2,OFFER013,Grocery Reward #13,Grocery,eCommerce,10% off,89.54,"{'transaction_affinity': 0.304, 'redemption_match': 0.9, 'points_eligibility': 1.0, 'cart_affinity': 1.0, 'demographic_match': 0.8}","{'recency_boost': True, 'tier_multiplier': False}"
CUST0460,Standard,Grocery,3,OFFER016,Bakery Reward #16,Bakery,eCommerce,25Free item,87.35,"{'transaction_affinity': 0.343, 'redemption_match': 0.9, 'points_eligibility': 1.0, 'cart_affinity': 1.0, 'demographic_match': 0.5}","{'recency_boost': True, 'tier_multiplier': False}"
CUST0461,Standard,Grocery,1,OFFER009,Bakery Reward #9,Bakery,Grocery,25% off,88.72,"{'transaction_affinity': 0.448, 'redemption_match': 1.0, 'points_eligibility': 1.0, 'cart_affinity': 0.7, 'demographic_match': 0.5}","{'recency_boost': True, 'tier_multiplier': False}"
CUST0461,Standard,Grocery,2,OFFER001,Grocery Reward #1,Grocery,eCommerce,10Fuel cents/L,82.68,"{'transaction_affinity': 0.213, 'redemption_match': 0.9, 'points_eligibility': 1.0, 'cart_affinity': 1.0, 'demographic_match': 0.5}","{'recency_boost': True, 'tier_multiplier': False}"
CUST0461,Standard,Grocery,3,OFFER013,Grocery Reward #13,Grocery,eCommerce,10% off,82.68,"{'transaction_affinity': 0.213, 'redemption_match': 0.9, 'points_eligibility': 1.0, 'cart_affinity': 1.0, 'demographic_match': 0.5}","{'recency_boost': True, 'tier_multiplier': False}"
CUST0462,Standard,Grocery,1,OFFER009,Bakery Reward #9,Bakery,Grocery,25% off,75.45,"{'transaction_affinity': 0.348, 'redemption_match': 1.0, 'points_eligibility': 1.0, 'cart_affinity': 1.0, 'demographic_match': 0.5}","{'recency_boost': False, 'tier_multiplier': False}"
CUST0462,Standard,Grocery,2,OFFER003,Dairy Reward #3,Dairy,Grocery,50$ off,73.95,"{'transaction_affinity': 0.198, 'redemption_match': 1.0, 'points_eligibility': 1.0, 'cart_affinity': 1.0, 'demographic_match': 0.8}","{'recency_boost': False, 'tier_multiplier': False}"
CUST0462,Standard,Grocery,3,OFFER011,Dairy Reward #11,Dairy,Grocery,5Free item,73.95,"{'transaction_affinity': 0.198, 'redemption_match': 1.0, 'points_eligibility': 1.0, 'cart_affinity': 1.0, 'demographic_match': 0.8}","{'recency_boost': False, 'tier_multiplier': False}"
CUST0463,4U+,Fuel,1,OFFER015,Snacks Reward #15,Snacks,Grocery,20Fuel cents/L,75.44,"{'transaction_affinity': 0.26, 'redemption_match': 0.1, 'points_eligibility': 1.0, 'cart_affinity': 1.0, 'demographic_match': 0.5}","{'recency_boost': False, 'tier_multiplier': True}"
CUST0463,4U+,Fuel,2,OFFER020,Beverages Reward #20,Beverages,Grocery,5Free item,74.54,"{'transaction_affinity': 0.24, 'redemption_match': 0.1, 'points_eligibility': 1.0, 'cart_affinity': 1.0, 'demographic_match': 0.5}","{'recency_boost': False, 'tier_multiplier': True}"
CUST0463,4U+,Fuel,3,OFFER011,Dairy Reward #11,Dairy,Grocery,5Free item,71.4,"{'transaction_affinity': 0.17, 'redemption_match': 0.1, 'points_eligibility': 1.0, 'cart_affinity': 1.0, 'demographic_match': 0.5}","{'recency_boost': False, 'tier_multiplier': True}"
CUST0464,Standard,Grocery,1,OFFER003,Dairy Reward #3,Dairy,Grocery,50$ off,71.17,"{'transaction_affinity': 0.136, 'redemption_match': 1.0, 'points_eligibility': 1.0, 'cart_affinity': 0.94, 'demographic_match': 0.8}","{'recency_boost': False, 'tier_multiplier': False}"
CUST0464,Standard,Grocery,2,OFFER011,Dairy Reward #11,Dairy,Grocery,5Free item,71.17,"{'transaction_affinity': 0.136, 'redemption_match': 1.0, 'points_eligibility': 1.0, 'cart_affinity': 0.94, 'demographic_match': 0.8}","{'recency_boost': False, 'tier_multiplier': False}"
CUST0464,Standard,Grocery,3,OFFER012,Produce Reward #12,Produce,Both,15$ off,69.53,"{'transaction_affinity': 0.331, 'redemption_match': 0.7, 'points_eligibility': 1.0, 'cart_affinity': 0.94, 'demographic_match': 0.8}","{'recency_boost': False, 'tier_multiplier': False}"
CUST0465,Standard,Fuel,1,OFFER007,Dairy Reward #7,Dairy,Both,15Free item,62.59,"{'transaction_affinity': 0.17, 'redemption_match': 0.7, 'points_eligibility': 1.0, 'cart_affinity': 1.0, 'demographic_match': 0.5}","{'recency_boost': False, 'tier_multiplier': False}"
CUST0465,Standard,Fuel,2,OFFER014,Dairy Reward #14,Dairy,Both,50$ off,62.59,"{'transaction_affinity': 0.17, 'redemption_match': 0.7, 'points_eligibility': 1.0, 'cart_affinity': 1.0, 'demographic_match': 0.5}","{'recency_boost': False, 'tier_multiplier': False}"
CUST0465,Standard,Fuel,3,OFFER004,Beverages Reward #4,Beverages,Both,50% off,59.66,"{'transaction_affinity': 0.072, 'redemption_match': 0.7, 'points_eligibility': 1.0, 'cart_affinity': 1.0, 'demographic_match': 0.5}","{'recency_boost': False, 'tier_multiplier': False}"
CUST0466,4U+,Fuel,1,OFFER011,Dairy Reward #11,Dairy,Grocery,5Free item,75.69,"{'transaction_affinity': 0.165, 'redemption_match': 0.1, 'points_eligibility': 1.0, 'cart_affinity': 1.0, 'demographic_match': 0.8}","{'recency_boost': False, 'tier_multiplier': True}"
CUST0466,4U+,Fuel,2,OFFER008,Produce Reward #8,Produce,Grocery,25% off,75.49,"{'transaction_affinity': 0.161, 'redemption_match': 0.1, 'points_eligibility': 1.0, 'cart_affinity': 1.0, 'demographic_match': 0.8}","{'recency_boost': False, 'tier_multiplier': True}"
CUST0466,4U+,Fuel,3,OFFER005,Produce Reward #5,Produce,eCommerce,5$ off,71.74,"{'transaction_affinity': 0.161, 'redemption_match': 0.6, 'points_eligibility': 1.0, 'cart_affinity': 0.0, 'demographic_match': 0.8}","{'recency_boost': False, 'tier_multiplier': True}"
CUST0467,Standard,Fuel,1,OFFER012,Produce Reward #12,Produce,Both,15$ off,60.62,"{'transaction_affinity': 0.104, 'redemption_match': 0.7, 'points_eligibility': 1.0, 'cart_affinity': 1.0, 'demographic_match': 0.5}","{'recency_boost': False, 'tier_multiplier': False}"
CUST0467,Standard,Fuel,2,OFFER019,Produce Reward #19,Produce,Both,5% off,60.62,"{'transaction_affinity': 0.104, 'redemption_match': 0.7, 'points_eligibility': 1.0, 'cart_affinity': 1.0, 'demographic_match': 0.5}","{'recency_boost': False, 'tier_multiplier': False}"
CUST0467,Standard,Fuel,3,OFFER004,Beverages Reward #4,Beverages,Both,50% off,59.94,"{'transaction_affinity': 0.081, 'redemption_match': 0.7, 'points_eligibility': 1.0, 'cart_affinity': 1.0, 'demographic_match': 0.5}","{'recency_boost': False, 'tier_multiplier': False}"
CUST0468,Standard,Grocery,1,OFFER008,Produce Reward #8,Produce,Grocery,25% off,74.76,"{'transaction_affinity': 0.445, 'redemption_match': 1.0, 'points_eligibility': 1.0, 'cart_affinity': 0.76, 'demographic_match': 0.5}","{'recency_boost': False, 'tier_multiplier': False}"
CUST0468,Standard,Grocery,2,OFFER005,Produce Reward #5,Produce,eCommerce,5$ off,72.86,"{'transaction_affinity': 0.445, 'redemption_match': 0.9, 'points_eligibility': 1.0, 'cart_affinity': 0.8, 'demographic_match': 0.5}","{'recency_boost': False, 'tier_multiplier': False}"
CUST0468,Standard,Grocery,3,OFFER010,Produce Reward #10,Produce,eCommerce,50% off,72.86,"{'transaction_affinity': 0.445, 'redemption_match': 0.9, 'points_eligibility': 1.0, 'cart_affinity': 0.8, 'demographic_match': 0.5}","{'recency_boost': False, 'tier_multiplier': False}"
CUST0469,4U+,Fuel,1,OFFER011,Dairy Reward #11,Dairy,Grocery,5Free item,63.75,"{'transaction_affinity': 0.0, 'redemption_match': 0.1, 'points_eligibility': 1.0, 'cart_affinity': 1.0, 'demographic_match': 0.5}","{'recency_boost': False, 'tier_multiplier': True}"
CUST0469,4U+,Fuel,2,OFFER020,Beverages Reward #20,Beverages,Grocery,5Free item,63.75,"{'transaction_affinity': 0.0, 'redemption_match': 0.1, 'points_eligibility': 1.0, 'cart_affinity': 1.0, 'demographic_match': 0.5}","{'recency_boost': False, 'tier_multiplier': True}"
CUST0469,4U+,Fuel,3,OFFER005,Produce Reward #5,Produce,eCommerce,5$ off,60.0,"{'transaction_affinity': 0.0, 'redemption_match': 0.6, 'points_eligibility': 1.0, 'cart_affinity': 0.0, 'demographic_match': 0.5}","{'recency_boost': False, 'tier_multiplier': True}"
CUST0470,4U+,Fuel,1,OFFER011,Dairy Reward #11,Dairy,Grocery,5Free item,84.95,"{'transaction_affinity': 0.057, 'redemption_match': 0.1, 'points_eligibility': 1.0, 'cart_affinity': 1.0, 'demographic_match': 0.8}","{'recency_boost': True, 'tier_multiplier': True}"
CUST0470,4U+,Fuel,2,OFFER005,Produce Reward #5,Produce,eCommerce,5$ off,79.52,"{'transaction_affinity': 0.039, 'redemption_match': 0.6, 'points_eligibility': 1.0, 'cart_affinity': 0.0, 'demographic_match': 0.8}","{'recency_boost': True, 'tier_multiplier': True}"
CUST0470,4U+,Fuel,3,OFFER020,Beverages Reward #20,Beverages,Grocery,5Free item,79.3,"{'transaction_affinity': 0.052, 'redemption_match': 0.1, 'points_eligibility': 1.0, 'cart_affinity': 1.0, 'demographic_match': 0.5}","{'recency_boost': True, 'tier_multiplier': True}"
CUST0471,Standard,Grocery,1,OFFER001,Grocery Reward #1,Grocery,eCommerce,10Fuel cents/L,69.2,"{'transaction_affinity': 0.223, 'redemption_match': 0.9, 'points_eligibility': 1.0, 'cart_affinity': 1.0, 'demographic_match': 0.5}","{'recency_boost': False, 'tier_multiplier': False}"
CUST0471,Standard,Grocery,2,OFFER013,Grocery Reward #13,Grocery,eCommerce,10% off,69.2,"{'transaction_affinity': 0.223, 'redemption_match': 0.9, 'points_eligibility': 1.0, 'cart_affinity': 1.0, 'demographic_match': 0.5}","{'recency_boost': False, 'tier_multiplier': False}"
CUST0471,Standard,Grocery,3,OFFER003,Dairy Reward #3,Dairy,Grocery,50$ off,67.69,"{'transaction_affinity': 0.24, 'redemption_match': 1.0, 'points_eligibility': 1.0, 'cart_affinity': 0.7, 'demographic_match': 0.5}","{'recency_boost': False, 'tier_multiplier': False}"
CUST0472,Standard,Grocery,1,OFFER003,Dairy Reward #3,Dairy,Grocery,50$ off,73.89,"{'transaction_affinity': 0.386, 'redemption_match': 1.0, 'points_eligibility': 1.0, 'cart_affinity': 0.82, 'demographic_match': 0.5}","{'recency_boost': False, 'tier_multiplier': False}"
CUST0472,Standard,Grocery,2,OFFER011,Dairy Reward #11,Dairy,Grocery,5Free item,73.89,"{'transaction_affinity': 0.386, 'redemption_match': 1.0, 'points_eligibility': 1.0, 'cart_affinity': 0.82, 'demographic_match': 0.5}","{'recency_boost': False, 'tier_multiplier': False}"
CUST0472,Standard,Grocery,3,OFFER008,Produce Reward #8,Produce,Grocery,25% off,72.59,"{'transaction_affinity': 0.343, 'redemption_match': 1.0, 'points_eligibility': 1.0, 'cart_affinity': 0.82, 'demographic_match': 0.5}","{'recency_boost': False, 'tier_multiplier': False}"
CUST0473,Standard,Grocery,1,OFFER003,Dairy Reward #3,Dairy,Grocery,50$ off,74.72,"{'transaction_affinity': 0.224, 'redemption_match': 1.0, 'points_eligibility': 1.0, 'cart_affinity': 1.0, 'demographic_match': 0.8}","{'recency_boost': False, 'tier_multiplier': False}"
CUST0473,Standard,Grocery,2,OFFER011,Dairy Reward #11,Dairy,Grocery,5Free item,74.72,"{'transaction_affinity': 0.224, 'redemption_match': 1.0, 'points_eligibility': 1.0, 'cart_affinity': 1.0, 'demographic_match': 0.8}","{'recency_boost': False, 'tier_multiplier': False}"
CUST0473,Standard,Grocery,3,OFFER009,Bakery Reward #9,Bakery,Grocery,25% off,71.64,"{'transaction_affinity': 0.221, 'redemption_match': 1.0, 'points_eligibility': 1.0, 'cart_affinity': 1.0, 'demographic_match': 0.5}","{'recency_boost': False, 'tier_multiplier': False}"
CUST0474,Standard,Fuel,1,OFFER007,Dairy Reward #7,Dairy,Both,15Free item,64.35,"{'transaction_affinity': 0.228, 'redemption_match': 0.7, 'points_eligibility': 1.0, 'cart_affinity': 1.0, 'demographic_match': 0.5}","{'recency_boost': False, 'tier_multiplier': False}"
CUST0474,Standard,Fuel,2,OFFER014,Dairy Reward #14,Dairy,Both,50$ off,64.35,"{'transaction_affinity': 0.228, 'redemption_match': 0.7, 'points_eligibility': 1.0, 'cart_affinity': 1.0, 'demographic_match': 0.5}","{'recency_boost': False, 'tier_multiplier': False}"
CUST0474,Standard,Fuel,3,OFFER012,Produce Reward #12,Produce,Both,15$ off,57.77,"{'transaction_affinity': 0.009, 'redemption_match': 0.7, 'points_eligibility': 1.0, 'cart_affinity': 1.0, 'demographic_match': 0.5}","{'recency_boost': False, 'tier_multiplier': False}"
CUST0475,Standard,Grocery,1,OFFER009,Bakery Reward #9,Bakery,Grocery,25% off,68.02,"{'transaction_affinity': 0.221, 'redemption_match': 1.0, 'points_eligibility': 1.0, 'cart_affinity': 0.76, 'demographic_match': 0.5}","{'recency_boost': False, 'tier_multiplier': False}"
CUST0475,Standard,Grocery,2,OFFER008,Produce Reward #8,Produce,Grocery,25% off,67.59,"{'transaction_affinity': 0.206, 'redemption_match': 1.0, 'points_eligibility': 1.0, 'cart_affinity': 0.76, 'demographic_match': 0.5}","{'recency_boost': False, 'tier_multiplier': False}"
CUST0475,Standard,Grocery,3,OFFER001,Grocery Reward #1,Grocery,eCommerce,10Fuel cents/L,66.75,"{'transaction_affinity': 0.242, 'redemption_match': 0.9, 'points_eligibility': 1.0, 'cart_affinity': 0.8, 'demographic_match': 0.5}","{'recency_boost': False, 'tier_multiplier': False}"
CUST0476,Standard,Grocery,1,OFFER008,Produce Reward #8,Produce,Grocery,25% off,68.39,"{'transaction_affinity': 0.233, 'redemption_match': 1.0, 'points_eligibility': 1.0, 'cart_affinity': 0.76, 'demographic_match': 0.5}","{'recency_boost': False, 'tier_multiplier': False}"
CUST0476,Standard,Grocery,2,OFFER009,Bakery Reward #9,Bakery,Grocery,25% off,67.39,"{'transaction_affinity': 0.2, 'redemption_match': 1.0, 'points_eligibility': 1.0, 'cart_affinity': 0.76, 'demographic_match': 0.5}","{'recency_boost': False, 'tier_multiplier': False}"
CUST0476,Standard,Grocery,3,OFFER005,Produce Reward #5,Produce,eCommerce,5$ off,66.49,"{'transaction_affinity': 0.233, 'redemption_match': 0.9, 'points_eligibility': 1.0, 'cart_affinity': 0.8, 'demographic_match': 0.5}","{'recency_boost': False, 'tier_multiplier': False}"
CUST0477,Standard,Fuel,1,OFFER007,Dairy Reward #7,Dairy,Both,15Free item,61.31,"{'transaction_affinity': 0.027, 'redemption_match': 0.7, 'points_eligibility': 1.0, 'cart_affinity': 1.0, 'demographic_match': 0.8}","{'recency_boost': False, 'tier_multiplier': False}"
CUST0477,Standard,Fuel,2,OFFER014,Dairy Reward #14,Dairy,Both,50$ off,61.31,"{'transaction_affinity': 0.027, 'redemption_match': 0.7, 'points_eligibility': 1.0, 'cart_affinity': 1.0, 'demographic_match': 0.8}","{'recency_boost': False, 'tier_multiplier': False}"
CUST0477,Standard,Fuel,3,OFFER012,Produce Reward #12,Produce,Both,15$ off,61.07,"{'transaction_affinity': 0.019, 'redemption_match': 0.7, 'points_eligibility': 1.0, 'cart_affinity': 1.0, 'demographic_match': 0.8}","{'recency_boost': False, 'tier_multiplier': False}"
CUST0478,Standard,Fuel,1,OFFER004,Beverages Reward #4,Beverages,Both,50% off,61.12,"{'transaction_affinity': 0.121, 'redemption_match': 0.7, 'points_eligibility': 1.0, 'cart_affinity': 1.0, 'demographic_match': 0.5}","{'recency_boost': False, 'tier_multiplier': False}"
CUST0478,Standard,Fuel,2,OFFER006,Beverages Reward #6,Beverages,Both,50Fuel cents/L,61.12,"{'transaction_affinity': 0.121, 'redemption_match': 0.7, 'points_eligibility': 1.0, 'cart_affinity': 1.0, 'demographic_match': 0.5}","{'recency_boost': False, 'tier_multiplier': False}"
CUST0478,Standard,Fuel,3,OFFER018,Beverages Reward #18,Beverages,Both,50$ off,61.12,"{'transaction_affinity': 0.121, 'redemption_match': 0.7, 'points_eligibility': 1.0, 'cart_affinity': 1.0, 'demographic_match': 0.5}","{'recency_boost': False, 'tier_multiplier': False}"
CUST0479,Standard,Grocery,1,OFFER009,Bakery Reward #9,Bakery,Grocery,25% off,69.73,"{'transaction_affinity': 0.278, 'redemption_match': 1.0, 'points_eligibility': 1.0, 'cart_affinity': 0.76, 'demographic_match': 0.5}","{'recency_boost': False, 'tier_multiplier': False}"
CUST0479,Standard,Grocery,2,OFFER003,Dairy Reward #3,Dairy,Grocery,50$ off,68.06,"{'transaction_affinity': 0.222, 'redemption_match': 1.0, 'points_eligibility': 1.0, 'cart_affinity': 0.76, 'demographic_match': 0.5}","{'recency_boost': False, 'tier_multiplier': False}"
CUST0479,Standard,Grocery,3,OFFER011,Dairy Reward #11,Dairy,Grocery,5Free item,68.06,"{'transaction_affinity': 0.222, 'redemption_match': 1.0, 'points_eligibility': 1.0, 'cart_affinity': 0.76, 'demographic_match': 0.5}","{'recency_boost': False, 'tier_multiplier': False}"
CUST0480,Standard,Grocery,1,OFFER003,Dairy Reward #3,Dairy,Grocery,50$ off,71.61,"{'transaction_affinity': 0.31, 'redemption_match': 1.0, 'points_eligibility': 1.0, 'cart_affinity': 0.82, 'demographic_match': 0.5}","{'recency_boost': False, 'tier_multiplier': False}"
CUST0480,Standard,Grocery,2,OFFER011,Dairy Reward #11,Dairy,Grocery,5Free item,71.61,"{'transaction_affinity': 0.31, 'redemption_match': 1.0, 'points_eligibility': 1.0, 'cart_affinity': 0.82, 'demographic_match': 0.5}","{'recency_boost': False, 'tier_multiplier': False}"
CUST0480,Standard,Grocery,3,OFFER009,Bakery Reward #9,Bakery,Grocery,25% off,69.94,"{'transaction_affinity': 0.255, 'redemption_match': 1.0, 'points_eligibility': 1.0, 'cart_affinity': 0.82, 'demographic_match': 0.5}","{'recency_boost': False, 'tier_multiplier': False}"
CUST0481,4U+,Fuel,1,OFFER008,Produce Reward #8,Produce,Grocery,25% off,71.77,"{'transaction_affinity': 0.178, 'redemption_match': 0.1, 'points_eligibility': 1.0, 'cart_affinity': 1.0, 'demographic_match': 0.5}","{'recency_boost': False, 'tier_multiplier': True}"
CUST0481,4U+,Fuel,2,OFFER015,Snacks Reward #15,Snacks,Grocery,20Fuel cents/L,68.04,"{'transaction_affinity': 0.095, 'redemption_match': 0.1, 'points_eligibility': 1.0, 'cart_affinity': 1.0, 'demographic_match': 0.5}","{'recency_boost': False, 'tier_multiplier': True}"
CUST0481,4U+,Fuel,3,OFFER005,Produce Reward #5,Produce,eCommerce,5$ off,68.02,"{'transaction_affinity': 0.178, 'redemption_match': 0.6, 'points_eligibility': 1.0, 'cart_affinity': 0.0, 'demographic_match': 0.5}","{'recency_boost': False, 'tier_multiplier': True}"
CUST0482,Standard,Fuel,1,OFFER012,Produce Reward #12,Produce,Both,15$ off,65.81,"{'transaction_affinity': 0.177, 'redemption_match': 0.7, 'points_eligibility': 1.0, 'cart_affinity': 1.0, 'demographic_match': 0.8}","{'recency_boost': False, 'tier_multiplier': False}"
CUST0482,Standard,Fuel,2,OFFER019,Produce Reward #19,Produce,Both,5% off,65.81,"{'transaction_affinity': 0.177, 'redemption_match': 0.7, 'points_eligibility': 1.0, 'cart_affinity': 1.0, 'demographic_match': 0.8}","{'recency_boost': False, 'tier_multiplier': False}"
CUST0482,Standard,Fuel,3,OFFER007,Dairy Reward #7,Dairy,Both,15Free item,64.79,"{'transaction_affinity': 0.143, 'redemption_match': 0.7, 'points_eligibility': 1.0, 'cart_affinity': 1.0, 'demographic_match': 0.8}","{'recency_boost': False, 'tier_multiplier': False}"
CUST0483,4U+,Grocery,1,OFFER011,Dairy Reward #11,Dairy,Grocery,5Free item,100.0,"{'transaction_affinity': 0.242, 'redemption_match': 1.0, 'points_eligibility': 1.0, 'cart_affinity': 0.76, 'demographic_match': 0.8}","{'recency_boost': False, 'tier_multiplier': True}"
CUST0483,4U+,Grocery,2,OFFER005,Produce Reward #5,Produce,eCommerce,5$ off,99.11,"{'transaction_affinity': 0.119, 'redemption_match': 0.9, 'points_eligibility': 1.0, 'cart_affinity': 0.8, 'demographic_match': 0.8}","{'recency_boost': False, 'tier_multiplier': True}"
CUST0483,4U+,Grocery,3,OFFER020,Beverages Reward #20,Beverages,Grocery,5Free item,96.56,"{'transaction_affinity': 0.099, 'redemption_match': 1.0, 'points_eligibility': 1.0, 'cart_affinity': 0.76, 'demographic_match': 0.5}","{'recency_boost': False, 'tier_multiplier': True}"
CUST0484,4U+,Fuel,1,OFFER008,Produce Reward #8,Produce,Grocery,25% off,76.62,"{'transaction_affinity': 0.186, 'redemption_match': 0.1, 'points_eligibility': 1.0, 'cart_affinity': 1.0, 'demographic_match': 0.8}","{'recency_boost': False, 'tier_multiplier': True}"
CUST0484,4U+,Fuel,2,OFFER005,Produce Reward #5,Produce,eCommerce,5$ off,72.87,"{'transaction_affinity': 0.186, 'redemption_match': 0.6, 'points_eligibility': 1.0, 'cart_affinity': 0.0, 'demographic_match': 0.8}","{'recency_boost': False, 'tier_multiplier': True}"
CUST0484,4U+,Fuel,3,OFFER011,Dairy Reward #11,Dairy,Grocery,5Free item,69.11,"{'transaction_affinity': 0.019, 'redemption_match': 0.1, 'points_eligibility': 1.0, 'cart_affinity': 1.0, 'demographic_match': 0.8}","{'recency_boost': False, 'tier_multiplier': True}"
CUST0485,Standard,Grocery,1,OFFER003,Dairy Reward #3,Dairy,Grocery,50$ off,74.51,"{'transaction_affinity': 0.307, 'redemption_match': 1.0, 'points_eligibility': 1.0, 'cart_affinity': 0.82, 'demographic_match': 0.8}","{'recency_boost': False, 'tier_multiplier': False}"
CUST0485,Standard,Grocery,2,OFFER011,Dairy Reward #11,Dairy,Grocery,5Free item,74.51,"{'transaction_affinity': 0.307, 'redemption_match': 1.0, 'points_eligibility': 1.0, 'cart_affinity': 0.82, 'demographic_match': 0.8}","{'recency_boost': False, 'tier_multiplier': False}"
CUST0485,Standard,Grocery,3,OFFER009,Bakery Reward #9,Bakery,Grocery,25% off,74.43,"{'transaction_affinity': 0.404, 'redemption_match': 1.0, 'points_eligibility': 1.0, 'cart_affinity': 0.82, 'demographic_match': 0.5}","{'recency_boost': False, 'tier_multiplier': False}"
CUST0486,Standard,Fuel,1,OFFER007,Dairy Reward #7,Dairy,Both,15Free item,58.79,"{'transaction_affinity': 0.043, 'redemption_match': 0.7, 'points_eligibility': 1.0, 'cart_affinity': 1.0, 'demographic_match': 0.5}","{'recency_boost': False, 'tier_multiplier': False}"
CUST0486,Standard,Fuel,2,OFFER014,Dairy Reward #14,Dairy,Both,50$ off,58.79,"{'transaction_affinity': 0.043, 'redemption_match': 0.7, 'points_eligibility': 1.0, 'cart_affinity': 1.0, 'demographic_match': 0.5}","{'recency_boost': False, 'tier_multiplier': False}"
CUST0486,Standard,Fuel,3,OFFER012,Produce Reward #12,Produce,Both,15$ off,58.16,"{'transaction_affinity': 0.022, 'redemption_match': 0.7, 'points_eligibility': 1.0, 'cart_affinity': 1.0, 'demographic_match': 0.5}","{'recency_boost': False, 'tier_multiplier': False}"
CUST0487,4U+,Fuel,1,OFFER020,Beverages Reward #20,Beverages,Grocery,5Free item,69.37,"{'transaction_affinity': 0.125, 'redemption_match': 0.1, 'points_eligibility': 1.0, 'cart_affinity': 1.0, 'demographic_match': 0.5}","{'recency_boost': False, 'tier_multiplier': True}"
CUST0487,4U+,Fuel,2,OFFER011,Dairy Reward #11,Dairy,Grocery,5Free item,68.81,"{'transaction_affinity': 0.013, 'redemption_match': 0.1, 'points_eligibility': 1.0, 'cart_affinity': 1.0, 'demographic_match': 0.8}","{'recency_boost': False, 'tier_multiplier': True}"
CUST0487,4U+,Fuel,3,OFFER008,Produce Reward #8,Produce,Grocery,25% off,68.25,"{'transaction_affinity': 0.0, 'redemption_match': 0.1, 'points_eligibility': 1.0, 'cart_affinity': 1.0, 'demographic_match': 0.8}","{'recency_boost': False, 'tier_multiplier': True}"
CUST0488,Standard,Fuel,1,OFFER004,Beverages Reward #4,Beverages,Both,50% off,60.27,"{'transaction_affinity': 0.092, 'redemption_match': 0.7, 'points_eligibility': 1.0, 'cart_affinity': 1.0, 'demographic_match': 0.5}","{'recency_boost': False, 'tier_multiplier': False}"
CUST0488,Standard,Fuel,2,OFFER006,Beverages Reward #6,Beverages,Both,50Fuel cents/L,60.27,"{'transaction_affinity': 0.092, 'redemption_match': 0.7, 'points_eligibility': 1.0, 'cart_affinity': 1.0, 'demographic_match': 0.5}","{'recency_boost': False, 'tier_multiplier': False}"
CUST0488,Standard,Fuel,3,OFFER018,Beverages Reward #18,Beverages,Both,50$ off,60.27,"{'transaction_affinity': 0.092, 'redemption_match': 0.7, 'points_eligibility': 1.0, 'cart_affinity': 1.0, 'demographic_match': 0.5}","{'recency_boost': False, 'tier_multiplier': False}"
CUST0489,4U+,Fuel,1,OFFER008,Produce Reward #8,Produce,Grocery,25% off,76.4,"{'transaction_affinity': 0.281, 'redemption_match': 0.1, 'points_eligibility': 1.0, 'cart_affinity': 1.0, 'demographic_match': 0.5}","{'recency_boost': False, 'tier_multiplier': True}"
CUST0489,4U+,Fuel,2,OFFER005,Produce Reward #5,Produce,eCommerce,5$ off,72.65,"{'transaction_affinity': 0.281, 'redemption_match': 0.6, 'points_eligibility': 1.0, 'cart_affinity': 0.0, 'demographic_match': 0.5}","{'recency_boost': False, 'tier_multiplier': True}"
CUST0489,4U+,Fuel,3,OFFER020,Beverages Reward #20,Beverages,Grocery,5Free item,70.23,"{'transaction_affinity': 0.144, 'redemption_match': 0.1, 'points_eligibility': 1.0, 'cart_affinity': 1.0, 'demographic_match': 0.5}","{'recency_boost': False, 'tier_multiplier': True}"
CUST0490,Standard,Fuel,1,OFFER004,Beverages Reward #4,Beverages,Both,50% off,71.37,"{'transaction_affinity': 0.066, 'redemption_match': 0.7, 'points_eligibility': 1.0, 'cart_affinity': 1.0, 'demographic_match': 0.5}","{'recency_boost': True, 'tier_multiplier': False}"
CUST0490,Standard,Fuel,2,OFFER006,Beverages Reward #6,Beverages,Both,50Fuel cents/L,71.37,"{'transaction_affinity': 0.066, 'redemption_match': 0.7, 'points_eligibility': 1.0, 'cart_affinity': 1.0, 'demographic_match': 0.5}","{'recency_boost': True, 'tier_multiplier': False}"
CUST0490,Standard,Fuel,3,OFFER018,Beverages Reward #18,Beverages,Both,50$ off,71.37,"{'transaction_affinity': 0.066, 'redemption_match': 0.7, 'points_eligibility': 1.0, 'cart_affinity': 1.0, 'demographic_match': 0.5}","{'recency_boost': True, 'tier_multiplier': False}"
CUST0491,Standard,Grocery,1,OFFER003,Dairy Reward #3,Dairy,Grocery,50$ off,70.51,"{'transaction_affinity': 0.184, 'redemption_match': 1.0, 'points_eligibility': 1.0, 'cart_affinity': 1.0, 'demographic_match': 0.5}","{'recency_boost': False, 'tier_multiplier': False}"
CUST0491,Standard,Grocery,2,OFFER011,Dairy Reward #11,Dairy,Grocery,5Free item,70.51,"{'transaction_affinity': 0.184, 'redemption_match': 1.0, 'points_eligibility': 1.0, 'cart_affinity': 1.0, 'demographic_match': 0.5}","{'recency_boost': False, 'tier_multiplier': False}"
CUST0491,Standard,Grocery,3,OFFER008,Produce Reward #8,Produce,Grocery,25% off,69.43,"{'transaction_affinity': 0.148, 'redemption_match': 1.0, 'points_eligibility': 1.0, 'cart_affinity': 1.0, 'demographic_match': 0.5}","{'recency_boost': False, 'tier_multiplier': False}"
CUST0492,Standard,Fuel,1,OFFER004,Beverages Reward #4,Beverages,Both,50% off,57.5,"{'transaction_affinity': 0.0, 'redemption_match': 0.7, 'points_eligibility': 1.0, 'cart_affinity': 1.0, 'demographic_match': 0.5}","{'recency_boost': False, 'tier_multiplier': False}"
CUST0492,Standard,Fuel,2,OFFER006,Beverages Reward #6,Beverages,Both,50Fuel cents/L,57.5,"{'transaction_affinity': 0.0, 'redemption_match': 0.7, 'points_eligibility': 1.0, 'cart_affinity': 1.0, 'demographic_match': 0.5}","{'recency_boost': False, 'tier_multiplier': False}"
CUST0492,Standard,Fuel,3,OFFER007,Dairy Reward #7,Dairy,Both,15Free item,57.5,"{'transaction_affinity': 0.0, 'redemption_match': 0.7, 'points_eligibility': 1.0, 'cart_affinity': 1.0, 'demographic_match': 0.5}","{'recency_boost': False, 'tier_multiplier': False}"
CUST0493,4U+,Grocery,1,OFFER008,Produce Reward #8,Produce,Grocery,25% off,100.0,"{'transaction_affinity': 0.093, 'redemption_match': 1.0, 'points_eligibility': 1.0, 'cart_affinity': 1.0, 'demographic_match': 0.8}","{'recency_boost': False, 'tier_multiplier': True}"
CUST0493,4U+,Grocery,2,OFFER011,Dairy Reward #11,Dairy,Grocery,5Free item,100.0,"{'transaction_affinity': 0.377, 'redemption_match': 1.0, 'points_eligibility': 1.0, 'cart_affinity': 1.0, 'demographic_match': 0.8}","{'recency_boost': False, 'tier_multiplier': True}"
CUST0493,4U+,Grocery,3,OFFER020,Beverages Reward #20,Beverages,Grocery,5Free item,100.0,"{'transaction_affinity': 0.201, 'redemption_match': 1.0, 'points_eligibility': 1.0, 'cart_affinity': 1.0, 'demographic_match': 0.5}","{'recency_boost': False, 'tier_multiplier': True}"
CUST0494,Standard,Grocery,1,OFFER003,Dairy Reward #3,Dairy,Grocery,50$ off,68.36,"{'transaction_affinity': 0.262, 'redemption_match': 1.0, 'points_eligibility': 1.0, 'cart_affinity': 0.7, 'demographic_match': 0.5}","{'recency_boost': False, 'tier_multiplier': False}"
CUST0494,Standard,Grocery,2,OFFER011,Dairy Reward #11,Dairy,Grocery,5Free item,68.36,"{'transaction_affinity': 0.262, 'redemption_match': 1.0, 'points_eligibility': 1.0, 'cart_affinity': 0.7, 'demographic_match': 0.5}","{'recency_boost': False, 'tier_multiplier': False}"
CUST0494,Standard,Grocery,3,OFFER009,Bakery Reward #9,Bakery,Grocery,25% off,67.51,"{'transaction_affinity': 0.234, 'redemption_match': 1.0, 'points_eligibility': 1.0, 'cart_affinity': 0.7, 'demographic_match': 0.5}","{'recency_boost': False, 'tier_multiplier': False}"
CUST0495,Standard,Grocery,1,OFFER001,Grocery Reward #1,Grocery,eCommerce,10Fuel cents/L,77.43,"{'transaction_affinity': 0.698, 'redemption_match': 0.9, 'points_eligibility': 1.0, 'cart_affinity': 0.6, 'demographic_match': 0.5}","{'recency_boost': False, 'tier_multiplier': False}"
CUST0495,Standard,Grocery,2,OFFER013,Grocery Reward #13,Grocery,eCommerce,10% off,77.43,"{'transaction_affinity': 0.698, 'redemption_match': 0.9, 'points_eligibility': 1.0, 'cart_affinity': 0.6, 'demographic_match': 0.5}","{'recency_boost': False, 'tier_multiplier': False}"
CUST0495,Standard,Grocery,3,OFFER009,Bakery Reward #9,Bakery,Grocery,25% off,70.21,"{'transaction_affinity': 0.264, 'redemption_match': 1.0, 'points_eligibility': 1.0, 'cart_affinity': 0.82, 'demographic_match': 0.5}","{'recency_boost': False, 'tier_multiplier': False}"
CUST0496,Standard,Fuel,1,OFFER012,Produce Reward #12,Produce,Both,15$ off,78.22,"{'transaction_affinity': 0.156, 'redemption_match': 0.7, 'points_eligibility': 1.0, 'cart_affinity': 1.0, 'demographic_match': 0.8}","{'recency_boost': True, 'tier_multiplier': False}"
CUST0496,Standard,Fuel,2,OFFER019,Produce Reward #19,Produce,Both,5% off,78.22,"{'transaction_affinity': 0.156, 'redemption_match': 0.7, 'points_eligibility': 1.0, 'cart_affinity': 1.0, 'demographic_match': 0.8}","{'recency_boost': True, 'tier_multiplier': False}"
CUST0496,Standard,Fuel,3,OFFER007,Dairy Reward #7,Dairy,Both,15Free item,76.76,"{'transaction_affinity': 0.115, 'redemption_match': 0.7, 'points_eligibility': 1.0, 'cart_affinity': 1.0, 'demographic_match': 0.8}","{'recency_boost': True, 'tier_multiplier': False}"
CUST0497,Standard,Grocery,1,OFFER003,Dairy Reward #3,Dairy,Grocery,50$ off,78.68,"{'transaction_affinity': 0.386, 'redemption_match': 1.0, 'points_eligibility': 1.0, 'cart_affinity': 0.94, 'demographic_match': 0.8}","{'recency_boost': False, 'tier_multiplier': False}"
CUST0497,Standard,Grocery,2,OFFER011,Dairy Reward #11,Dairy,Grocery,5Free item,78.68,"{'transaction_affinity': 0.386, 'redemption_match': 1.0, 'points_eligibility': 1.0, 'cart_affinity': 0.94, 'demographic_match': 0.8}","{'recency_boost': False, 'tier_multiplier': False}"
CUST0497,Standard,Grocery,3,OFFER007,Dairy Reward #7,Dairy,Both,15Free item,71.18,"{'transaction_affinity': 0.386, 'redemption_match': 0.7, 'points_eligibility': 1.0, 'cart_affinity': 0.94, 'demographic_match': 0.8}","{'recency_boost': False, 'tier_multiplier': False}"
CUST0498,Standard,Grocery,1,OFFER009,Bakery Reward #9,Bakery,Grocery,25% off,71.4,"{'transaction_affinity': 0.273, 'redemption_match': 1.0, 'points_eligibility': 1.0, 'cart_affinity': 0.88, 'demographic_match': 0.5}","{'recency_boost': False, 'tier_multiplier': False}"
CUST0498,Standard,Grocery,2,OFFER003,Dairy Reward #3,Dairy,Grocery,50$ off,69.81,"{'transaction_affinity': 0.22, 'redemption_match': 1.0, 'points_eligibility': 1.0, 'cart_affinity': 0.88, 'demographic_match': 0.5}","{'recency_boost': False, 'tier_multiplier': False}"
CUST0498,Standard,Grocery,3,OFFER011,Dairy Reward #11,Dairy,Grocery,5Free item,69.81,"{'transaction_affinity': 0.22, 'redemption_match': 1.0, 'points_eligibility': 1.0, 'cart_affinity': 0.88, 'demographic_match': 0.5}","{'recency_boost': False, 'tier_multiplier': False}"
CUST0499,Standard,Grocery,1,OFFER001,Grocery Reward #1,Grocery,eCommerce,10Fuel cents/L,69.56,"{'transaction_affinity': 0.235, 'redemption_match': 0.9, 'points_eligibility': 1.0, 'cart_affinity': 1.0, 'demographic_match': 0.5}","{'recency_boost': False, 'tier_multiplier': False}"
CUST0499,Standard,Grocery,2,OFFER013,Grocery Reward #13,Grocery,eCommerce,10% off,69.56,"{'transaction_affinity': 0.235, 'redemption_match': 0.9, 'points_eligibility': 1.0, 'cart_affinity': 1.0, 'demographic_match': 0.5}","{'recency_boost': False, 'tier_multiplier': False}"
CUST0499,Standard,Grocery,3,OFFER005,Produce Reward #5,Produce,eCommerce,5$ off,67.6,"{'transaction_affinity': 0.17, 'redemption_match': 0.9, 'points_eligibility': 1.0, 'cart_affinity': 1.0, 'demographic_match': 0.5}","{'recency_boost': False, 'tier_multiplier': False}"
CUST0500,Standard,Grocery,1,OFFER003,Dairy Reward #3,Dairy,Grocery,50$ off,80.24,"{'transaction_affinity': 0.438, 'redemption_match': 1.0, 'points_eligibility': 1.0, 'cart_affinity': 0.94, 'demographic_match': 0.8}","{'recency_boost': False, 'tier_multiplier': False}"
CUST0500,Standard,Grocery,2,OFFER011,Dairy Reward #11,Dairy,Grocery,5Free item,80.24,"{'transaction_affinity': 0.438, 'redemption_match': 1.0, 'points_eligibility': 1.0, 'cart_affinity': 0.94, 'demographic_match': 0.8}","{'recency_boost': False, 'tier_multiplier': False}"
CUST0500,Standard,Grocery,3,OFFER008,Produce Reward #8,Produce,Grocery,25% off,73.07,"{'transaction_affinity': 0.199, 'redemption_match': 1.0, 'points_eligibility': 1.0, 'cart_affinity': 0.94, 'demographic_match': 0.8}","{'recency_boost': False, 'tier_multiplier': False}"
